Workbook

Sheet Readme
B3: Spreadsheet giving details about the various input parameters used in the ITHIM Global run for Bogotá, note that any distribution parameters used for running ITHIM-Global in sampling mode are omitted
B5: blue cells | C5: contain formula
B6: green cells | C6: need manual filling in
B10: Tab name | C10: Description
B11: all_city_parameter_inputs | C11: Table detailing all the city specific parameters which are read in during an ITHIM-Global run
B12: All_city_list | C12: List of all city specific parameters including their source and and explanation of what the parameter does. Takes its values from all_city_parameter_inputs and Default tabs. Parameter explanations and sources are added manually. To add a new city, add the city to the all_city_parameter_inputs tab (new column) and copy down the blue cells of the last populated row. If the structure of all_city_parameter_inputs is changed, i.e. if parameters are added or deleted, add or delete rows for all cities to ensure the parameter descriptions and references are still in line with the correct parameter. The input values from all_city_parameter_inputs are currently being read based on their row and column value.
B13: all_global_parameter_inputs | C13: Details the global parameters, used as input file for ITHIM runs.
B14: All_global_list | C14: Details the values of the global parameters, i.e. the values that are not city specific. Reads values from all_global_parameter_inputs tab and Default tab and gives further information of where these values come from.
B15: Default | C15: List default values for all parameters, parameter explanations added to this tab are used in All_city_list
B16: Further_input_files | C16: Details where the additional input files needed for an ITHIM run can be found within the ITHIM-Global R package
B17: Grouped_sources | C17: Lookup table that shows from which city input parameter information on the all_city_list tab can be copied for other cities
B18: Lookup | C18: table linking different parameter names and classifications
B19: Safety in Numbers | C19: Details how the safety in numbers parameters were derived
B23: Document history
B24: version | C24: Changes made | D24: Author | E24: Date
B25: v0.1 | C25: Initial set-up based on InputParameters_v35.1 | D25: AKS | E25: 45175
B26: v1.0 | C26: Changed the retirement ages of bus, truck and commercial motorcycle drivers | D26: AKS | E26: 45272
B27: v1.01 | C27: update MET values for light activity | D27: LT | E27: 21/03/2024
B28: v1.02 | C28: update CO2 from EDGAR database. The values come from: https://github.com/ITHIM/CO2_EDGAR_2018/blob/main/output/CO2_2018_ALL_cities.csv | D28: AA | E28: 45455
B29: v2.0 | C29: Removed backround_pa_confidence, PM_emissions_confidence and CO2_emissions_confidence parameter values as not needed for constant model run, updated cycling MET source, set minimum_pt_time to 5 | D29: AKS | E29: 45484
B30: v2.1 | C30: Introduced a new parameter called TREAT_TAXI_AS_CAR, which treats taxis as cars (and essentially adds taxi's distance to car/car_driver) | D30: AA | E30: 45488
B31: v2.2 | C31: Set TREAT_TAXI_AS_CAR to FALSE | D31: AA | E31: 45489
B32: v3.0 | C32: updated the SIN coefficients using the random effects values from the meta analysis | D32: AKS | E32: 45491
B33: v3.1 | C33: Replaced big_truck with heavy_truck | D33: AA | E33: 45495
B34: v3.2 | C34: Set auto_rickshaw speed to 4, same as default speed in model | D34: AKS | E34: 45496
B35: v3.3 | C35: Updated references | D35: AKS | E35: 45496
B36: v3.4 | C36: added TREAT_TAXI_AS_CAR parameter to entire spreadsheet | D36: AKS | E36: 45531
B37: v4.0 | C37: converted MET to MMET input parameters | D37: AKS | E37: 45539
B38: V5.0 | C38: ITHIM Simple stripped down version with only handful parameters. Also, note injury module is turned off | D38: AA | E38: 22/4/2025

Sheet all_city_parameter_inputs
A1: parameter | B1: detail | C1: bogota
A2: speeds | B2: auto_rickshaw | C2: 4
B3: bus | C3: 8.1
B4: car | C4: 13.8
B5: cycle | C5: 7.2
B6: subway | C6: 18.1
B7: motorcycle | C7: 15.2
B8: other | C8: 9.1
B9: pedestrian | C9: 2.5
B10: rail | C10: 21.9
B11: taxi | C11: 12.56
B12: truck | C12: 8.1
B13: van | C13: 13.8
A14: PM_emission_inventories | B14: motorcycle | C14: 0.0023031654
B15: car | C15: 0.081980353
B16: bus_driver | C16: 0.12246677
B17: heavy_truck | C17: 0.45445404
B18: truck | C18: 0.33879567
B19: van | C19: 0
B20: other | C20: 0
B21: taxi | C21: 0
B22: auto_rickshaw | C22: 0
A23: pm_conc_base | B23: constant | C23: 12.69
B24: mean | C24: 12.505832
B25: sd | C25: 1.1864818
A26: pm_trans_share | B26: constant | C26: 0.42
B27: alpha | C27: 12.48205
B28: beta | C28: 17.237117
A29: CO2_emission_inventories | B29: motorcycle | C29: 3340.8173
B30: car | C30: 278221.04
B31: bus_driver | C31: 163823.92
B32: heavy_truck | C32: 1033752.2
B33: truck | C33: 371604.37
B34: van
B35: other
B36: taxi
B37: auto_rickshaw
A38: country | C38: Colombia
A39: continent | C39: Latin_America

Sheet All_city_list
A1: List of parameters found in all_city_parameter_inputs | L1: Values that have been entered manually
L2: Values read in from other locations
A3: Location column | B3: Row location | C3: Default lookup | D3: Grouped sources lookup | E3: Location | F3: Parameter | G3: Detail | H3: Value | I3: Default value | J3: Classification | K3: Description | L3: Location of data (e.g. in v-drive, web link) | M3: Source of data | N3: Comments
A4: 3 | B4: 2 | C4: =IF(G4 = "",F4,IF(OR(G4="alpha",G4="beta",G4="constant",G4="sd",G4="mean",G4="sample"),F4,F4&" "&G4)) -> speeds auto_rickshaw | D4: =F4&"_"&E4 -> speeds_bogota | E4: {=INDIRECT(ADDRESS(1,A4,1,1,"all_city_parameter_inputs"))} -> bogota | F4: {=IF(AND(ISBLANK(INDIRECT(ADDRESS(B4,2,1,1,"all_city_parameter_inputs"))), ISBLANK(INDIRECT(ADDRESS(B4,1,1,1,"all_city_parameter_inputs")))), "", IF(ISBLANK(INDIRECT(ADDRESS(B4,1,1,1,"all_city_parameter_inputs"))), All_city_list!F3,INDIRECT(ADDRESS(B4,1,1,1,"all_city_parameter_inputs"))))} -> speeds | G4: {=IF(AND(ISBLANK(INDIRECT(ADDRESS(B4,3,1,1,"all_city_parameter_inputs"))),ISBLANK(INDIRECT(ADDRESS(B4,2,1,1,"all_city_parameter_inputs")))),"",IF(ISBLANK(INDIRECT(ADDRESS(B4,2,1,1,"all_city_parameter_inputs"))),"",INDIRECT(ADDRESS(B4,2,1,1,"all_city_parameter_inputs"))))} -> auto_rickshaw | H4: {=IF(ISBLANK(INDIRECT(ADDRESS(B4,A4,1,1,"all_city_parameter_inputs"))), "--",INDIRECT(ADDRESS(B4,A4,1,1,"all_city_parameter_inputs")))} -> 4 | I4: =IF(OR(G4="alpha",G4="beta",G4="sd",G4="mean"),"--",VLOOKUP(C4,Default!$B$5:$H$114,7,FALSE())) -> 4 | J4: =VLOOKUP(F4,Lookup!$C$5:$D$110,2, FALSE()) -> Travel values | K4: =VLOOKUP(C4,Default!$B$4:$E$114,4, FALSE()) -> 0 | M4: average speeds between London and Delhi travel surveys and where the speeds for Delhi are higher than those for London, the London speeds are chosen
A5: 3 | B5: 3 | C5: =IF(G5 = "",F5,IF(OR(G5="alpha",G5="beta",G5="constant",G5="sd",G5="mean",G5="sample"),F5,F5&" "&G5)) -> speeds bus | D5: =F5&"_"&E5 -> speeds_bogota | E5: {=INDIRECT(ADDRESS(1,A5,1,1,"all_city_parameter_inputs"))} -> bogota | F5: {=IF(AND(ISBLANK(INDIRECT(ADDRESS(B5,2,1,1,"all_city_parameter_inputs"))), ISBLANK(INDIRECT(ADDRESS(B5,1,1,1,"all_city_parameter_inputs")))), "", IF(ISBLANK(INDIRECT(ADDRESS(B5,1,1,1,"all_city_parameter_inputs"))), All_city_list!F4,INDIRECT(ADDRESS(B5,1,1,1,"all_city_parameter_inputs"))))} -> speeds | G5: {=IF(AND(ISBLANK(INDIRECT(ADDRESS(B5,3,1,1,"all_city_parameter_inputs"))),ISBLANK(INDIRECT(ADDRESS(B5,2,1,1,"all_city_parameter_inputs")))),"",IF(ISBLANK(INDIRECT(ADDRESS(B5,2,1,1,"all_city_parameter_inputs"))),"",INDIRECT(ADDRESS(B5,2,1,1,"all_city_parameter_inputs"))))} -> bus | H5: {=IF(ISBLANK(INDIRECT(ADDRESS(B5,A5,1,1,"all_city_parameter_inputs"))), "--",INDIRECT(ADDRESS(B5,A5,1,1,"all_city_parameter_inputs")))} -> 8.1 | I5: =IF(OR(G5="alpha",G5="beta",G5="sd",G5="mean"),"--",VLOOKUP(C5,Default!$B$5:$H$114,7,FALSE())) -> 8.1 | J5: =VLOOKUP(F5,Lookup!$C$5:$D$110,2, FALSE()) -> Travel values | K5: =VLOOKUP(C5,Default!$B$4:$E$114,4, FALSE()) -> - Speeds in km/h used for different vehicle categories - It is used in "add_ghost_trips" to add new trips taken by no one. - It is used to complete trip distance and duration (function "complete_trip_distance_duration"). - It us used to recompute distances when reassigning new trips for scenarios (function "create_cycle_scenarios", "create_max_mode_share_scenarios", "create_scenario") | L5: =IF(ISNA(VLOOKUP($D5,Grouped_Sources!$C:$C,1,FALSE())),"", INDIRECT(VLOOKUP($D5,Grouped_Sources!$C:$I,5,FALSE()))) -> 0 | M5: {=IF(ISNA(VLOOKUP($D5,Grouped_Sources!$C:$C,1,FALSE())),"", INDIRECT(VLOOKUP($D5,Grouped_Sources!$C:$I,6,FALSE())))} -> average speeds between London and Delhi travel surveys and where the speeds for Delhi are higher than those for London, the London speeds are chosen | N5: =IF(ISNA(VLOOKUP($D5,Grouped_Sources!$C:$C,1,FALSE())),"", INDIRECT(VLOOKUP($D5,Grouped_Sources!$C:$I,7,FALSE()))) -> 0
A6: 3 | B6: 4 | C6: =IF(G6 = "",F6,IF(OR(G6="alpha",G6="beta",G6="constant",G6="sd",G6="mean",G6="sample"),F6,F6&" "&G6)) -> speeds car | D6: =F6&"_"&E6 -> speeds_bogota | E6: {=INDIRECT(ADDRESS(1,A6,1,1,"all_city_parameter_inputs"))} -> bogota | F6: {=IF(AND(ISBLANK(INDIRECT(ADDRESS(B6,2,1,1,"all_city_parameter_inputs"))), ISBLANK(INDIRECT(ADDRESS(B6,1,1,1,"all_city_parameter_inputs")))), "", IF(ISBLANK(INDIRECT(ADDRESS(B6,1,1,1,"all_city_parameter_inputs"))), All_city_list!F5,INDIRECT(ADDRESS(B6,1,1,1,"all_city_parameter_inputs"))))} -> speeds | G6: {=IF(AND(ISBLANK(INDIRECT(ADDRESS(B6,3,1,1,"all_city_parameter_inputs"))),ISBLANK(INDIRECT(ADDRESS(B6,2,1,1,"all_city_parameter_inputs")))),"",IF(ISBLANK(INDIRECT(ADDRESS(B6,2,1,1,"all_city_parameter_inputs"))),"",INDIRECT(ADDRESS(B6,2,1,1,"all_city_parameter_inputs"))))} -> car | H6: {=IF(ISBLANK(INDIRECT(ADDRESS(B6,A6,1,1,"all_city_parameter_inputs"))), "--",INDIRECT(ADDRESS(B6,A6,1,1,"all_city_parameter_inputs")))} -> 13.8 | I6: =IF(OR(G6="alpha",G6="beta",G6="sd",G6="mean"),"--",VLOOKUP(C6,Default!$B$5:$H$114,7,FALSE())) -> 13.8 | J6: =VLOOKUP(F6,Lookup!$C$5:$D$110,2, FALSE()) -> Travel values | K6: =VLOOKUP(C6,Default!$B$4:$E$114,4, FALSE()) -> 0 | L6: =IF(ISNA(VLOOKUP($D6,Grouped_Sources!$C:$C,1,FALSE())),"", INDIRECT(VLOOKUP($D6,Grouped_Sources!$C:$I,5,FALSE()))) -> 0 | M6: {=IF(ISNA(VLOOKUP($D6,Grouped_Sources!$C:$C,1,FALSE())),"", INDIRECT(VLOOKUP($D6,Grouped_Sources!$C:$I,6,FALSE())))} -> average speeds between London and Delhi travel surveys and where the speeds for Delhi are higher than those for London, the London speeds are chosen | N6: =IF(ISNA(VLOOKUP($D6,Grouped_Sources!$C:$C,1,FALSE())),"", INDIRECT(VLOOKUP($D6,Grouped_Sources!$C:$I,7,FALSE()))) -> 0
A7: 3 | B7: 5 | C7: =IF(G7 = "",F7,IF(OR(G7="alpha",G7="beta",G7="constant",G7="sd",G7="mean",G7="sample"),F7,F7&" "&G7)) -> speeds cycle | D7: =F7&"_"&E7 -> speeds_bogota | E7: {=INDIRECT(ADDRESS(1,A7,1,1,"all_city_parameter_inputs"))} -> bogota | F7: {=IF(AND(ISBLANK(INDIRECT(ADDRESS(B7,2,1,1,"all_city_parameter_inputs"))), ISBLANK(INDIRECT(ADDRESS(B7,1,1,1,"all_city_parameter_inputs")))), "", IF(ISBLANK(INDIRECT(ADDRESS(B7,1,1,1,"all_city_parameter_inputs"))), All_city_list!F6,INDIRECT(ADDRESS(B7,1,1,1,"all_city_parameter_inputs"))))} -> speeds | G7: {=IF(AND(ISBLANK(INDIRECT(ADDRESS(B7,3,1,1,"all_city_parameter_inputs"))),ISBLANK(INDIRECT(ADDRESS(B7,2,1,1,"all_city_parameter_inputs")))),"",IF(ISBLANK(INDIRECT(ADDRESS(B7,2,1,1,"all_city_parameter_inputs"))),"",INDIRECT(ADDRESS(B7,2,1,1,"all_city_parameter_inputs"))))} -> cycle | H7: {=IF(ISBLANK(INDIRECT(ADDRESS(B7,A7,1,1,"all_city_parameter_inputs"))), "--",INDIRECT(ADDRESS(B7,A7,1,1,"all_city_parameter_inputs")))} -> 7.2 | I7: =IF(OR(G7="alpha",G7="beta",G7="sd",G7="mean"),"--",VLOOKUP(C7,Default!$B$5:$H$114,7,FALSE())) -> 7.2 | J7: =VLOOKUP(F7,Lookup!$C$5:$D$110,2, FALSE()) -> Travel values | K7: =VLOOKUP(C7,Default!$B$4:$E$114,4, FALSE()) -> 0 | L7: =IF(ISNA(VLOOKUP($D7,Grouped_Sources!$C:$C,1,FALSE())),"", INDIRECT(VLOOKUP($D7,Grouped_Sources!$C:$I,5,FALSE()))) -> 0 | M7: {=IF(ISNA(VLOOKUP($D7,Grouped_Sources!$C:$C,1,FALSE())),"", INDIRECT(VLOOKUP($D7,Grouped_Sources!$C:$I,6,FALSE())))} -> average speeds between London and Delhi travel surveys and where the speeds for Delhi are higher than those for London, the London speeds are chosen | N7: =IF(ISNA(VLOOKUP($D7,Grouped_Sources!$C:$C,1,FALSE())),"", INDIRECT(VLOOKUP($D7,Grouped_Sources!$C:$I,7,FALSE()))) -> 0
A8: 3 | B8: 6 | C8: =IF(G8 = "",F8,IF(OR(G8="alpha",G8="beta",G8="constant",G8="sd",G8="mean",G8="sample"),F8,F8&" "&G8)) -> speeds subway | D8: =F8&"_"&E8 -> speeds_bogota | E8: {=INDIRECT(ADDRESS(1,A8,1,1,"all_city_parameter_inputs"))} -> bogota | F8: {=IF(AND(ISBLANK(INDIRECT(ADDRESS(B8,2,1,1,"all_city_parameter_inputs"))), ISBLANK(INDIRECT(ADDRESS(B8,1,1,1,"all_city_parameter_inputs")))), "", IF(ISBLANK(INDIRECT(ADDRESS(B8,1,1,1,"all_city_parameter_inputs"))), All_city_list!F7,INDIRECT(ADDRESS(B8,1,1,1,"all_city_parameter_inputs"))))} -> speeds | G8: {=IF(AND(ISBLANK(INDIRECT(ADDRESS(B8,3,1,1,"all_city_parameter_inputs"))),ISBLANK(INDIRECT(ADDRESS(B8,2,1,1,"all_city_parameter_inputs")))),"",IF(ISBLANK(INDIRECT(ADDRESS(B8,2,1,1,"all_city_parameter_inputs"))),"",INDIRECT(ADDRESS(B8,2,1,1,"all_city_parameter_inputs"))))} -> subway | H8: {=IF(ISBLANK(INDIRECT(ADDRESS(B8,A8,1,1,"all_city_parameter_inputs"))), "--",INDIRECT(ADDRESS(B8,A8,1,1,"all_city_parameter_inputs")))} -> 18.1 | I8: =IF(OR(G8="alpha",G8="beta",G8="sd",G8="mean"),"--",VLOOKUP(C8,Default!$B$5:$H$114,7,FALSE())) -> 18.1 | J8: =VLOOKUP(F8,Lookup!$C$5:$D$110,2, FALSE()) -> Travel values | K8: =VLOOKUP(C8,Default!$B$4:$E$114,4, FALSE()) -> 0 | L8: =IF(ISNA(VLOOKUP($D8,Grouped_Sources!$C:$C,1,FALSE())),"", INDIRECT(VLOOKUP($D8,Grouped_Sources!$C:$I,5,FALSE()))) -> 0 | M8: {=IF(ISNA(VLOOKUP($D8,Grouped_Sources!$C:$C,1,FALSE())),"", INDIRECT(VLOOKUP($D8,Grouped_Sources!$C:$I,6,FALSE())))} -> average speeds between London and Delhi travel surveys and where the speeds for Delhi are higher than those for London, the London speeds are chosen | N8: =IF(ISNA(VLOOKUP($D8,Grouped_Sources!$C:$C,1,FALSE())),"", INDIRECT(VLOOKUP($D8,Grouped_Sources!$C:$I,7,FALSE()))) -> 0
A9: 3 | B9: 7 | C9: =IF(G9 = "",F9,IF(OR(G9="alpha",G9="beta",G9="constant",G9="sd",G9="mean",G9="sample"),F9,F9&" "&G9)) -> speeds motorcycle | D9: =F9&"_"&E9 -> speeds_bogota | E9: {=INDIRECT(ADDRESS(1,A9,1,1,"all_city_parameter_inputs"))} -> bogota | F9: {=IF(AND(ISBLANK(INDIRECT(ADDRESS(B9,2,1,1,"all_city_parameter_inputs"))), ISBLANK(INDIRECT(ADDRESS(B9,1,1,1,"all_city_parameter_inputs")))), "", IF(ISBLANK(INDIRECT(ADDRESS(B9,1,1,1,"all_city_parameter_inputs"))), All_city_list!F8,INDIRECT(ADDRESS(B9,1,1,1,"all_city_parameter_inputs"))))} -> speeds | G9: {=IF(AND(ISBLANK(INDIRECT(ADDRESS(B9,3,1,1,"all_city_parameter_inputs"))),ISBLANK(INDIRECT(ADDRESS(B9,2,1,1,"all_city_parameter_inputs")))),"",IF(ISBLANK(INDIRECT(ADDRESS(B9,2,1,1,"all_city_parameter_inputs"))),"",INDIRECT(ADDRESS(B9,2,1,1,"all_city_parameter_inputs"))))} -> motorcycle | H9: {=IF(ISBLANK(INDIRECT(ADDRESS(B9,A9,1,1,"all_city_parameter_inputs"))), "--",INDIRECT(ADDRESS(B9,A9,1,1,"all_city_parameter_inputs")))} -> 15.2 | I9: =IF(OR(G9="alpha",G9="beta",G9="sd",G9="mean"),"--",VLOOKUP(C9,Default!$B$5:$H$114,7,FALSE())) -> 15.2 | J9: =VLOOKUP(F9,Lookup!$C$5:$D$110,2, FALSE()) -> Travel values | K9: =VLOOKUP(C9,Default!$B$4:$E$114,4, FALSE()) -> 0 | L9: =IF(ISNA(VLOOKUP($D9,Grouped_Sources!$C:$C,1,FALSE())),"", INDIRECT(VLOOKUP($D9,Grouped_Sources!$C:$I,5,FALSE()))) -> 0 | M9: {=IF(ISNA(VLOOKUP($D9,Grouped_Sources!$C:$C,1,FALSE())),"", INDIRECT(VLOOKUP($D9,Grouped_Sources!$C:$I,6,FALSE())))} -> average speeds between London and Delhi travel surveys and where the speeds for Delhi are higher than those for London, the London speeds are chosen | N9: =IF(ISNA(VLOOKUP($D9,Grouped_Sources!$C:$C,1,FALSE())),"", INDIRECT(VLOOKUP($D9,Grouped_Sources!$C:$I,7,FALSE()))) -> 0
A10: 3 | B10: 8 | C10: =IF(G10 = "",F10,IF(OR(G10="alpha",G10="beta",G10="constant",G10="sd",G10="mean",G10="sample"),F10,F10&" "&G10)) -> speeds other | D10: =F10&"_"&E10 -> speeds_bogota | E10: {=INDIRECT(ADDRESS(1,A10,1,1,"all_city_parameter_inputs"))} -> bogota | F10: {=IF(AND(ISBLANK(INDIRECT(ADDRESS(B10,2,1,1,"all_city_parameter_inputs"))), ISBLANK(INDIRECT(ADDRESS(B10,1,1,1,"all_city_parameter_inputs")))), "", IF(ISBLANK(INDIRECT(ADDRESS(B10,1,1,1,"all_city_parameter_inputs"))), All_city_list!F9,INDIRECT(ADDRESS(B10,1,1,1,"all_city_parameter_inputs"))))} -> speeds | G10: {=IF(AND(ISBLANK(INDIRECT(ADDRESS(B10,3,1,1,"all_city_parameter_inputs"))),ISBLANK(INDIRECT(ADDRESS(B10,2,1,1,"all_city_parameter_inputs")))),"",IF(ISBLANK(INDIRECT(ADDRESS(B10,2,1,1,"all_city_parameter_inputs"))),"",INDIRECT(ADDRESS(B10,2,1,1,"all_city_parameter_inputs"))))} -> other | H10: {=IF(ISBLANK(INDIRECT(ADDRESS(B10,A10,1,1,"all_city_parameter_inputs"))), "--",INDIRECT(ADDRESS(B10,A10,1,1,"all_city_parameter_inputs")))} -> 9.1 | I10: =IF(OR(G10="alpha",G10="beta",G10="sd",G10="mean"),"--",VLOOKUP(C10,Default!$B$5:$H$114,7,FALSE())) -> 9.1 | J10: =VLOOKUP(F10,Lookup!$C$5:$D$110,2, FALSE()) -> Travel values | K10: =VLOOKUP(C10,Default!$B$4:$E$114,4, FALSE()) -> 0 | L10: =IF(ISNA(VLOOKUP($D10,Grouped_Sources!$C:$C,1,FALSE())),"", INDIRECT(VLOOKUP($D10,Grouped_Sources!$C:$I,5,FALSE()))) -> 0 | M10: {=IF(ISNA(VLOOKUP($D10,Grouped_Sources!$C:$C,1,FALSE())),"", INDIRECT(VLOOKUP($D10,Grouped_Sources!$C:$I,6,FALSE())))} -> average speeds between London and Delhi travel surveys and where the speeds for Delhi are higher than those for London, the London speeds are chosen | N10: =IF(ISNA(VLOOKUP($D10,Grouped_Sources!$C:$C,1,FALSE())),"", INDIRECT(VLOOKUP($D10,Grouped_Sources!$C:$I,7,FALSE()))) -> 0
A11: 3 | B11: 9 | C11: =IF(G11 = "",F11,IF(OR(G11="alpha",G11="beta",G11="constant",G11="sd",G11="mean",G11="sample"),F11,F11&" "&G11)) -> speeds pedestrian | D11: =F11&"_"&E11 -> speeds_bogota | E11: {=INDIRECT(ADDRESS(1,A11,1,1,"all_city_parameter_inputs"))} -> bogota | F11: {=IF(AND(ISBLANK(INDIRECT(ADDRESS(B11,2,1,1,"all_city_parameter_inputs"))), ISBLANK(INDIRECT(ADDRESS(B11,1,1,1,"all_city_parameter_inputs")))), "", IF(ISBLANK(INDIRECT(ADDRESS(B11,1,1,1,"all_city_parameter_inputs"))), All_city_list!F10,INDIRECT(ADDRESS(B11,1,1,1,"all_city_parameter_inputs"))))} -> speeds | G11: {=IF(AND(ISBLANK(INDIRECT(ADDRESS(B11,3,1,1,"all_city_parameter_inputs"))),ISBLANK(INDIRECT(ADDRESS(B11,2,1,1,"all_city_parameter_inputs")))),"",IF(ISBLANK(INDIRECT(ADDRESS(B11,2,1,1,"all_city_parameter_inputs"))),"",INDIRECT(ADDRESS(B11,2,1,1,"all_city_parameter_inputs"))))} -> pedestrian | H11: {=IF(ISBLANK(INDIRECT(ADDRESS(B11,A11,1,1,"all_city_parameter_inputs"))), "--",INDIRECT(ADDRESS(B11,A11,1,1,"all_city_parameter_inputs")))} -> 2.5 | I11: =IF(OR(G11="alpha",G11="beta",G11="sd",G11="mean"),"--",VLOOKUP(C11,Default!$B$5:$H$114,7,FALSE())) -> 2.5 | J11: =VLOOKUP(F11,Lookup!$C$5:$D$110,2, FALSE()) -> Travel values | K11: =VLOOKUP(C11,Default!$B$4:$E$114,4, FALSE()) -> 0 | L11: =IF(ISNA(VLOOKUP($D11,Grouped_Sources!$C:$C,1,FALSE())),"", INDIRECT(VLOOKUP($D11,Grouped_Sources!$C:$I,5,FALSE()))) -> 0 | M11: {=IF(ISNA(VLOOKUP($D11,Grouped_Sources!$C:$C,1,FALSE())),"", INDIRECT(VLOOKUP($D11,Grouped_Sources!$C:$I,6,FALSE())))} -> average speeds between London and Delhi travel surveys and where the speeds for Delhi are higher than those for London, the London speeds are chosen | N11: =IF(ISNA(VLOOKUP($D11,Grouped_Sources!$C:$C,1,FALSE())),"", INDIRECT(VLOOKUP($D11,Grouped_Sources!$C:$I,7,FALSE()))) -> 0
A12: 3 | B12: 10 | C12: =IF(G12 = "",F12,IF(OR(G12="alpha",G12="beta",G12="constant",G12="sd",G12="mean",G12="sample"),F12,F12&" "&G12)) -> speeds rail | D12: =F12&"_"&E12 -> speeds_bogota | E12: {=INDIRECT(ADDRESS(1,A12,1,1,"all_city_parameter_inputs"))} -> bogota | F12: {=IF(AND(ISBLANK(INDIRECT(ADDRESS(B12,2,1,1,"all_city_parameter_inputs"))), ISBLANK(INDIRECT(ADDRESS(B12,1,1,1,"all_city_parameter_inputs")))), "", IF(ISBLANK(INDIRECT(ADDRESS(B12,1,1,1,"all_city_parameter_inputs"))), All_city_list!F11,INDIRECT(ADDRESS(B12,1,1,1,"all_city_parameter_inputs"))))} -> speeds | G12: {=IF(AND(ISBLANK(INDIRECT(ADDRESS(B12,3,1,1,"all_city_parameter_inputs"))),ISBLANK(INDIRECT(ADDRESS(B12,2,1,1,"all_city_parameter_inputs")))),"",IF(ISBLANK(INDIRECT(ADDRESS(B12,2,1,1,"all_city_parameter_inputs"))),"",INDIRECT(ADDRESS(B12,2,1,1,"all_city_parameter_inputs"))))} -> rail | H12: {=IF(ISBLANK(INDIRECT(ADDRESS(B12,A12,1,1,"all_city_parameter_inputs"))), "--",INDIRECT(ADDRESS(B12,A12,1,1,"all_city_parameter_inputs")))} -> 21.9 | I12: =IF(OR(G12="alpha",G12="beta",G12="sd",G12="mean"),"--",VLOOKUP(C12,Default!$B$5:$H$114,7,FALSE())) -> 21.9 | J12: =VLOOKUP(F12,Lookup!$C$5:$D$110,2, FALSE()) -> Travel values | K12: =VLOOKUP(C12,Default!$B$4:$E$114,4, FALSE()) -> 0 | L12: =IF(ISNA(VLOOKUP($D12,Grouped_Sources!$C:$C,1,FALSE())),"", INDIRECT(VLOOKUP($D12,Grouped_Sources!$C:$I,5,FALSE()))) -> 0 | M12: {=IF(ISNA(VLOOKUP($D12,Grouped_Sources!$C:$C,1,FALSE())),"", INDIRECT(VLOOKUP($D12,Grouped_Sources!$C:$I,6,FALSE())))} -> average speeds between London and Delhi travel surveys and where the speeds for Delhi are higher than those for London, the London speeds are chosen | N12: =IF(ISNA(VLOOKUP($D12,Grouped_Sources!$C:$C,1,FALSE())),"", INDIRECT(VLOOKUP($D12,Grouped_Sources!$C:$I,7,FALSE()))) -> 0
A13: 3 | B13: 11 | C13: =IF(G13 = "",F13,IF(OR(G13="alpha",G13="beta",G13="constant",G13="sd",G13="mean",G13="sample"),F13,F13&" "&G13)) -> speeds taxi | D13: =F13&"_"&E13 -> speeds_bogota | E13: {=INDIRECT(ADDRESS(1,A13,1,1,"all_city_parameter_inputs"))} -> bogota | F13: {=IF(AND(ISBLANK(INDIRECT(ADDRESS(B13,2,1,1,"all_city_parameter_inputs"))), ISBLANK(INDIRECT(ADDRESS(B13,1,1,1,"all_city_parameter_inputs")))), "", IF(ISBLANK(INDIRECT(ADDRESS(B13,1,1,1,"all_city_parameter_inputs"))), All_city_list!F12,INDIRECT(ADDRESS(B13,1,1,1,"all_city_parameter_inputs"))))} -> speeds | G13: {=IF(AND(ISBLANK(INDIRECT(ADDRESS(B13,3,1,1,"all_city_parameter_inputs"))),ISBLANK(INDIRECT(ADDRESS(B13,2,1,1,"all_city_parameter_inputs")))),"",IF(ISBLANK(INDIRECT(ADDRESS(B13,2,1,1,"all_city_parameter_inputs"))),"",INDIRECT(ADDRESS(B13,2,1,1,"all_city_parameter_inputs"))))} -> taxi | H13: {=IF(ISBLANK(INDIRECT(ADDRESS(B13,A13,1,1,"all_city_parameter_inputs"))), "--",INDIRECT(ADDRESS(B13,A13,1,1,"all_city_parameter_inputs")))} -> 12.56 | I13: =IF(OR(G13="alpha",G13="beta",G13="sd",G13="mean"),"--",VLOOKUP(C13,Default!$B$5:$H$114,7,FALSE())) -> 13.8 | J13: =VLOOKUP(F13,Lookup!$C$5:$D$110,2, FALSE()) -> Travel values | K13: =VLOOKUP(C13,Default!$B$4:$E$114,4, FALSE()) -> 0 | L13: =IF(ISNA(VLOOKUP($D13,Grouped_Sources!$C:$C,1,FALSE())),"", INDIRECT(VLOOKUP($D13,Grouped_Sources!$C:$I,5,FALSE()))) -> 0 | M13: {=IF(ISNA(VLOOKUP($D13,Grouped_Sources!$C:$C,1,FALSE())),"", INDIRECT(VLOOKUP($D13,Grouped_Sources!$C:$I,6,FALSE())))} -> average speeds between London and Delhi travel surveys and where the speeds for Delhi are higher than those for London, the London speeds are chosen | N13: =IF(ISNA(VLOOKUP($D13,Grouped_Sources!$C:$C,1,FALSE())),"", INDIRECT(VLOOKUP($D13,Grouped_Sources!$C:$I,7,FALSE()))) -> 0
A14: 3 | B14: 12 | C14: =IF(G14 = "",F14,IF(OR(G14="alpha",G14="beta",G14="constant",G14="sd",G14="mean",G14="sample"),F14,F14&" "&G14)) -> speeds truck | D14: =F14&"_"&E14 -> speeds_bogota | E14: {=INDIRECT(ADDRESS(1,A14,1,1,"all_city_parameter_inputs"))} -> bogota | F14: {=IF(AND(ISBLANK(INDIRECT(ADDRESS(B14,2,1,1,"all_city_parameter_inputs"))), ISBLANK(INDIRECT(ADDRESS(B14,1,1,1,"all_city_parameter_inputs")))), "", IF(ISBLANK(INDIRECT(ADDRESS(B14,1,1,1,"all_city_parameter_inputs"))), All_city_list!F13,INDIRECT(ADDRESS(B14,1,1,1,"all_city_parameter_inputs"))))} -> speeds | G14: {=IF(AND(ISBLANK(INDIRECT(ADDRESS(B14,3,1,1,"all_city_parameter_inputs"))),ISBLANK(INDIRECT(ADDRESS(B14,2,1,1,"all_city_parameter_inputs")))),"",IF(ISBLANK(INDIRECT(ADDRESS(B14,2,1,1,"all_city_parameter_inputs"))),"",INDIRECT(ADDRESS(B14,2,1,1,"all_city_parameter_inputs"))))} -> truck | H14: {=IF(ISBLANK(INDIRECT(ADDRESS(B14,A14,1,1,"all_city_parameter_inputs"))), "--",INDIRECT(ADDRESS(B14,A14,1,1,"all_city_parameter_inputs")))} -> 8.1 | I14: =IF(OR(G14="alpha",G14="beta",G14="sd",G14="mean"),"--",VLOOKUP(C14,Default!$B$5:$H$114,7,FALSE())) -> 8.1 | J14: =VLOOKUP(F14,Lookup!$C$5:$D$110,2, FALSE()) -> Travel values | K14: =VLOOKUP(C14,Default!$B$4:$E$114,4, FALSE()) -> 0 | L14: =IF(ISNA(VLOOKUP($D14,Grouped_Sources!$C:$C,1,FALSE())),"", INDIRECT(VLOOKUP($D14,Grouped_Sources!$C:$I,5,FALSE()))) -> 0 | M14: {=IF(ISNA(VLOOKUP($D14,Grouped_Sources!$C:$C,1,FALSE())),"", INDIRECT(VLOOKUP($D14,Grouped_Sources!$C:$I,6,FALSE())))} -> average speeds between London and Delhi travel surveys and where the speeds for Delhi are higher than those for London, the London speeds are chosen | N14: =IF(ISNA(VLOOKUP($D14,Grouped_Sources!$C:$C,1,FALSE())),"", INDIRECT(VLOOKUP($D14,Grouped_Sources!$C:$I,7,FALSE()))) -> 0
A15: 3 | B15: 13 | C15: =IF(G15 = "",F15,IF(OR(G15="alpha",G15="beta",G15="constant",G15="sd",G15="mean",G15="sample"),F15,F15&" "&G15)) -> speeds van | D15: =F15&"_"&E15 -> speeds_bogota | E15: {=INDIRECT(ADDRESS(1,A15,1,1,"all_city_parameter_inputs"))} -> bogota | F15: {=IF(AND(ISBLANK(INDIRECT(ADDRESS(B15,2,1,1,"all_city_parameter_inputs"))), ISBLANK(INDIRECT(ADDRESS(B15,1,1,1,"all_city_parameter_inputs")))), "", IF(ISBLANK(INDIRECT(ADDRESS(B15,1,1,1,"all_city_parameter_inputs"))), All_city_list!F14,INDIRECT(ADDRESS(B15,1,1,1,"all_city_parameter_inputs"))))} -> speeds | G15: {=IF(AND(ISBLANK(INDIRECT(ADDRESS(B15,3,1,1,"all_city_parameter_inputs"))),ISBLANK(INDIRECT(ADDRESS(B15,2,1,1,"all_city_parameter_inputs")))),"",IF(ISBLANK(INDIRECT(ADDRESS(B15,2,1,1,"all_city_parameter_inputs"))),"",INDIRECT(ADDRESS(B15,2,1,1,"all_city_parameter_inputs"))))} -> van | H15: {=IF(ISBLANK(INDIRECT(ADDRESS(B15,A15,1,1,"all_city_parameter_inputs"))), "--",INDIRECT(ADDRESS(B15,A15,1,1,"all_city_parameter_inputs")))} -> 13.8 | I15: =IF(OR(G15="alpha",G15="beta",G15="sd",G15="mean"),"--",VLOOKUP(C15,Default!$B$5:$H$114,7,FALSE())) -> 13.8 | J15: =VLOOKUP(F15,Lookup!$C$5:$D$110,2, FALSE()) -> Travel values | K15: =VLOOKUP(C15,Default!$B$4:$E$114,4, FALSE()) -> 0 | L15: =IF(ISNA(VLOOKUP($D15,Grouped_Sources!$C:$C,1,FALSE())),"", INDIRECT(VLOOKUP($D15,Grouped_Sources!$C:$I,5,FALSE()))) -> 0 | M15: {=IF(ISNA(VLOOKUP($D15,Grouped_Sources!$C:$C,1,FALSE())),"", INDIRECT(VLOOKUP($D15,Grouped_Sources!$C:$I,6,FALSE())))} -> average speeds between London and Delhi travel surveys and where the speeds for Delhi are higher than those for London, the London speeds are chosen | N15: =IF(ISNA(VLOOKUP($D15,Grouped_Sources!$C:$C,1,FALSE())),"", INDIRECT(VLOOKUP($D15,Grouped_Sources!$C:$I,7,FALSE()))) -> 0
A16: 3 | B16: 14 | C16: =IF(G16 = "",F16,IF(OR(G16="alpha",G16="beta",G16="constant",G16="sd",G16="mean",G16="sample"),F16,F16&" "&G16)) -> PM_emission_inventories motorcycle | D16: =F16&"_"&E16 -> PM_emission_inventories_bogota | E16: {=INDIRECT(ADDRESS(1,A16,1,1,"all_city_parameter_inputs"))} -> bogota | F16: {=IF(AND(ISBLANK(INDIRECT(ADDRESS(B16,2,1,1,"all_city_parameter_inputs"))), ISBLANK(INDIRECT(ADDRESS(B16,1,1,1,"all_city_parameter_inputs")))), "", IF(ISBLANK(INDIRECT(ADDRESS(B16,1,1,1,"all_city_parameter_inputs"))), All_city_list!F5,INDIRECT(ADDRESS(B16,1,1,1,"all_city_parameter_inputs"))))} -> PM_emission_inventories | G16: {=IF(AND(ISBLANK(INDIRECT(ADDRESS(B16,3,1,1,"all_city_parameter_inputs"))),ISBLANK(INDIRECT(ADDRESS(B16,2,1,1,"all_city_parameter_inputs")))),"",IF(ISBLANK(INDIRECT(ADDRESS(B16,2,1,1,"all_city_parameter_inputs"))),"",INDIRECT(ADDRESS(B16,2,1,1,"all_city_parameter_inputs"))))} -> motorcycle | H16: {=IF(ISBLANK(INDIRECT(ADDRESS(B16,A16,1,1,"all_city_parameter_inputs"))), "--",INDIRECT(ADDRESS(B16,A16,1,1,"all_city_parameter_inputs")))} -> 0.0023031654 | I16: =IF(OR(G16="alpha",G16="beta",G16="sd",G16="mean"),"--",VLOOKUP(C16,Default!$B$5:$H$114,7,FALSE())) -> 0.0023031654 | J16: =VLOOKUP(F16,Lookup!$C$5:$D$110,2, FALSE()) -> Pollution values | K16: =VLOOKUP(C16,Default!$B$4:$E$114,4, FALSE()) -> - Used to estimate the PM for scenarios (function "scenario_pm_calculations"). - used as reference to compute confidence around it (function "ithim_setup_parameters"). - used to create VEHICLE_INVENTORY, with speeds, PM and CO2 emissions (function "set_vehicle_inventory"). | L16: https://edgar.jrc.ec.europa.eu/, obtained values based on private correspondence | M16: EDGAR, 2018
A17: 3 | B17: 15 | C17: =IF(G17 = "",F17,IF(OR(G17="alpha",G17="beta",G17="constant",G17="sd",G17="mean",G17="sample"),F17,F17&" "&G17)) -> PM_emission_inventories car | D17: =F17&"_"&E17 -> PM_emission_inventories_bogota | E17: {=INDIRECT(ADDRESS(1,A17,1,1,"all_city_parameter_inputs"))} -> bogota | F17: {=IF(AND(ISBLANK(INDIRECT(ADDRESS(B17,2,1,1,"all_city_parameter_inputs"))), ISBLANK(INDIRECT(ADDRESS(B17,1,1,1,"all_city_parameter_inputs")))), "", IF(ISBLANK(INDIRECT(ADDRESS(B17,1,1,1,"all_city_parameter_inputs"))), All_city_list!F16,INDIRECT(ADDRESS(B17,1,1,1,"all_city_parameter_inputs"))))} -> PM_emission_inventories | G17: {=IF(AND(ISBLANK(INDIRECT(ADDRESS(B17,3,1,1,"all_city_parameter_inputs"))),ISBLANK(INDIRECT(ADDRESS(B17,2,1,1,"all_city_parameter_inputs")))),"",IF(ISBLANK(INDIRECT(ADDRESS(B17,2,1,1,"all_city_parameter_inputs"))),"",INDIRECT(ADDRESS(B17,2,1,1,"all_city_parameter_inputs"))))} -> car | H17: {=IF(ISBLANK(INDIRECT(ADDRESS(B17,A17,1,1,"all_city_parameter_inputs"))), "--",INDIRECT(ADDRESS(B17,A17,1,1,"all_city_parameter_inputs")))} -> 0.081980353 | I17: =IF(OR(G17="alpha",G17="beta",G17="sd",G17="mean"),"--",VLOOKUP(C17,Default!$B$5:$H$114,7,FALSE())) -> 0.081980353 | J17: =VLOOKUP(F17,Lookup!$C$5:$D$110,2, FALSE()) -> Pollution values | K17: =VLOOKUP(C17,Default!$B$4:$E$114,4, FALSE()) -> 0 | L17: {=IF(ISNA(VLOOKUP($D17,Grouped_Sources!$C:$C,1,FALSE())),"", INDIRECT(VLOOKUP($D17,Grouped_Sources!$C:$I,5,FALSE())))} -> https://edgar.jrc.ec.europa.eu/, obtained values based on private correspondence | M17: {=IF(ISNA(VLOOKUP($D17,Grouped_Sources!$C:$C,1,FALSE())),"", INDIRECT(VLOOKUP($D17,Grouped_Sources!$C:$I,6,FALSE())))} -> EDGAR, 2018 | N17: =IF(ISNA(VLOOKUP($D17,Grouped_Sources!$C:$C,1,FALSE())),"", INDIRECT(VLOOKUP($D17,Grouped_Sources!$C:$I,7,FALSE()))) -> 0
A18: 3 | B18: 16 | C18: =IF(G18 = "",F18,IF(OR(G18="alpha",G18="beta",G18="constant",G18="sd",G18="mean",G18="sample"),F18,F18&" "&G18)) -> PM_emission_inventories bus_driver | D18: =F18&"_"&E18 -> PM_emission_inventories_bogota | E18: {=INDIRECT(ADDRESS(1,A18,1,1,"all_city_parameter_inputs"))} -> bogota | F18: {=IF(AND(ISBLANK(INDIRECT(ADDRESS(B18,2,1,1,"all_city_parameter_inputs"))), ISBLANK(INDIRECT(ADDRESS(B18,1,1,1,"all_city_parameter_inputs")))), "", IF(ISBLANK(INDIRECT(ADDRESS(B18,1,1,1,"all_city_parameter_inputs"))), All_city_list!F17,INDIRECT(ADDRESS(B18,1,1,1,"all_city_parameter_inputs"))))} -> PM_emission_inventories | G18: {=IF(AND(ISBLANK(INDIRECT(ADDRESS(B18,3,1,1,"all_city_parameter_inputs"))),ISBLANK(INDIRECT(ADDRESS(B18,2,1,1,"all_city_parameter_inputs")))),"",IF(ISBLANK(INDIRECT(ADDRESS(B18,2,1,1,"all_city_parameter_inputs"))),"",INDIRECT(ADDRESS(B18,2,1,1,"all_city_parameter_inputs"))))} -> bus_driver | H18: {=IF(ISBLANK(INDIRECT(ADDRESS(B18,A18,1,1,"all_city_parameter_inputs"))), "--",INDIRECT(ADDRESS(B18,A18,1,1,"all_city_parameter_inputs")))} -> 0.12246677 | I18: =IF(OR(G18="alpha",G18="beta",G18="sd",G18="mean"),"--",VLOOKUP(C18,Default!$B$5:$H$114,7,FALSE())) -> 0.12246677 | J18: =VLOOKUP(F18,Lookup!$C$5:$D$110,2, FALSE()) -> Pollution values | K18: =VLOOKUP(C18,Default!$B$4:$E$114,4, FALSE()) -> 0 | L18: {=IF(ISNA(VLOOKUP($D18,Grouped_Sources!$C:$C,1,FALSE())),"", INDIRECT(VLOOKUP($D18,Grouped_Sources!$C:$I,5,FALSE())))} -> https://edgar.jrc.ec.europa.eu/, obtained values based on private correspondence | M18: {=IF(ISNA(VLOOKUP($D18,Grouped_Sources!$C:$C,1,FALSE())),"", INDIRECT(VLOOKUP($D18,Grouped_Sources!$C:$I,6,FALSE())))} -> EDGAR, 2018 | N18: =IF(ISNA(VLOOKUP($D18,Grouped_Sources!$C:$C,1,FALSE())),"", INDIRECT(VLOOKUP($D18,Grouped_Sources!$C:$I,7,FALSE()))) -> 0
A19: 3 | B19: 17 | C19: =IF(G19 = "",F19,IF(OR(G19="alpha",G19="beta",G19="constant",G19="sd",G19="mean",G19="sample"),F19,F19&" "&G19)) -> PM_emission_inventories heavy_truck | D19: =F19&"_"&E19 -> PM_emission_inventories_bogota | E19: {=INDIRECT(ADDRESS(1,A19,1,1,"all_city_parameter_inputs"))} -> bogota | F19: {=IF(AND(ISBLANK(INDIRECT(ADDRESS(B19,2,1,1,"all_city_parameter_inputs"))), ISBLANK(INDIRECT(ADDRESS(B19,1,1,1,"all_city_parameter_inputs")))), "", IF(ISBLANK(INDIRECT(ADDRESS(B19,1,1,1,"all_city_parameter_inputs"))), All_city_list!F18,INDIRECT(ADDRESS(B19,1,1,1,"all_city_parameter_inputs"))))} -> PM_emission_inventories | G19: {=IF(AND(ISBLANK(INDIRECT(ADDRESS(B19,3,1,1,"all_city_parameter_inputs"))),ISBLANK(INDIRECT(ADDRESS(B19,2,1,1,"all_city_parameter_inputs")))),"",IF(ISBLANK(INDIRECT(ADDRESS(B19,2,1,1,"all_city_parameter_inputs"))),"",INDIRECT(ADDRESS(B19,2,1,1,"all_city_parameter_inputs"))))} -> heavy_truck | H19: {=IF(ISBLANK(INDIRECT(ADDRESS(B19,A19,1,1,"all_city_parameter_inputs"))), "--",INDIRECT(ADDRESS(B19,A19,1,1,"all_city_parameter_inputs")))} -> 0.45445404 | I19: =IF(OR(G19="alpha",G19="beta",G19="sd",G19="mean"),"--",VLOOKUP(C19,Default!$B$5:$H$114,7,FALSE())) -> 0.45445404 | J19: =VLOOKUP(F19,Lookup!$C$5:$D$110,2, FALSE()) -> Pollution values | K19: =VLOOKUP(C19,Default!$B$4:$E$114,4, FALSE()) -> 0 | L19: {=IF(ISNA(VLOOKUP($D19,Grouped_Sources!$C:$C,1,FALSE())),"", INDIRECT(VLOOKUP($D19,Grouped_Sources!$C:$I,5,FALSE())))} -> https://edgar.jrc.ec.europa.eu/, obtained values based on private correspondence | M19: {=IF(ISNA(VLOOKUP($D19,Grouped_Sources!$C:$C,1,FALSE())),"", INDIRECT(VLOOKUP($D19,Grouped_Sources!$C:$I,6,FALSE())))} -> EDGAR, 2018 | N19: =IF(ISNA(VLOOKUP($D19,Grouped_Sources!$C:$C,1,FALSE())),"", INDIRECT(VLOOKUP($D19,Grouped_Sources!$C:$I,7,FALSE()))) -> 0
A20: 3 | B20: 18 | C20: =IF(G20 = "",F20,IF(OR(G20="alpha",G20="beta",G20="constant",G20="sd",G20="mean",G20="sample"),F20,F20&" "&G20)) -> PM_emission_inventories truck | D20: =F20&"_"&E20 -> PM_emission_inventories_bogota | E20: {=INDIRECT(ADDRESS(1,A20,1,1,"all_city_parameter_inputs"))} -> bogota | F20: {=IF(AND(ISBLANK(INDIRECT(ADDRESS(B20,2,1,1,"all_city_parameter_inputs"))), ISBLANK(INDIRECT(ADDRESS(B20,1,1,1,"all_city_parameter_inputs")))), "", IF(ISBLANK(INDIRECT(ADDRESS(B20,1,1,1,"all_city_parameter_inputs"))), All_city_list!F19,INDIRECT(ADDRESS(B20,1,1,1,"all_city_parameter_inputs"))))} -> PM_emission_inventories | G20: {=IF(AND(ISBLANK(INDIRECT(ADDRESS(B20,3,1,1,"all_city_parameter_inputs"))),ISBLANK(INDIRECT(ADDRESS(B20,2,1,1,"all_city_parameter_inputs")))),"",IF(ISBLANK(INDIRECT(ADDRESS(B20,2,1,1,"all_city_parameter_inputs"))),"",INDIRECT(ADDRESS(B20,2,1,1,"all_city_parameter_inputs"))))} -> truck | H20: {=IF(ISBLANK(INDIRECT(ADDRESS(B20,A20,1,1,"all_city_parameter_inputs"))), "--",INDIRECT(ADDRESS(B20,A20,1,1,"all_city_parameter_inputs")))} -> 0.33879567 | I20: =IF(OR(G20="alpha",G20="beta",G20="sd",G20="mean"),"--",VLOOKUP(C20,Default!$B$5:$H$114,7,FALSE())) -> 0.33879567 | J20: =VLOOKUP(F20,Lookup!$C$5:$D$110,2, FALSE()) -> Pollution values | K20: =VLOOKUP(C20,Default!$B$4:$E$114,4, FALSE()) -> 0 | L20: {=IF(ISNA(VLOOKUP($D20,Grouped_Sources!$C:$C,1,FALSE())),"", INDIRECT(VLOOKUP($D20,Grouped_Sources!$C:$I,5,FALSE())))} -> https://edgar.jrc.ec.europa.eu/, obtained values based on private correspondence | M20: {=IF(ISNA(VLOOKUP($D20,Grouped_Sources!$C:$C,1,FALSE())),"", INDIRECT(VLOOKUP($D20,Grouped_Sources!$C:$I,6,FALSE())))} -> EDGAR, 2018 | N20: =IF(ISNA(VLOOKUP($D20,Grouped_Sources!$C:$C,1,FALSE())),"", INDIRECT(VLOOKUP($D20,Grouped_Sources!$C:$I,7,FALSE()))) -> 0
A21: 3 | B21: 19 | C21: =IF(G21 = "",F21,IF(OR(G21="alpha",G21="beta",G21="constant",G21="sd",G21="mean",G21="sample"),F21,F21&" "&G21)) -> PM_emission_inventories van | D21: =F21&"_"&E21 -> PM_emission_inventories_bogota | E21: {=INDIRECT(ADDRESS(1,A21,1,1,"all_city_parameter_inputs"))} -> bogota | F21: {=IF(AND(ISBLANK(INDIRECT(ADDRESS(B21,2,1,1,"all_city_parameter_inputs"))), ISBLANK(INDIRECT(ADDRESS(B21,1,1,1,"all_city_parameter_inputs")))), "", IF(ISBLANK(INDIRECT(ADDRESS(B21,1,1,1,"all_city_parameter_inputs"))), All_city_list!F20,INDIRECT(ADDRESS(B21,1,1,1,"all_city_parameter_inputs"))))} -> PM_emission_inventories | G21: {=IF(AND(ISBLANK(INDIRECT(ADDRESS(B21,3,1,1,"all_city_parameter_inputs"))),ISBLANK(INDIRECT(ADDRESS(B21,2,1,1,"all_city_parameter_inputs")))),"",IF(ISBLANK(INDIRECT(ADDRESS(B21,2,1,1,"all_city_parameter_inputs"))),"",INDIRECT(ADDRESS(B21,2,1,1,"all_city_parameter_inputs"))))} -> van | H21: {=IF(ISBLANK(INDIRECT(ADDRESS(B21,A21,1,1,"all_city_parameter_inputs"))), "--",INDIRECT(ADDRESS(B21,A21,1,1,"all_city_parameter_inputs")))} -> 0 | I21: =IF(OR(G21="alpha",G21="beta",G21="sd",G21="mean"),"--",VLOOKUP(C21,Default!$B$5:$H$114,7,FALSE())) -> 0 | J21: =VLOOKUP(F21,Lookup!$C$5:$D$110,2, FALSE()) -> Pollution values | K21: =VLOOKUP(C21,Default!$B$4:$E$114,4, FALSE()) -> 0 | L21: {=IF(ISNA(VLOOKUP($D21,Grouped_Sources!$C:$C,1,FALSE())),"", INDIRECT(VLOOKUP($D21,Grouped_Sources!$C:$I,5,FALSE())))} -> https://edgar.jrc.ec.europa.eu/, obtained values based on private correspondence | M21: {=IF(ISNA(VLOOKUP($D21,Grouped_Sources!$C:$C,1,FALSE())),"", INDIRECT(VLOOKUP($D21,Grouped_Sources!$C:$I,6,FALSE())))} -> EDGAR, 2018 | N21: =IF(ISNA(VLOOKUP($D21,Grouped_Sources!$C:$C,1,FALSE())),"", INDIRECT(VLOOKUP($D21,Grouped_Sources!$C:$I,7,FALSE()))) -> 0
A22: 3 | B22: 20 | C22: =IF(G22 = "",F22,IF(OR(G22="alpha",G22="beta",G22="constant",G22="sd",G22="mean",G22="sample"),F22,F22&" "&G22)) -> PM_emission_inventories other | D22: =F22&"_"&E22 -> PM_emission_inventories_bogota | E22: {=INDIRECT(ADDRESS(1,A22,1,1,"all_city_parameter_inputs"))} -> bogota | F22: {=IF(AND(ISBLANK(INDIRECT(ADDRESS(B22,2,1,1,"all_city_parameter_inputs"))), ISBLANK(INDIRECT(ADDRESS(B22,1,1,1,"all_city_parameter_inputs")))), "", IF(ISBLANK(INDIRECT(ADDRESS(B22,1,1,1,"all_city_parameter_inputs"))), All_city_list!F21,INDIRECT(ADDRESS(B22,1,1,1,"all_city_parameter_inputs"))))} -> PM_emission_inventories | G22: {=IF(AND(ISBLANK(INDIRECT(ADDRESS(B22,3,1,1,"all_city_parameter_inputs"))),ISBLANK(INDIRECT(ADDRESS(B22,2,1,1,"all_city_parameter_inputs")))),"",IF(ISBLANK(INDIRECT(ADDRESS(B22,2,1,1,"all_city_parameter_inputs"))),"",INDIRECT(ADDRESS(B22,2,1,1,"all_city_parameter_inputs"))))} -> other | H22: {=IF(ISBLANK(INDIRECT(ADDRESS(B22,A22,1,1,"all_city_parameter_inputs"))), "--",INDIRECT(ADDRESS(B22,A22,1,1,"all_city_parameter_inputs")))} -> 0 | I22: =IF(OR(G22="alpha",G22="beta",G22="sd",G22="mean"),"--",VLOOKUP(C22,Default!$B$5:$H$114,7,FALSE())) -> 0 | J22: =VLOOKUP(F22,Lookup!$C$5:$D$110,2, FALSE()) -> Pollution values | K22: =VLOOKUP(C22,Default!$B$4:$E$114,4, FALSE()) -> 0 | L22: {=IF(ISNA(VLOOKUP($D22,Grouped_Sources!$C:$C,1,FALSE())),"", INDIRECT(VLOOKUP($D22,Grouped_Sources!$C:$I,5,FALSE())))} -> https://edgar.jrc.ec.europa.eu/, obtained values based on private correspondence | M22: {=IF(ISNA(VLOOKUP($D22,Grouped_Sources!$C:$C,1,FALSE())),"", INDIRECT(VLOOKUP($D22,Grouped_Sources!$C:$I,6,FALSE())))} -> EDGAR, 2018 | N22: =IF(ISNA(VLOOKUP($D22,Grouped_Sources!$C:$C,1,FALSE())),"", INDIRECT(VLOOKUP($D22,Grouped_Sources!$C:$I,7,FALSE()))) -> 0
A23: 3 | B23: 21 | C23: =IF(G23 = "",F23,IF(OR(G23="alpha",G23="beta",G23="constant",G23="sd",G23="mean",G23="sample"),F23,F23&" "&G23)) -> PM_emission_inventories taxi | D23: =F23&"_"&E23 -> PM_emission_inventories_bogota | E23: {=INDIRECT(ADDRESS(1,A23,1,1,"all_city_parameter_inputs"))} -> bogota | F23: {=IF(AND(ISBLANK(INDIRECT(ADDRESS(B23,2,1,1,"all_city_parameter_inputs"))), ISBLANK(INDIRECT(ADDRESS(B23,1,1,1,"all_city_parameter_inputs")))), "", IF(ISBLANK(INDIRECT(ADDRESS(B23,1,1,1,"all_city_parameter_inputs"))), All_city_list!F22,INDIRECT(ADDRESS(B23,1,1,1,"all_city_parameter_inputs"))))} -> PM_emission_inventories | G23: {=IF(AND(ISBLANK(INDIRECT(ADDRESS(B23,3,1,1,"all_city_parameter_inputs"))),ISBLANK(INDIRECT(ADDRESS(B23,2,1,1,"all_city_parameter_inputs")))),"",IF(ISBLANK(INDIRECT(ADDRESS(B23,2,1,1,"all_city_parameter_inputs"))),"",INDIRECT(ADDRESS(B23,2,1,1,"all_city_parameter_inputs"))))} -> taxi | H23: {=IF(ISBLANK(INDIRECT(ADDRESS(B23,A23,1,1,"all_city_parameter_inputs"))), "--",INDIRECT(ADDRESS(B23,A23,1,1,"all_city_parameter_inputs")))} -> 0 | I23: =IF(OR(G23="alpha",G23="beta",G23="sd",G23="mean"),"--",VLOOKUP(C23,Default!$B$5:$H$114,7,FALSE())) -> 0 | J23: =VLOOKUP(F23,Lookup!$C$5:$D$110,2, FALSE()) -> Pollution values | K23: =VLOOKUP(C23,Default!$B$4:$E$114,4, FALSE()) -> 0 | L23: {=IF(ISNA(VLOOKUP($D23,Grouped_Sources!$C:$C,1,FALSE())),"", INDIRECT(VLOOKUP($D23,Grouped_Sources!$C:$I,5,FALSE())))} -> https://edgar.jrc.ec.europa.eu/, obtained values based on private correspondence | M23: {=IF(ISNA(VLOOKUP($D23,Grouped_Sources!$C:$C,1,FALSE())),"", INDIRECT(VLOOKUP($D23,Grouped_Sources!$C:$I,6,FALSE())))} -> EDGAR, 2018 | N23: =IF(ISNA(VLOOKUP($D23,Grouped_Sources!$C:$C,1,FALSE())),"", INDIRECT(VLOOKUP($D23,Grouped_Sources!$C:$I,7,FALSE()))) -> 0
A24: 3 | B24: 22 | C24: =IF(G24 = "",F24,IF(OR(G24="alpha",G24="beta",G24="constant",G24="sd",G24="mean",G24="sample"),F24,F24&" "&G24)) -> PM_emission_inventories auto_rickshaw | D24: =F24&"_"&E24 -> PM_emission_inventories_bogota | E24: {=INDIRECT(ADDRESS(1,A24,1,1,"all_city_parameter_inputs"))} -> bogota | F24: {=IF(AND(ISBLANK(INDIRECT(ADDRESS(B24,2,1,1,"all_city_parameter_inputs"))), ISBLANK(INDIRECT(ADDRESS(B24,1,1,1,"all_city_parameter_inputs")))), "", IF(ISBLANK(INDIRECT(ADDRESS(B24,1,1,1,"all_city_parameter_inputs"))), All_city_list!F23,INDIRECT(ADDRESS(B24,1,1,1,"all_city_parameter_inputs"))))} -> PM_emission_inventories | G24: {=IF(AND(ISBLANK(INDIRECT(ADDRESS(B24,3,1,1,"all_city_parameter_inputs"))),ISBLANK(INDIRECT(ADDRESS(B24,2,1,1,"all_city_parameter_inputs")))),"",IF(ISBLANK(INDIRECT(ADDRESS(B24,2,1,1,"all_city_parameter_inputs"))),"",INDIRECT(ADDRESS(B24,2,1,1,"all_city_parameter_inputs"))))} -> auto_rickshaw | H24: {=IF(ISBLANK(INDIRECT(ADDRESS(B24,A24,1,1,"all_city_parameter_inputs"))), "--",INDIRECT(ADDRESS(B24,A24,1,1,"all_city_parameter_inputs")))} -> 0 | I24: =IF(OR(G24="alpha",G24="beta",G24="sd",G24="mean"),"--",VLOOKUP(C24,Default!$B$5:$H$114,7,FALSE())) -> 0 | J24: =VLOOKUP(F24,Lookup!$C$5:$D$110,2, FALSE()) -> Pollution values | K24: =VLOOKUP(C24,Default!$B$4:$E$114,4, FALSE()) -> 0 | L24: {=IF(ISNA(VLOOKUP($D24,Grouped_Sources!$C:$C,1,FALSE())),"", INDIRECT(VLOOKUP($D24,Grouped_Sources!$C:$I,5,FALSE())))} -> https://edgar.jrc.ec.europa.eu/, obtained values based on private correspondence | M24: {=IF(ISNA(VLOOKUP($D24,Grouped_Sources!$C:$C,1,FALSE())),"", INDIRECT(VLOOKUP($D24,Grouped_Sources!$C:$I,6,FALSE())))} -> EDGAR, 2018 | N24: =IF(ISNA(VLOOKUP($D24,Grouped_Sources!$C:$C,1,FALSE())),"", INDIRECT(VLOOKUP($D24,Grouped_Sources!$C:$I,7,FALSE()))) -> 0
A25: 3 | B25: 23 | C25: =IF(G25 = "",F25,IF(OR(G25="alpha",G25="beta",G25="constant",G25="sd",G25="mean",G25="sample"),F25,F25&" "&G25)) -> pm_conc_base | D25: =F25&"_"&E25 -> pm_conc_base_bogota | E25: {=INDIRECT(ADDRESS(1,A25,1,1,"all_city_parameter_inputs"))} -> bogota | F25: {=IF(AND(ISBLANK(INDIRECT(ADDRESS(B25,2,1,1,"all_city_parameter_inputs"))), ISBLANK(INDIRECT(ADDRESS(B25,1,1,1,"all_city_parameter_inputs")))), "", IF(ISBLANK(INDIRECT(ADDRESS(B25,1,1,1,"all_city_parameter_inputs"))), All_city_list!F24,INDIRECT(ADDRESS(B25,1,1,1,"all_city_parameter_inputs"))))} -> pm_conc_base | G25: {=IF(AND(ISBLANK(INDIRECT(ADDRESS(B25,3,1,1,"all_city_parameter_inputs"))),ISBLANK(INDIRECT(ADDRESS(B25,2,1,1,"all_city_parameter_inputs")))),"",IF(ISBLANK(INDIRECT(ADDRESS(B25,2,1,1,"all_city_parameter_inputs"))),"",INDIRECT(ADDRESS(B25,2,1,1,"all_city_parameter_inputs"))))} -> constant | H25: {=IF(ISBLANK(INDIRECT(ADDRESS(B25,A25,1,1,"all_city_parameter_inputs"))), "--",INDIRECT(ADDRESS(B25,A25,1,1,"all_city_parameter_inputs")))} -> 12.69 | I25: =IF(OR(G25="alpha",G25="beta",G25="sd",G25="mean"),"--",VLOOKUP(C25,Default!$B$5:$H$114,7,FALSE())) -> 12.69 | J25: =VLOOKUP(F25,Lookup!$C$5:$D$110,2, FALSE()) -> Pollution values | K25: =VLOOKUP(C25,Default!$B$4:$E$114,4, FALSE()) -> background PM2.5 concentration | L25: https://www.who.int/publications/i/item/9789241565684 | M25: WHO report giving reported and estimated injury statistics at a country level. The underreporting for Colombia is approx 20% but we assumed that the underreporting at a city level is half this value, i.e. 10%. So parameter was set to 1-0.1= 0.9
A26: 3 | B26: 24 | C26: =IF(G26 = "",F26,IF(OR(G26="alpha",G26="beta",G26="constant",G26="sd",G26="mean",G26="sample"),F26,F26&" "&G26)) -> pm_conc_base | D26: =F26&"_"&E26 -> pm_conc_base_bogota | E26: {=INDIRECT(ADDRESS(1,A26,1,1,"all_city_parameter_inputs"))} -> bogota | F26: {=IF(AND(ISBLANK(INDIRECT(ADDRESS(B26,2,1,1,"all_city_parameter_inputs"))), ISBLANK(INDIRECT(ADDRESS(B26,1,1,1,"all_city_parameter_inputs")))), "", IF(ISBLANK(INDIRECT(ADDRESS(B26,1,1,1,"all_city_parameter_inputs"))), All_city_list!F25,INDIRECT(ADDRESS(B26,1,1,1,"all_city_parameter_inputs"))))} -> pm_conc_base | G26: {=IF(AND(ISBLANK(INDIRECT(ADDRESS(B26,3,1,1,"all_city_parameter_inputs"))),ISBLANK(INDIRECT(ADDRESS(B26,2,1,1,"all_city_parameter_inputs")))),"",IF(ISBLANK(INDIRECT(ADDRESS(B26,2,1,1,"all_city_parameter_inputs"))),"",INDIRECT(ADDRESS(B26,2,1,1,"all_city_parameter_inputs"))))} -> mean | H26: {=IF(ISBLANK(INDIRECT(ADDRESS(B26,A26,1,1,"all_city_parameter_inputs"))), "--",INDIRECT(ADDRESS(B26,A26,1,1,"all_city_parameter_inputs")))} -> 12.505832 | I26: =IF(OR(G26="alpha",G26="beta",G26="sd",G26="mean"),"--",VLOOKUP(C26,Default!$B$5:$H$114,7,FALSE())) -> -- | J26: =VLOOKUP(F26,Lookup!$C$5:$D$110,2, FALSE()) -> Pollution values | K26: =VLOOKUP(C26,Default!$B$4:$E$114,4, FALSE()) -> background PM2.5 concentration | L26: {=IF(ISNA(VLOOKUP($D26,Grouped_Sources!$C:$C,1,FALSE())),"", INDIRECT(VLOOKUP($D26,Grouped_Sources!$C:$I,5,FALSE())))} -> https://www.who.int/publications/i/item/9789241565684 | M26: {=IF(ISNA(VLOOKUP($D26,Grouped_Sources!$C:$C,1,FALSE())),"", INDIRECT(VLOOKUP($D26,Grouped_Sources!$C:$I,6,FALSE())))} -> WHO report giving reported and estimated injury statistics at a country level. The underreporting for Colombia is approx 20% but we assumed that the underreporting at a city level is half this value, i.e. 10%. So parameter was set to 1-0.1= 0.9 | N26: =IF(ISNA(VLOOKUP($D26,Grouped_Sources!$C:$C,1,FALSE())),"", INDIRECT(VLOOKUP($D26,Grouped_Sources!$C:$I,7,FALSE()))) -> 0
A27: 3 | B27: 25 | C27: =IF(G27 = "",F27,IF(OR(G27="alpha",G27="beta",G27="constant",G27="sd",G27="mean",G27="sample"),F27,F27&" "&G27)) -> pm_conc_base | D27: =F27&"_"&E27 -> pm_conc_base_bogota | E27: {=INDIRECT(ADDRESS(1,A27,1,1,"all_city_parameter_inputs"))} -> bogota | F27: {=IF(AND(ISBLANK(INDIRECT(ADDRESS(B27,2,1,1,"all_city_parameter_inputs"))), ISBLANK(INDIRECT(ADDRESS(B27,1,1,1,"all_city_parameter_inputs")))), "", IF(ISBLANK(INDIRECT(ADDRESS(B27,1,1,1,"all_city_parameter_inputs"))), All_city_list!F26,INDIRECT(ADDRESS(B27,1,1,1,"all_city_parameter_inputs"))))} -> pm_conc_base | G27: {=IF(AND(ISBLANK(INDIRECT(ADDRESS(B27,3,1,1,"all_city_parameter_inputs"))),ISBLANK(INDIRECT(ADDRESS(B27,2,1,1,"all_city_parameter_inputs")))),"",IF(ISBLANK(INDIRECT(ADDRESS(B27,2,1,1,"all_city_parameter_inputs"))),"",INDIRECT(ADDRESS(B27,2,1,1,"all_city_parameter_inputs"))))} -> sd | H27: {=IF(ISBLANK(INDIRECT(ADDRESS(B27,A27,1,1,"all_city_parameter_inputs"))), "--",INDIRECT(ADDRESS(B27,A27,1,1,"all_city_parameter_inputs")))} -> 1.1864818 | I27: =IF(OR(G27="alpha",G27="beta",G27="sd",G27="mean"),"--",VLOOKUP(C27,Default!$B$5:$H$114,7,FALSE())) -> -- | J27: =VLOOKUP(F27,Lookup!$C$5:$D$110,2, FALSE()) -> Pollution values | K27: =VLOOKUP(C27,Default!$B$4:$E$114,4, FALSE()) -> background PM2.5 concentration | L27: {=IF(ISNA(VLOOKUP($D27,Grouped_Sources!$C:$C,1,FALSE())),"", INDIRECT(VLOOKUP($D27,Grouped_Sources!$C:$I,5,FALSE())))} -> https://www.who.int/publications/i/item/9789241565684 | M27: {=IF(ISNA(VLOOKUP($D27,Grouped_Sources!$C:$C,1,FALSE())),"", INDIRECT(VLOOKUP($D27,Grouped_Sources!$C:$I,6,FALSE())))} -> WHO report giving reported and estimated injury statistics at a country level. The underreporting for Colombia is approx 20% but we assumed that the underreporting at a city level is half this value, i.e. 10%. So parameter was set to 1-0.1= 0.9 | N27: =IF(ISNA(VLOOKUP($D27,Grouped_Sources!$C:$C,1,FALSE())),"", INDIRECT(VLOOKUP($D27,Grouped_Sources!$C:$I,7,FALSE()))) -> 0
A28: 3 | B28: 26 | C28: =IF(G28 = "",F28,IF(OR(G28="alpha",G28="beta",G28="constant",G28="sd",G28="mean",G28="sample"),F28,F28&" "&G28)) -> pm_trans_share | D28: =F28&"_"&E28 -> pm_trans_share_bogota | E28: {=INDIRECT(ADDRESS(1,A28,1,1,"all_city_parameter_inputs"))} -> bogota | F28: {=IF(AND(ISBLANK(INDIRECT(ADDRESS(B28,2,1,1,"all_city_parameter_inputs"))), ISBLANK(INDIRECT(ADDRESS(B28,1,1,1,"all_city_parameter_inputs")))), "", IF(ISBLANK(INDIRECT(ADDRESS(B28,1,1,1,"all_city_parameter_inputs"))), All_city_list!F27,INDIRECT(ADDRESS(B28,1,1,1,"all_city_parameter_inputs"))))} -> pm_trans_share | G28: {=IF(AND(ISBLANK(INDIRECT(ADDRESS(B28,3,1,1,"all_city_parameter_inputs"))),ISBLANK(INDIRECT(ADDRESS(B28,2,1,1,"all_city_parameter_inputs")))),"",IF(ISBLANK(INDIRECT(ADDRESS(B28,2,1,1,"all_city_parameter_inputs"))),"",INDIRECT(ADDRESS(B28,2,1,1,"all_city_parameter_inputs"))))} -> constant | H28: {=IF(ISBLANK(INDIRECT(ADDRESS(B28,A28,1,1,"all_city_parameter_inputs"))), "--",INDIRECT(ADDRESS(B28,A28,1,1,"all_city_parameter_inputs")))} -> 0.42 | I28: =IF(OR(G28="alpha",G28="beta",G28="sd",G28="mean"),"--",VLOOKUP(C28,Default!$B$5:$H$114,7,FALSE())) -> 0.42 | J28: =VLOOKUP(F28,Lookup!$C$5:$D$110,2, FALSE()) -> Pollution values | K28: =VLOOKUP(C28,Default!$B$4:$E$114,4, FALSE()) -> proportion of background PM2.5 attributable to transport | L28: assumes no bias in the disease data, distribution values need updating
A29: 3 | B29: 27 | C29: =IF(G29 = "",F29,IF(OR(G29="alpha",G29="beta",G29="constant",G29="sd",G29="mean",G29="sample"),F29,F29&" "&G29)) -> pm_trans_share | D29: =F29&"_"&E29 -> pm_trans_share_bogota | E29: {=INDIRECT(ADDRESS(1,A29,1,1,"all_city_parameter_inputs"))} -> bogota | F29: {=IF(AND(ISBLANK(INDIRECT(ADDRESS(B29,2,1,1,"all_city_parameter_inputs"))), ISBLANK(INDIRECT(ADDRESS(B29,1,1,1,"all_city_parameter_inputs")))), "", IF(ISBLANK(INDIRECT(ADDRESS(B29,1,1,1,"all_city_parameter_inputs"))), All_city_list!F28,INDIRECT(ADDRESS(B29,1,1,1,"all_city_parameter_inputs"))))} -> pm_trans_share | G29: {=IF(AND(ISBLANK(INDIRECT(ADDRESS(B29,3,1,1,"all_city_parameter_inputs"))),ISBLANK(INDIRECT(ADDRESS(B29,2,1,1,"all_city_parameter_inputs")))),"",IF(ISBLANK(INDIRECT(ADDRESS(B29,2,1,1,"all_city_parameter_inputs"))),"",INDIRECT(ADDRESS(B29,2,1,1,"all_city_parameter_inputs"))))} -> alpha | H29: {=IF(ISBLANK(INDIRECT(ADDRESS(B29,A29,1,1,"all_city_parameter_inputs"))), "--",INDIRECT(ADDRESS(B29,A29,1,1,"all_city_parameter_inputs")))} -> 12.48205 | I29: =IF(OR(G29="alpha",G29="beta",G29="sd",G29="mean"),"--",VLOOKUP(C29,Default!$B$5:$H$114,7,FALSE())) -> -- | J29: =VLOOKUP(F29,Lookup!$C$5:$D$110,2, FALSE()) -> Pollution values | K29: =VLOOKUP(C29,Default!$B$4:$E$114,4, FALSE()) -> proportion of background PM2.5 attributable to transport | L29: {=IF(ISNA(VLOOKUP($D29,Grouped_Sources!$C:$C,1,FALSE())),"", INDIRECT(VLOOKUP($D29,Grouped_Sources!$C:$I,5,FALSE())))} -> assumes no bias in the disease data, distribution values need updating | M29: =IF(ISNA(VLOOKUP($D29,Grouped_Sources!$C:$C,1,FALSE())),"", INDIRECT(VLOOKUP($D29,Grouped_Sources!$C:$I,6,FALSE()))) -> 0 | N29: =IF(ISNA(VLOOKUP($D29,Grouped_Sources!$C:$C,1,FALSE())),"", INDIRECT(VLOOKUP($D29,Grouped_Sources!$C:$I,7,FALSE()))) -> 0
A30: 3 | B30: 28 | C30: =IF(G30 = "",F30,IF(OR(G30="alpha",G30="beta",G30="constant",G30="sd",G30="mean",G30="sample"),F30,F30&" "&G30)) -> pm_trans_share | D30: =F30&"_"&E30 -> pm_trans_share_bogota | E30: {=INDIRECT(ADDRESS(1,A30,1,1,"all_city_parameter_inputs"))} -> bogota | F30: {=IF(AND(ISBLANK(INDIRECT(ADDRESS(B30,2,1,1,"all_city_parameter_inputs"))), ISBLANK(INDIRECT(ADDRESS(B30,1,1,1,"all_city_parameter_inputs")))), "", IF(ISBLANK(INDIRECT(ADDRESS(B30,1,1,1,"all_city_parameter_inputs"))), All_city_list!F29,INDIRECT(ADDRESS(B30,1,1,1,"all_city_parameter_inputs"))))} -> pm_trans_share | G30: {=IF(AND(ISBLANK(INDIRECT(ADDRESS(B30,3,1,1,"all_city_parameter_inputs"))),ISBLANK(INDIRECT(ADDRESS(B30,2,1,1,"all_city_parameter_inputs")))),"",IF(ISBLANK(INDIRECT(ADDRESS(B30,2,1,1,"all_city_parameter_inputs"))),"",INDIRECT(ADDRESS(B30,2,1,1,"all_city_parameter_inputs"))))} -> beta | H30: {=IF(ISBLANK(INDIRECT(ADDRESS(B30,A30,1,1,"all_city_parameter_inputs"))), "--",INDIRECT(ADDRESS(B30,A30,1,1,"all_city_parameter_inputs")))} -> 17.237117 | I30: =IF(OR(G30="alpha",G30="beta",G30="sd",G30="mean"),"--",VLOOKUP(C30,Default!$B$5:$H$114,7,FALSE())) -> -- | J30: =VLOOKUP(F30,Lookup!$C$5:$D$110,2, FALSE()) -> Pollution values | K30: =VLOOKUP(C30,Default!$B$4:$E$114,4, FALSE()) -> proportion of background PM2.5 attributable to transport | L30: {=IF(ISNA(VLOOKUP($D30,Grouped_Sources!$C:$C,1,FALSE())),"", INDIRECT(VLOOKUP($D30,Grouped_Sources!$C:$I,5,FALSE())))} -> assumes no bias in the disease data, distribution values need updating | M30: =IF(ISNA(VLOOKUP($D30,Grouped_Sources!$C:$C,1,FALSE())),"", INDIRECT(VLOOKUP($D30,Grouped_Sources!$C:$I,6,FALSE()))) -> 0 | N30: =IF(ISNA(VLOOKUP($D30,Grouped_Sources!$C:$C,1,FALSE())),"", INDIRECT(VLOOKUP($D30,Grouped_Sources!$C:$I,7,FALSE()))) -> 0
A31: 3 | B31: 29 | C31: =IF(G31 = "",F31,IF(OR(G31="alpha",G31="beta",G31="constant",G31="sd",G31="mean",G31="sample"),F31,F31&" "&G31)) -> CO2_emission_inventories motorcycle | D31: =F31&"_"&E31 -> CO2_emission_inventories_bogota | E31: {=INDIRECT(ADDRESS(1,A31,1,1,"all_city_parameter_inputs"))} -> bogota | F31: {=IF(AND(ISBLANK(INDIRECT(ADDRESS(B31,2,1,1,"all_city_parameter_inputs"))), ISBLANK(INDIRECT(ADDRESS(B31,1,1,1,"all_city_parameter_inputs")))), "", IF(ISBLANK(INDIRECT(ADDRESS(B31,1,1,1,"all_city_parameter_inputs"))), All_city_list!F30,INDIRECT(ADDRESS(B31,1,1,1,"all_city_parameter_inputs"))))} -> CO2_emission_inventories | G31: {=IF(AND(ISBLANK(INDIRECT(ADDRESS(B31,3,1,1,"all_city_parameter_inputs"))),ISBLANK(INDIRECT(ADDRESS(B31,2,1,1,"all_city_parameter_inputs")))),"",IF(ISBLANK(INDIRECT(ADDRESS(B31,2,1,1,"all_city_parameter_inputs"))),"",INDIRECT(ADDRESS(B31,2,1,1,"all_city_parameter_inputs"))))} -> motorcycle | H31: {=IF(ISBLANK(INDIRECT(ADDRESS(B31,A31,1,1,"all_city_parameter_inputs"))), "--",INDIRECT(ADDRESS(B31,A31,1,1,"all_city_parameter_inputs")))} -> 3340.8173 | I31: =IF(OR(G31="alpha",G31="beta",G31="sd",G31="mean"),"--",VLOOKUP(C31,Default!$B$5:$H$114,7,FALSE())) -> 30033.572 | J31: =VLOOKUP(F31,Lookup!$C$5:$D$110,2, FALSE()) -> Pollution values | K31: =VLOOKUP(C31,Default!$B$4:$E$114,4, FALSE()) -> - used to estimate the CO2 for scenarios (function "scenario_co2_calculations"). - used to create the VEHICLE_INVENTORY, with speeds, PM and CO2 emissions (function "set_vehicle_inventory"). | L31: https://www.who.int/publications/m/item/who-air-quality-database-2022 | M31: WHO Air Quality Database, Update 2022
A32: 3 | B32: 30 | C32: =IF(G32 = "",F32,IF(OR(G32="alpha",G32="beta",G32="constant",G32="sd",G32="mean",G32="sample"),F32,F32&" "&G32)) -> CO2_emission_inventories car | D32: =F32&"_"&E32 -> CO2_emission_inventories_bogota | E32: {=INDIRECT(ADDRESS(1,A32,1,1,"all_city_parameter_inputs"))} -> bogota | F32: {=IF(AND(ISBLANK(INDIRECT(ADDRESS(B32,2,1,1,"all_city_parameter_inputs"))), ISBLANK(INDIRECT(ADDRESS(B32,1,1,1,"all_city_parameter_inputs")))), "", IF(ISBLANK(INDIRECT(ADDRESS(B32,1,1,1,"all_city_parameter_inputs"))), All_city_list!F31,INDIRECT(ADDRESS(B32,1,1,1,"all_city_parameter_inputs"))))} -> CO2_emission_inventories | G32: {=IF(AND(ISBLANK(INDIRECT(ADDRESS(B32,3,1,1,"all_city_parameter_inputs"))),ISBLANK(INDIRECT(ADDRESS(B32,2,1,1,"all_city_parameter_inputs")))),"",IF(ISBLANK(INDIRECT(ADDRESS(B32,2,1,1,"all_city_parameter_inputs"))),"",INDIRECT(ADDRESS(B32,2,1,1,"all_city_parameter_inputs"))))} -> car | H32: {=IF(ISBLANK(INDIRECT(ADDRESS(B32,A32,1,1,"all_city_parameter_inputs"))), "--",INDIRECT(ADDRESS(B32,A32,1,1,"all_city_parameter_inputs")))} -> 278221.04 | I32: =IF(OR(G32="alpha",G32="beta",G32="sd",G32="mean"),"--",VLOOKUP(C32,Default!$B$5:$H$114,7,FALSE())) -> 1033377.3 | J32: =VLOOKUP(F32,Lookup!$C$5:$D$110,2, FALSE()) -> Pollution values | K32: =VLOOKUP(C32,Default!$B$4:$E$114,4, FALSE()) -> 0 | L32: {=IF(ISNA(VLOOKUP($D32,Grouped_Sources!$C:$C,1,FALSE())),"", INDIRECT(VLOOKUP($D32,Grouped_Sources!$C:$I,5,FALSE())))} -> https://www.who.int/publications/m/item/who-air-quality-database-2022 | M32: {=IF(ISNA(VLOOKUP($D32,Grouped_Sources!$C:$C,1,FALSE())),"", INDIRECT(VLOOKUP($D32,Grouped_Sources!$C:$I,6,FALSE())))} -> WHO Air Quality Database, Update 2022 | N32: =IF(ISNA(VLOOKUP($D32,Grouped_Sources!$C:$C,1,FALSE())),"", INDIRECT(VLOOKUP($D32,Grouped_Sources!$C:$I,7,FALSE()))) -> 0
A33: 3 | B33: 31 | C33: =IF(G33 = "",F33,IF(OR(G33="alpha",G33="beta",G33="constant",G33="sd",G33="mean",G33="sample"),F33,F33&" "&G33)) -> CO2_emission_inventories bus_driver | D33: =F33&"_"&E33 -> CO2_emission_inventories_bogota | E33: {=INDIRECT(ADDRESS(1,A33,1,1,"all_city_parameter_inputs"))} -> bogota | F33: {=IF(AND(ISBLANK(INDIRECT(ADDRESS(B33,2,1,1,"all_city_parameter_inputs"))), ISBLANK(INDIRECT(ADDRESS(B33,1,1,1,"all_city_parameter_inputs")))), "", IF(ISBLANK(INDIRECT(ADDRESS(B33,1,1,1,"all_city_parameter_inputs"))), All_city_list!F32,INDIRECT(ADDRESS(B33,1,1,1,"all_city_parameter_inputs"))))} -> CO2_emission_inventories | G33: {=IF(AND(ISBLANK(INDIRECT(ADDRESS(B33,3,1,1,"all_city_parameter_inputs"))),ISBLANK(INDIRECT(ADDRESS(B33,2,1,1,"all_city_parameter_inputs")))),"",IF(ISBLANK(INDIRECT(ADDRESS(B33,2,1,1,"all_city_parameter_inputs"))),"",INDIRECT(ADDRESS(B33,2,1,1,"all_city_parameter_inputs"))))} -> bus_driver | H33: {=IF(ISBLANK(INDIRECT(ADDRESS(B33,A33,1,1,"all_city_parameter_inputs"))), "--",INDIRECT(ADDRESS(B33,A33,1,1,"all_city_parameter_inputs")))} -> 163823.92 | I33: =IF(OR(G33="alpha",G33="beta",G33="sd",G33="mean"),"--",VLOOKUP(C33,Default!$B$5:$H$114,7,FALSE())) -> 100429.72 | J33: =VLOOKUP(F33,Lookup!$C$5:$D$110,2, FALSE()) -> Pollution values | K33: =VLOOKUP(C33,Default!$B$4:$E$114,4, FALSE()) -> 0 | L33: {=IF(ISNA(VLOOKUP($D33,Grouped_Sources!$C:$C,1,FALSE())),"", INDIRECT(VLOOKUP($D33,Grouped_Sources!$C:$I,5,FALSE())))} -> https://www.who.int/publications/m/item/who-air-quality-database-2022 | M33: {=IF(ISNA(VLOOKUP($D33,Grouped_Sources!$C:$C,1,FALSE())),"", INDIRECT(VLOOKUP($D33,Grouped_Sources!$C:$I,6,FALSE())))} -> WHO Air Quality Database, Update 2022 | N33: =IF(ISNA(VLOOKUP($D33,Grouped_Sources!$C:$C,1,FALSE())),"", INDIRECT(VLOOKUP($D33,Grouped_Sources!$C:$I,7,FALSE()))) -> 0
A34: 3 | B34: 32 | C34: =IF(G34 = "",F34,IF(OR(G34="alpha",G34="beta",G34="constant",G34="sd",G34="mean",G34="sample"),F34,F34&" "&G34)) -> CO2_emission_inventories heavy_truck | D34: =F34&"_"&E34 -> CO2_emission_inventories_bogota | E34: {=INDIRECT(ADDRESS(1,A34,1,1,"all_city_parameter_inputs"))} -> bogota | F34: {=IF(AND(ISBLANK(INDIRECT(ADDRESS(B34,2,1,1,"all_city_parameter_inputs"))), ISBLANK(INDIRECT(ADDRESS(B34,1,1,1,"all_city_parameter_inputs")))), "", IF(ISBLANK(INDIRECT(ADDRESS(B34,1,1,1,"all_city_parameter_inputs"))), All_city_list!F33,INDIRECT(ADDRESS(B34,1,1,1,"all_city_parameter_inputs"))))} -> CO2_emission_inventories | G34: {=IF(AND(ISBLANK(INDIRECT(ADDRESS(B34,3,1,1,"all_city_parameter_inputs"))),ISBLANK(INDIRECT(ADDRESS(B34,2,1,1,"all_city_parameter_inputs")))),"",IF(ISBLANK(INDIRECT(ADDRESS(B34,2,1,1,"all_city_parameter_inputs"))),"",INDIRECT(ADDRESS(B34,2,1,1,"all_city_parameter_inputs"))))} -> heavy_truck | H34: {=IF(ISBLANK(INDIRECT(ADDRESS(B34,A34,1,1,"all_city_parameter_inputs"))), "--",INDIRECT(ADDRESS(B34,A34,1,1,"all_city_parameter_inputs")))} -> 1033752.2 | I34: =IF(OR(G34="alpha",G34="beta",G34="sd",G34="mean"),"--",VLOOKUP(C34,Default!$B$5:$H$114,7,FALSE())) -> 259655.32 | J34: =VLOOKUP(F34,Lookup!$C$5:$D$110,2, FALSE()) -> Pollution values | K34: =VLOOKUP(C34,Default!$B$4:$E$114,4, FALSE()) -> 0 | L34: HEYDARI, S., TAINIO, M., WOODCOCK, J. & DE NAZELLE, A. 2020. Estimating traffic contribution to particulate matter concentration in urban areas using a multilevel Bayesian meta-regression approach. Environment international, 141, 105800. | M34: EDGAR and various other sources, detailed in document | N34: deduced values
A35: 3 | B35: 33 | C35: =IF(G35 = "",F35,IF(OR(G35="alpha",G35="beta",G35="constant",G35="sd",G35="mean",G35="sample"),F35,F35&" "&G35)) -> CO2_emission_inventories truck | D35: =F35&"_"&E35 -> CO2_emission_inventories_bogota | E35: {=INDIRECT(ADDRESS(1,A35,1,1,"all_city_parameter_inputs"))} -> bogota | F35: {=IF(AND(ISBLANK(INDIRECT(ADDRESS(B35,2,1,1,"all_city_parameter_inputs"))), ISBLANK(INDIRECT(ADDRESS(B35,1,1,1,"all_city_parameter_inputs")))), "", IF(ISBLANK(INDIRECT(ADDRESS(B35,1,1,1,"all_city_parameter_inputs"))), All_city_list!F34,INDIRECT(ADDRESS(B35,1,1,1,"all_city_parameter_inputs"))))} -> CO2_emission_inventories | G35: {=IF(AND(ISBLANK(INDIRECT(ADDRESS(B35,3,1,1,"all_city_parameter_inputs"))),ISBLANK(INDIRECT(ADDRESS(B35,2,1,1,"all_city_parameter_inputs")))),"",IF(ISBLANK(INDIRECT(ADDRESS(B35,2,1,1,"all_city_parameter_inputs"))),"",INDIRECT(ADDRESS(B35,2,1,1,"all_city_parameter_inputs"))))} -> truck | H35: {=IF(ISBLANK(INDIRECT(ADDRESS(B35,A35,1,1,"all_city_parameter_inputs"))), "--",INDIRECT(ADDRESS(B35,A35,1,1,"all_city_parameter_inputs")))} -> 371604.37 | I35: =IF(OR(G35="alpha",G35="beta",G35="sd",G35="mean"),"--",VLOOKUP(C35,Default!$B$5:$H$114,7,FALSE())) -> 163516.11 | J35: =VLOOKUP(F35,Lookup!$C$5:$D$110,2, FALSE()) -> Pollution values | K35: =VLOOKUP(C35,Default!$B$4:$E$114,4, FALSE()) -> 0 | L35: {=IF(ISNA(VLOOKUP($D35,Grouped_Sources!$C:$C,1,FALSE())),"", INDIRECT(VLOOKUP($D35,Grouped_Sources!$C:$I,5,FALSE())))} -> https://www.who.int/publications/m/item/who-air-quality-database-2022 | M35: {=IF(ISNA(VLOOKUP($D35,Grouped_Sources!$C:$C,1,FALSE())),"", INDIRECT(VLOOKUP($D35,Grouped_Sources!$C:$I,6,FALSE())))} -> WHO Air Quality Database, Update 2022 | N35: =IF(ISNA(VLOOKUP($D35,Grouped_Sources!$C:$C,1,FALSE())),"", INDIRECT(VLOOKUP($D35,Grouped_Sources!$C:$I,7,FALSE()))) -> 0
A36: 3 | B36: 34 | C36: =IF(G36 = "",F36,IF(OR(G36="alpha",G36="beta",G36="constant",G36="sd",G36="mean",G36="sample"),F36,F36&" "&G36)) -> CO2_emission_inventories van | D36: =F36&"_"&E36 -> CO2_emission_inventories_bogota | E36: {=INDIRECT(ADDRESS(1,A36,1,1,"all_city_parameter_inputs"))} -> bogota | F36: {=IF(AND(ISBLANK(INDIRECT(ADDRESS(B36,2,1,1,"all_city_parameter_inputs"))), ISBLANK(INDIRECT(ADDRESS(B36,1,1,1,"all_city_parameter_inputs")))), "", IF(ISBLANK(INDIRECT(ADDRESS(B36,1,1,1,"all_city_parameter_inputs"))), All_city_list!F35,INDIRECT(ADDRESS(B36,1,1,1,"all_city_parameter_inputs"))))} -> CO2_emission_inventories | G36: {=IF(AND(ISBLANK(INDIRECT(ADDRESS(B36,3,1,1,"all_city_parameter_inputs"))),ISBLANK(INDIRECT(ADDRESS(B36,2,1,1,"all_city_parameter_inputs")))),"",IF(ISBLANK(INDIRECT(ADDRESS(B36,2,1,1,"all_city_parameter_inputs"))),"",INDIRECT(ADDRESS(B36,2,1,1,"all_city_parameter_inputs"))))} -> van | H36: {=IF(ISBLANK(INDIRECT(ADDRESS(B36,A36,1,1,"all_city_parameter_inputs"))), "--",INDIRECT(ADDRESS(B36,A36,1,1,"all_city_parameter_inputs")))} -> -- | I36: =IF(OR(G36="alpha",G36="beta",G36="sd",G36="mean"),"--",VLOOKUP(C36,Default!$B$5:$H$114,7,FALSE())) -> 0 | J36: =VLOOKUP(F36,Lookup!$C$5:$D$110,2, FALSE()) -> Pollution values | K36: =VLOOKUP(C36,Default!$B$4:$E$114,4, FALSE()) -> 0 | L36: {=IF(ISNA(VLOOKUP($D36,Grouped_Sources!$C:$C,1,FALSE())),"", INDIRECT(VLOOKUP($D36,Grouped_Sources!$C:$I,5,FALSE())))} -> https://www.who.int/publications/m/item/who-air-quality-database-2022 | M36: {=IF(ISNA(VLOOKUP($D36,Grouped_Sources!$C:$C,1,FALSE())),"", INDIRECT(VLOOKUP($D36,Grouped_Sources!$C:$I,6,FALSE())))} -> WHO Air Quality Database, Update 2022 | N36: =IF(ISNA(VLOOKUP($D36,Grouped_Sources!$C:$C,1,FALSE())),"", INDIRECT(VLOOKUP($D36,Grouped_Sources!$C:$I,7,FALSE()))) -> 0
A37: 3 | B37: 35 | C37: =IF(G37 = "",F37,IF(OR(G37="alpha",G37="beta",G37="constant",G37="sd",G37="mean",G37="sample"),F37,F37&" "&G37)) -> CO2_emission_inventories other | D37: =F37&"_"&E37 -> CO2_emission_inventories_bogota | E37: {=INDIRECT(ADDRESS(1,A37,1,1,"all_city_parameter_inputs"))} -> bogota | F37: {=IF(AND(ISBLANK(INDIRECT(ADDRESS(B37,2,1,1,"all_city_parameter_inputs"))), ISBLANK(INDIRECT(ADDRESS(B37,1,1,1,"all_city_parameter_inputs")))), "", IF(ISBLANK(INDIRECT(ADDRESS(B37,1,1,1,"all_city_parameter_inputs"))), All_city_list!F36,INDIRECT(ADDRESS(B37,1,1,1,"all_city_parameter_inputs"))))} -> CO2_emission_inventories | G37: {=IF(AND(ISBLANK(INDIRECT(ADDRESS(B37,3,1,1,"all_city_parameter_inputs"))),ISBLANK(INDIRECT(ADDRESS(B37,2,1,1,"all_city_parameter_inputs")))),"",IF(ISBLANK(INDIRECT(ADDRESS(B37,2,1,1,"all_city_parameter_inputs"))),"",INDIRECT(ADDRESS(B37,2,1,1,"all_city_parameter_inputs"))))} -> other | H37: {=IF(ISBLANK(INDIRECT(ADDRESS(B37,A37,1,1,"all_city_parameter_inputs"))), "--",INDIRECT(ADDRESS(B37,A37,1,1,"all_city_parameter_inputs")))} -> -- | I37: =IF(OR(G37="alpha",G37="beta",G37="sd",G37="mean"),"--",VLOOKUP(C37,Default!$B$5:$H$114,7,FALSE())) -> 1906.8934 | J37: =VLOOKUP(F37,Lookup!$C$5:$D$110,2, FALSE()) -> Pollution values | K37: =VLOOKUP(C37,Default!$B$4:$E$114,4, FALSE()) -> 0 | L37: assumes no bias in PA data (could be improved by looking at PA surveys)
A38: 3 | B38: 36 | C38: =IF(G38 = "",F38,IF(OR(G38="alpha",G38="beta",G38="constant",G38="sd",G38="mean",G38="sample"),F38,F38&" "&G38)) -> CO2_emission_inventories taxi | D38: =F38&"_"&E38 -> CO2_emission_inventories_bogota | E38: {=INDIRECT(ADDRESS(1,A38,1,1,"all_city_parameter_inputs"))} -> bogota | F38: {=IF(AND(ISBLANK(INDIRECT(ADDRESS(B38,2,1,1,"all_city_parameter_inputs"))), ISBLANK(INDIRECT(ADDRESS(B38,1,1,1,"all_city_parameter_inputs")))), "", IF(ISBLANK(INDIRECT(ADDRESS(B38,1,1,1,"all_city_parameter_inputs"))), All_city_list!F37,INDIRECT(ADDRESS(B38,1,1,1,"all_city_parameter_inputs"))))} -> CO2_emission_inventories | G38: {=IF(AND(ISBLANK(INDIRECT(ADDRESS(B38,3,1,1,"all_city_parameter_inputs"))),ISBLANK(INDIRECT(ADDRESS(B38,2,1,1,"all_city_parameter_inputs")))),"",IF(ISBLANK(INDIRECT(ADDRESS(B38,2,1,1,"all_city_parameter_inputs"))),"",INDIRECT(ADDRESS(B38,2,1,1,"all_city_parameter_inputs"))))} -> taxi | H38: {=IF(ISBLANK(INDIRECT(ADDRESS(B38,A38,1,1,"all_city_parameter_inputs"))), "--",INDIRECT(ADDRESS(B38,A38,1,1,"all_city_parameter_inputs")))} -> -- | I38: =IF(OR(G38="alpha",G38="beta",G38="sd",G38="mean"),"--",VLOOKUP(C38,Default!$B$5:$H$114,7,FALSE())) -> 0 | J38: =VLOOKUP(F38,Lookup!$C$5:$D$110,2, FALSE()) -> Pollution values | K38: =VLOOKUP(C38,Default!$B$4:$E$114,4, FALSE()) -> 0 | L38: {=IF(ISNA(VLOOKUP($D38,Grouped_Sources!$C:$C,1,FALSE())),"", INDIRECT(VLOOKUP($D38,Grouped_Sources!$C:$I,5,FALSE())))} -> https://www.who.int/publications/m/item/who-air-quality-database-2022 | M38: =IF(ISNA(VLOOKUP($D38,Grouped_Sources!$C:$C,1,FALSE())),"", INDIRECT(VLOOKUP($D38,Grouped_Sources!$C:$I,6,FALSE()))) -> WHO Air Quality Database, Update 2022 | N38: =IF(ISNA(VLOOKUP($D38,Grouped_Sources!$C:$C,1,FALSE())),"", INDIRECT(VLOOKUP($D38,Grouped_Sources!$C:$I,7,FALSE()))) -> 0
A39: 3 | B39: 37 | C39: =IF(G39 = "",F39,IF(OR(G39="alpha",G39="beta",G39="constant",G39="sd",G39="mean",G39="sample"),F39,F39&" "&G39)) -> CO2_emission_inventories auto_rickshaw | D39: =F39&"_"&E39 -> CO2_emission_inventories_bogota | E39: {=INDIRECT(ADDRESS(1,A39,1,1,"all_city_parameter_inputs"))} -> bogota | F39: {=IF(AND(ISBLANK(INDIRECT(ADDRESS(B39,2,1,1,"all_city_parameter_inputs"))), ISBLANK(INDIRECT(ADDRESS(B39,1,1,1,"all_city_parameter_inputs")))), "", IF(ISBLANK(INDIRECT(ADDRESS(B39,1,1,1,"all_city_parameter_inputs"))), All_city_list!F38,INDIRECT(ADDRESS(B39,1,1,1,"all_city_parameter_inputs"))))} -> CO2_emission_inventories | G39: {=IF(AND(ISBLANK(INDIRECT(ADDRESS(B39,3,1,1,"all_city_parameter_inputs"))),ISBLANK(INDIRECT(ADDRESS(B39,2,1,1,"all_city_parameter_inputs")))),"",IF(ISBLANK(INDIRECT(ADDRESS(B39,2,1,1,"all_city_parameter_inputs"))),"",INDIRECT(ADDRESS(B39,2,1,1,"all_city_parameter_inputs"))))} -> auto_rickshaw | H39: {=IF(ISBLANK(INDIRECT(ADDRESS(B39,A39,1,1,"all_city_parameter_inputs"))), "--",INDIRECT(ADDRESS(B39,A39,1,1,"all_city_parameter_inputs")))} -> -- | I39: =IF(OR(G39="alpha",G39="beta",G39="sd",G39="mean"),"--",VLOOKUP(C39,Default!$B$5:$H$114,7,FALSE())) -> 0 | J39: =VLOOKUP(F39,Lookup!$C$5:$D$110,2, FALSE()) -> Pollution values | K39: =VLOOKUP(C39,Default!$B$4:$E$114,4, FALSE()) -> 0 | L39: {=IF(ISNA(VLOOKUP($D39,Grouped_Sources!$C:$C,1,FALSE())),"", INDIRECT(VLOOKUP($D39,Grouped_Sources!$C:$I,5,FALSE())))} -> https://www.who.int/publications/m/item/who-air-quality-database-2022 | M39: =IF(ISNA(VLOOKUP($D39,Grouped_Sources!$C:$C,1,FALSE())),"", INDIRECT(VLOOKUP($D39,Grouped_Sources!$C:$I,6,FALSE()))) -> WHO Air Quality Database, Update 2022 | N39: =IF(ISNA(VLOOKUP($D39,Grouped_Sources!$C:$C,1,FALSE())),"", INDIRECT(VLOOKUP($D39,Grouped_Sources!$C:$I,7,FALSE()))) -> 0
A40: 3 | B40: 38 | C40: =IF(G40 = "",F40,IF(OR(G40="alpha",G40="beta",G40="constant",G40="sd",G40="mean",G40="sample"),F40,F40&" "&G40)) -> country | D40: =F40&"_"&E40 -> country_bogota | E40: {=INDIRECT(ADDRESS(1,A40,1,1,"all_city_parameter_inputs"))} -> bogota | F40: {=IF(AND(ISBLANK(INDIRECT(ADDRESS(B40,2,1,1,"all_city_parameter_inputs"))), ISBLANK(INDIRECT(ADDRESS(B40,1,1,1,"all_city_parameter_inputs")))), "", IF(ISBLANK(INDIRECT(ADDRESS(B40,1,1,1,"all_city_parameter_inputs"))), All_city_list!F39,INDIRECT(ADDRESS(B40,1,1,1,"all_city_parameter_inputs"))))} -> country | G40: {=IF(AND(ISBLANK(INDIRECT(ADDRESS(B40,3,1,1,"all_city_parameter_inputs"))),ISBLANK(INDIRECT(ADDRESS(B40,2,1,1,"all_city_parameter_inputs")))),"",IF(ISBLANK(INDIRECT(ADDRESS(B40,2,1,1,"all_city_parameter_inputs"))),"",INDIRECT(ADDRESS(B40,2,1,1,"all_city_parameter_inputs"))))} | H40: {=IF(ISBLANK(INDIRECT(ADDRESS(B40,A40,1,1,"all_city_parameter_inputs"))), "--",INDIRECT(ADDRESS(B40,A40,1,1,"all_city_parameter_inputs")))} -> Colombia | I40: =IF(OR(G40="alpha",G40="beta",G40="sd",G40="mean"),"--",VLOOKUP(C40,Default!$B$5:$H$114,7,FALSE())) -> Bogota | J40: =VLOOKUP(F40,Lookup!$C$5:$D$110,2, FALSE()) -> Miscellaneous | K40: =VLOOKUP(C40,Default!$B$4:$E$114,4, FALSE()) -> country where city lies in | L40: https://www.datos.gov.co/Transporte/Encuesta-de-movilidad-de-Bogot-2015-Caracterizaci-/mvbb-bn7j | M40: median walking stage duration for all bus trips with a walking stage in the Bogota 2019 travel survey
A41: 3 | B41: 39 | C41: =IF(G41 = "",F41,IF(OR(G41="alpha",G41="beta",G41="constant",G41="sd",G41="mean",G41="sample"),F41,F41&" "&G41)) -> continent | D41: =F41&"_"&E41 -> continent_bogota | E41: {=INDIRECT(ADDRESS(1,A41,1,1,"all_city_parameter_inputs"))} -> bogota | F41: {=IF(AND(ISBLANK(INDIRECT(ADDRESS(B41,2,1,1,"all_city_parameter_inputs"))), ISBLANK(INDIRECT(ADDRESS(B41,1,1,1,"all_city_parameter_inputs")))), "", IF(ISBLANK(INDIRECT(ADDRESS(B41,1,1,1,"all_city_parameter_inputs"))), All_city_list!F40,INDIRECT(ADDRESS(B41,1,1,1,"all_city_parameter_inputs"))))} -> continent | G41: {=IF(AND(ISBLANK(INDIRECT(ADDRESS(B41,3,1,1,"all_city_parameter_inputs"))),ISBLANK(INDIRECT(ADDRESS(B41,2,1,1,"all_city_parameter_inputs")))),"",IF(ISBLANK(INDIRECT(ADDRESS(B41,2,1,1,"all_city_parameter_inputs"))),"",INDIRECT(ADDRESS(B41,2,1,1,"all_city_parameter_inputs"))))} | H41: {=IF(ISBLANK(INDIRECT(ADDRESS(B41,A41,1,1,"all_city_parameter_inputs"))), "--",INDIRECT(ADDRESS(B41,A41,1,1,"all_city_parameter_inputs")))} -> Latin_America | I41: =IF(OR(G41="alpha",G41="beta",G41="sd",G41="mean"),"--",VLOOKUP(C41,Default!$B$5:$H$114,7,FALSE())) -> Latin_America | J41: =VLOOKUP(F41,Lookup!$C$5:$D$110,2, FALSE()) -> Miscellaneous | K41: =VLOOKUP(C41,Default!$B$4:$E$114,4, FALSE()) -> continent | L41: =IF(ISNA(VLOOKUP($D41,Grouped_Sources!$C:$C,1,FALSE())),"", INDIRECT(VLOOKUP($D41,Grouped_Sources!$C:$I,5,FALSE()))) | M41: =IF(ISNA(VLOOKUP($D41,Grouped_Sources!$C:$C,1,FALSE())),"", INDIRECT(VLOOKUP($D41,Grouped_Sources!$C:$I,6,FALSE()))) | N41: =IF(ISNA(VLOOKUP($D41,Grouped_Sources!$C:$C,1,FALSE())),"", INDIRECT(VLOOKUP($D41,Grouped_Sources!$C:$I,7,FALSE())))
A42: 3 | B42: 40 | C42: =IF(G42 = "",F42,IF(OR(G42="alpha",G42="beta",G42="constant",G42="sd",G42="mean",G42="sample"),F42,F42&" "&G42)) | D42: =F42&"_"&E42 -> _bogota | E42: {=INDIRECT(ADDRESS(1,A42,1,1,"all_city_parameter_inputs"))} -> bogota | F42: {=IF(AND(ISBLANK(INDIRECT(ADDRESS(B42,2,1,1,"all_city_parameter_inputs"))), ISBLANK(INDIRECT(ADDRESS(B42,1,1,1,"all_city_parameter_inputs")))), "", IF(ISBLANK(INDIRECT(ADDRESS(B42,1,1,1,"all_city_parameter_inputs"))), All_city_list!F41,INDIRECT(ADDRESS(B42,1,1,1,"all_city_parameter_inputs"))))} | G42: {=IF(AND(ISBLANK(INDIRECT(ADDRESS(B42,3,1,1,"all_city_parameter_inputs"))),ISBLANK(INDIRECT(ADDRESS(B42,2,1,1,"all_city_parameter_inputs")))),"",IF(ISBLANK(INDIRECT(ADDRESS(B42,2,1,1,"all_city_parameter_inputs"))),"",INDIRECT(ADDRESS(B42,2,1,1,"all_city_parameter_inputs"))))} | H42: {=IF(ISBLANK(INDIRECT(ADDRESS(B42,A42,1,1,"all_city_parameter_inputs"))), "--",INDIRECT(ADDRESS(B42,A42,1,1,"all_city_parameter_inputs")))} -> -- | I42: =IF(OR(G42="alpha",G42="beta",G42="sd",G42="mean"),"--",VLOOKUP(C42,Default!$B$5:$H$114,7,FALSE())) -> #N/A | J42: =VLOOKUP(F42,Lookup!$C$5:$D$110,2, FALSE()) -> #N/A | K42: =VLOOKUP(C42,Default!$B$4:$E$114,4, FALSE()) -> #N/A | L42: =IF(ISNA(VLOOKUP($D42,Grouped_Sources!$C:$C,1,FALSE())),"", INDIRECT(VLOOKUP($D42,Grouped_Sources!$C:$I,5,FALSE()))) | M42: =IF(ISNA(VLOOKUP($D42,Grouped_Sources!$C:$C,1,FALSE())),"", INDIRECT(VLOOKUP($D42,Grouped_Sources!$C:$I,6,FALSE()))) | N42: =IF(ISNA(VLOOKUP($D42,Grouped_Sources!$C:$C,1,FALSE())),"", INDIRECT(VLOOKUP($D42,Grouped_Sources!$C:$I,7,FALSE())))
A43: 3 | B43: 41 | C43: =IF(G43 = "",F43,IF(OR(G43="alpha",G43="beta",G43="constant",G43="sd",G43="mean",G43="sample"),F43,F43&" "&G43)) | D43: =F43&"_"&E43 -> _bogota | E43: {=INDIRECT(ADDRESS(1,A43,1,1,"all_city_parameter_inputs"))} -> bogota | F43: {=IF(AND(ISBLANK(INDIRECT(ADDRESS(B43,2,1,1,"all_city_parameter_inputs"))), ISBLANK(INDIRECT(ADDRESS(B43,1,1,1,"all_city_parameter_inputs")))), "", IF(ISBLANK(INDIRECT(ADDRESS(B43,1,1,1,"all_city_parameter_inputs"))), All_city_list!F42,INDIRECT(ADDRESS(B43,1,1,1,"all_city_parameter_inputs"))))} | G43: {=IF(AND(ISBLANK(INDIRECT(ADDRESS(B43,3,1,1,"all_city_parameter_inputs"))),ISBLANK(INDIRECT(ADDRESS(B43,2,1,1,"all_city_parameter_inputs")))),"",IF(ISBLANK(INDIRECT(ADDRESS(B43,2,1,1,"all_city_parameter_inputs"))),"",INDIRECT(ADDRESS(B43,2,1,1,"all_city_parameter_inputs"))))} | H43: {=IF(ISBLANK(INDIRECT(ADDRESS(B43,A43,1,1,"all_city_parameter_inputs"))), "--",INDIRECT(ADDRESS(B43,A43,1,1,"all_city_parameter_inputs")))} -> -- | I43: =IF(OR(G43="alpha",G43="beta",G43="sd",G43="mean"),"--",VLOOKUP(C43,Default!$B$5:$H$114,7,FALSE())) -> #N/A | J43: =VLOOKUP(F43,Lookup!$C$5:$D$110,2, FALSE()) -> #N/A | K43: =VLOOKUP(C43,Default!$B$4:$E$114,4, FALSE()) -> #N/A | L43: Sao Paulo: https://transparencia.metrosp.com.br/dataset/pesquisa-de-mobilidade-urbana Mexico City: http://www.beta.inegi.org.mx/programas/eod/2017/ | M43: average of median walking stage duration for all rail trips with a walking stage in the Sao Paulo 2017 and the Mexico City 2017 travel surveys
A44: 3 | B44: 42 | C44: =IF(G44 = "",F44,IF(OR(G44="alpha",G44="beta",G44="constant",G44="sd",G44="mean",G44="sample"),F44,F44&" "&G44)) | D44: =F44&"_"&E44 -> _bogota | E44: {=INDIRECT(ADDRESS(1,A44,1,1,"all_city_parameter_inputs"))} -> bogota | F44: {=IF(AND(ISBLANK(INDIRECT(ADDRESS(B44,2,1,1,"all_city_parameter_inputs"))), ISBLANK(INDIRECT(ADDRESS(B44,1,1,1,"all_city_parameter_inputs")))), "", IF(ISBLANK(INDIRECT(ADDRESS(B44,1,1,1,"all_city_parameter_inputs"))), All_city_list!F43,INDIRECT(ADDRESS(B44,1,1,1,"all_city_parameter_inputs"))))} | G44: {=IF(AND(ISBLANK(INDIRECT(ADDRESS(B44,3,1,1,"all_city_parameter_inputs"))),ISBLANK(INDIRECT(ADDRESS(B44,2,1,1,"all_city_parameter_inputs")))),"",IF(ISBLANK(INDIRECT(ADDRESS(B44,2,1,1,"all_city_parameter_inputs"))),"",INDIRECT(ADDRESS(B44,2,1,1,"all_city_parameter_inputs"))))} | H44: {=IF(ISBLANK(INDIRECT(ADDRESS(B44,A44,1,1,"all_city_parameter_inputs"))), "--",INDIRECT(ADDRESS(B44,A44,1,1,"all_city_parameter_inputs")))} -> -- | I44: =IF(OR(G44="alpha",G44="beta",G44="sd",G44="mean"),"--",VLOOKUP(C44,Default!$B$5:$H$114,7,FALSE())) -> #N/A | J44: =VLOOKUP(F44,Lookup!$C$5:$D$110,2, FALSE()) -> #N/A | K44: =VLOOKUP(C44,Default!$B$4:$E$114,4, FALSE()) -> #N/A | L44: =IF(ISNA(VLOOKUP($D44,Grouped_Sources!$C:$C,1,FALSE())),"", INDIRECT(VLOOKUP($D44,Grouped_Sources!$C:$I,5,FALSE()))) | M44: =IF(ISNA(VLOOKUP($D44,Grouped_Sources!$C:$C,1,FALSE())),"", INDIRECT(VLOOKUP($D44,Grouped_Sources!$C:$I,6,FALSE()))) | N44: =IF(ISNA(VLOOKUP($D44,Grouped_Sources!$C:$C,1,FALSE())),"", INDIRECT(VLOOKUP($D44,Grouped_Sources!$C:$I,7,FALSE())))
A45: 3 | B45: 43 | C45: =IF(G45 = "",F45,IF(OR(G45="alpha",G45="beta",G45="constant",G45="sd",G45="mean",G45="sample"),F45,F45&" "&G45)) | D45: =F45&"_"&E45 -> _bogota | E45: {=INDIRECT(ADDRESS(1,A45,1,1,"all_city_parameter_inputs"))} -> bogota | F45: {=IF(AND(ISBLANK(INDIRECT(ADDRESS(B45,2,1,1,"all_city_parameter_inputs"))), ISBLANK(INDIRECT(ADDRESS(B45,1,1,1,"all_city_parameter_inputs")))), "", IF(ISBLANK(INDIRECT(ADDRESS(B45,1,1,1,"all_city_parameter_inputs"))), All_city_list!F44,INDIRECT(ADDRESS(B45,1,1,1,"all_city_parameter_inputs"))))} | G45: {=IF(AND(ISBLANK(INDIRECT(ADDRESS(B45,3,1,1,"all_city_parameter_inputs"))),ISBLANK(INDIRECT(ADDRESS(B45,2,1,1,"all_city_parameter_inputs")))),"",IF(ISBLANK(INDIRECT(ADDRESS(B45,2,1,1,"all_city_parameter_inputs"))),"",INDIRECT(ADDRESS(B45,2,1,1,"all_city_parameter_inputs"))))} | H45: {=IF(ISBLANK(INDIRECT(ADDRESS(B45,A45,1,1,"all_city_parameter_inputs"))), "--",INDIRECT(ADDRESS(B45,A45,1,1,"all_city_parameter_inputs")))} -> -- | I45: =IF(OR(G45="alpha",G45="beta",G45="sd",G45="mean"),"--",VLOOKUP(C45,Default!$B$5:$H$114,7,FALSE())) -> #N/A | J45: =VLOOKUP(F45,Lookup!$C$5:$D$110,2, FALSE()) -> #N/A | K45: =VLOOKUP(C45,Default!$B$4:$E$114,4, FALSE()) -> #N/A | L45: {=IF(ISNA(VLOOKUP($D45,Grouped_Sources!$C:$C,1,FALSE())),"", INDIRECT(VLOOKUP($D45,Grouped_Sources!$C:$I,5,FALSE())))} | M45: {=IF(ISNA(VLOOKUP($D45,Grouped_Sources!$C:$C,1,FALSE())),"", INDIRECT(VLOOKUP($D45,Grouped_Sources!$C:$I,6,FALSE())))} | N45: =IF(ISNA(VLOOKUP($D45,Grouped_Sources!$C:$C,1,FALSE())),"", INDIRECT(VLOOKUP($D45,Grouped_Sources!$C:$I,7,FALSE())))
A46: 3 | B46: 44 | C46: =IF(G46 = "",F46,IF(OR(G46="alpha",G46="beta",G46="constant",G46="sd",G46="mean",G46="sample"),F46,F46&" "&G46)) | D46: =F46&"_"&E46 -> _bogota | E46: {=INDIRECT(ADDRESS(1,A46,1,1,"all_city_parameter_inputs"))} -> bogota | F46: {=IF(AND(ISBLANK(INDIRECT(ADDRESS(B46,2,1,1,"all_city_parameter_inputs"))), ISBLANK(INDIRECT(ADDRESS(B46,1,1,1,"all_city_parameter_inputs")))), "", IF(ISBLANK(INDIRECT(ADDRESS(B46,1,1,1,"all_city_parameter_inputs"))), All_city_list!F45,INDIRECT(ADDRESS(B46,1,1,1,"all_city_parameter_inputs"))))} | G46: {=IF(AND(ISBLANK(INDIRECT(ADDRESS(B46,3,1,1,"all_city_parameter_inputs"))),ISBLANK(INDIRECT(ADDRESS(B46,2,1,1,"all_city_parameter_inputs")))),"",IF(ISBLANK(INDIRECT(ADDRESS(B46,2,1,1,"all_city_parameter_inputs"))),"",INDIRECT(ADDRESS(B46,2,1,1,"all_city_parameter_inputs"))))} | H46: {=IF(ISBLANK(INDIRECT(ADDRESS(B46,A46,1,1,"all_city_parameter_inputs"))), "--",INDIRECT(ADDRESS(B46,A46,1,1,"all_city_parameter_inputs")))} -> -- | I46: =IF(OR(G46="alpha",G46="beta",G46="sd",G46="mean"),"--",VLOOKUP(C46,Default!$B$5:$H$114,7,FALSE())) -> #N/A | J46: =VLOOKUP(F46,Lookup!$C$5:$D$110,2, FALSE()) -> #N/A | K46: =VLOOKUP(C46,Default!$B$4:$E$114,4, FALSE()) -> #N/A | L46: Bogotá travel survey contains motorcycle trips
A47: 3 | B47: 45 | C47: =IF(G47 = "",F47,IF(OR(G47="alpha",G47="beta",G47="constant",G47="sd",G47="mean",G47="sample"),F47,F47&" "&G47)) | D47: =F47&"_"&E47 -> _bogota | E47: {=INDIRECT(ADDRESS(1,A47,1,1,"all_city_parameter_inputs"))} -> bogota | F47: {=IF(AND(ISBLANK(INDIRECT(ADDRESS(B47,2,1,1,"all_city_parameter_inputs"))), ISBLANK(INDIRECT(ADDRESS(B47,1,1,1,"all_city_parameter_inputs")))), "", IF(ISBLANK(INDIRECT(ADDRESS(B47,1,1,1,"all_city_parameter_inputs"))), All_city_list!F46,INDIRECT(ADDRESS(B47,1,1,1,"all_city_parameter_inputs"))))} | G47: {=IF(AND(ISBLANK(INDIRECT(ADDRESS(B47,3,1,1,"all_city_parameter_inputs"))),ISBLANK(INDIRECT(ADDRESS(B47,2,1,1,"all_city_parameter_inputs")))),"",IF(ISBLANK(INDIRECT(ADDRESS(B47,2,1,1,"all_city_parameter_inputs"))),"",INDIRECT(ADDRESS(B47,2,1,1,"all_city_parameter_inputs"))))} | H47: {=IF(ISBLANK(INDIRECT(ADDRESS(B47,A47,1,1,"all_city_parameter_inputs"))), "--",INDIRECT(ADDRESS(B47,A47,1,1,"all_city_parameter_inputs")))} -> -- | I47: =IF(OR(G47="alpha",G47="beta",G47="sd",G47="mean"),"--",VLOOKUP(C47,Default!$B$5:$H$114,7,FALSE())) -> #N/A | J47: =VLOOKUP(F47,Lookup!$C$5:$D$110,2, FALSE()) -> #N/A | K47: =VLOOKUP(C47,Default!$B$4:$E$114,4, FALSE()) -> #N/A | L47: Bogotá travel survey contains motorcycle trips
A48: 3 | B48: 46 | C48: =IF(G48 = "",F48,IF(OR(G48="alpha",G48="beta",G48="constant",G48="sd",G48="mean",G48="sample"),F48,F48&" "&G48)) | D48: =F48&"_"&E48 -> _bogota | E48: {=INDIRECT(ADDRESS(1,A48,1,1,"all_city_parameter_inputs"))} -> bogota | F48: {=IF(AND(ISBLANK(INDIRECT(ADDRESS(B48,2,1,1,"all_city_parameter_inputs"))), ISBLANK(INDIRECT(ADDRESS(B48,1,1,1,"all_city_parameter_inputs")))), "", IF(ISBLANK(INDIRECT(ADDRESS(B48,1,1,1,"all_city_parameter_inputs"))), All_city_list!F47,INDIRECT(ADDRESS(B48,1,1,1,"all_city_parameter_inputs"))))} | G48: {=IF(AND(ISBLANK(INDIRECT(ADDRESS(B48,3,1,1,"all_city_parameter_inputs"))),ISBLANK(INDIRECT(ADDRESS(B48,2,1,1,"all_city_parameter_inputs")))),"",IF(ISBLANK(INDIRECT(ADDRESS(B48,2,1,1,"all_city_parameter_inputs"))),"",INDIRECT(ADDRESS(B48,2,1,1,"all_city_parameter_inputs"))))} | H48: {=IF(ISBLANK(INDIRECT(ADDRESS(B48,A48,1,1,"all_city_parameter_inputs"))), "--",INDIRECT(ADDRESS(B48,A48,1,1,"all_city_parameter_inputs")))} -> -- | I48: =IF(OR(G48="alpha",G48="beta",G48="sd",G48="mean"),"--",VLOOKUP(C48,Default!$B$5:$H$114,7,FALSE())) -> #N/A | J48: =VLOOKUP(F48,Lookup!$C$5:$D$110,2, FALSE()) -> #N/A | K48: =VLOOKUP(C48,Default!$B$4:$E$114,4, FALSE()) -> #N/A | L48: =IF(ISNA(VLOOKUP($D48,Grouped_Sources!$C:$C,1,FALSE())),"", INDIRECT(VLOOKUP($D48,Grouped_Sources!$C:$I,5,FALSE()))) | M48: =IF(ISNA(VLOOKUP($D48,Grouped_Sources!$C:$C,1,FALSE())),"", INDIRECT(VLOOKUP($D48,Grouped_Sources!$C:$I,6,FALSE()))) | N48: =IF(ISNA(VLOOKUP($D48,Grouped_Sources!$C:$C,1,FALSE())),"", INDIRECT(VLOOKUP($D48,Grouped_Sources!$C:$I,7,FALSE())))
A49: 3 | B49: 47 | C49: =IF(G49 = "",F49,IF(OR(G49="alpha",G49="beta",G49="constant",G49="sd",G49="mean",G49="sample"),F49,F49&" "&G49)) | D49: =F49&"_"&E49 -> _bogota | E49: {=INDIRECT(ADDRESS(1,A49,1,1,"all_city_parameter_inputs"))} -> bogota | F49: {=IF(AND(ISBLANK(INDIRECT(ADDRESS(B49,2,1,1,"all_city_parameter_inputs"))), ISBLANK(INDIRECT(ADDRESS(B49,1,1,1,"all_city_parameter_inputs")))), "", IF(ISBLANK(INDIRECT(ADDRESS(B49,1,1,1,"all_city_parameter_inputs"))), All_city_list!F48,INDIRECT(ADDRESS(B49,1,1,1,"all_city_parameter_inputs"))))} | G49: {=IF(AND(ISBLANK(INDIRECT(ADDRESS(B49,3,1,1,"all_city_parameter_inputs"))),ISBLANK(INDIRECT(ADDRESS(B49,2,1,1,"all_city_parameter_inputs")))),"",IF(ISBLANK(INDIRECT(ADDRESS(B49,2,1,1,"all_city_parameter_inputs"))),"",INDIRECT(ADDRESS(B49,2,1,1,"all_city_parameter_inputs"))))} | H49: {=IF(ISBLANK(INDIRECT(ADDRESS(B49,A49,1,1,"all_city_parameter_inputs"))), "--",INDIRECT(ADDRESS(B49,A49,1,1,"all_city_parameter_inputs")))} -> -- | I49: =IF(OR(G49="alpha",G49="beta",G49="sd",G49="mean"),"--",VLOOKUP(C49,Default!$B$5:$H$114,7,FALSE())) -> #N/A | J49: =VLOOKUP(F49,Lookup!$C$5:$D$110,2, FALSE()) -> #N/A | K49: =VLOOKUP(C49,Default!$B$4:$E$114,4, FALSE()) -> #N/A | L49: =IF(ISNA(VLOOKUP($D49,Grouped_Sources!$C:$C,1,FALSE())),"", INDIRECT(VLOOKUP($D49,Grouped_Sources!$C:$I,5,FALSE()))) | M49: =IF(ISNA(VLOOKUP($D49,Grouped_Sources!$C:$C,1,FALSE())),"", INDIRECT(VLOOKUP($D49,Grouped_Sources!$C:$I,6,FALSE()))) | N49: =IF(ISNA(VLOOKUP($D49,Grouped_Sources!$C:$C,1,FALSE())),"", INDIRECT(VLOOKUP($D49,Grouped_Sources!$C:$I,7,FALSE())))
A50: 3 | B50: 48 | C50: =IF(G50 = "",F50,IF(OR(G50="alpha",G50="beta",G50="constant",G50="sd",G50="mean",G50="sample"),F50,F50&" "&G50)) | D50: =F50&"_"&E50 -> _bogota | E50: {=INDIRECT(ADDRESS(1,A50,1,1,"all_city_parameter_inputs"))} -> bogota | F50: {=IF(AND(ISBLANK(INDIRECT(ADDRESS(B50,2,1,1,"all_city_parameter_inputs"))), ISBLANK(INDIRECT(ADDRESS(B50,1,1,1,"all_city_parameter_inputs")))), "", IF(ISBLANK(INDIRECT(ADDRESS(B50,1,1,1,"all_city_parameter_inputs"))), All_city_list!F49,INDIRECT(ADDRESS(B50,1,1,1,"all_city_parameter_inputs"))))} | G50: {=IF(AND(ISBLANK(INDIRECT(ADDRESS(B50,3,1,1,"all_city_parameter_inputs"))),ISBLANK(INDIRECT(ADDRESS(B50,2,1,1,"all_city_parameter_inputs")))),"",IF(ISBLANK(INDIRECT(ADDRESS(B50,2,1,1,"all_city_parameter_inputs"))),"",INDIRECT(ADDRESS(B50,2,1,1,"all_city_parameter_inputs"))))} | H50: {=IF(ISBLANK(INDIRECT(ADDRESS(B50,A50,1,1,"all_city_parameter_inputs"))), "--",INDIRECT(ADDRESS(B50,A50,1,1,"all_city_parameter_inputs")))} -> -- | I50: =IF(OR(G50="alpha",G50="beta",G50="sd",G50="mean"),"--",VLOOKUP(C50,Default!$B$5:$H$114,7,FALSE())) -> #N/A | J50: =VLOOKUP(F50,Lookup!$C$5:$D$110,2, FALSE()) -> #N/A | K50: =VLOOKUP(C50,Default!$B$4:$E$114,4, FALSE()) -> #N/A | L50: want to add commercial motorcycle trips
A51: 3 | B51: 49 | C51: =IF(G51 = "",F51,IF(OR(G51="alpha",G51="beta",G51="constant",G51="sd",G51="mean",G51="sample"),F51,F51&" "&G51)) | D51: =F51&"_"&E51 -> _bogota | E51: {=INDIRECT(ADDRESS(1,A51,1,1,"all_city_parameter_inputs"))} -> bogota | F51: {=IF(AND(ISBLANK(INDIRECT(ADDRESS(B51,2,1,1,"all_city_parameter_inputs"))), ISBLANK(INDIRECT(ADDRESS(B51,1,1,1,"all_city_parameter_inputs")))), "", IF(ISBLANK(INDIRECT(ADDRESS(B51,1,1,1,"all_city_parameter_inputs"))), All_city_list!F50,INDIRECT(ADDRESS(B51,1,1,1,"all_city_parameter_inputs"))))} | G51: {=IF(AND(ISBLANK(INDIRECT(ADDRESS(B51,3,1,1,"all_city_parameter_inputs"))),ISBLANK(INDIRECT(ADDRESS(B51,2,1,1,"all_city_parameter_inputs")))),"",IF(ISBLANK(INDIRECT(ADDRESS(B51,2,1,1,"all_city_parameter_inputs"))),"",INDIRECT(ADDRESS(B51,2,1,1,"all_city_parameter_inputs"))))} | H51: {=IF(ISBLANK(INDIRECT(ADDRESS(B51,A51,1,1,"all_city_parameter_inputs"))), "--",INDIRECT(ADDRESS(B51,A51,1,1,"all_city_parameter_inputs")))} -> -- | I51: =IF(OR(G51="alpha",G51="beta",G51="sd",G51="mean"),"--",VLOOKUP(C51,Default!$B$5:$H$114,7,FALSE())) -> #N/A | J51: =VLOOKUP(F51,Lookup!$C$5:$D$110,2, FALSE()) -> #N/A | K51: =VLOOKUP(C51,Default!$B$4:$E$114,4, FALSE()) -> #N/A | L51: https://scioteca.caf.com/bitstream/handle/123456789/754/CAF%20LIBRO%20motos%20digital.pdf?sequence=1&isAllowed=y | M51: Rodríguez 2015
A52: 3 | B52: 50 | C52: =IF(G52 = "",F52,IF(OR(G52="alpha",G52="beta",G52="constant",G52="sd",G52="mean",G52="sample"),F52,F52&" "&G52)) | D52: =F52&"_"&E52 -> _bogota | E52: {=INDIRECT(ADDRESS(1,A52,1,1,"all_city_parameter_inputs"))} -> bogota | F52: {=IF(AND(ISBLANK(INDIRECT(ADDRESS(B52,2,1,1,"all_city_parameter_inputs"))), ISBLANK(INDIRECT(ADDRESS(B52,1,1,1,"all_city_parameter_inputs")))), "", IF(ISBLANK(INDIRECT(ADDRESS(B52,1,1,1,"all_city_parameter_inputs"))), All_city_list!F51,INDIRECT(ADDRESS(B52,1,1,1,"all_city_parameter_inputs"))))} | G52: {=IF(AND(ISBLANK(INDIRECT(ADDRESS(B52,3,1,1,"all_city_parameter_inputs"))),ISBLANK(INDIRECT(ADDRESS(B52,2,1,1,"all_city_parameter_inputs")))),"",IF(ISBLANK(INDIRECT(ADDRESS(B52,2,1,1,"all_city_parameter_inputs"))),"",INDIRECT(ADDRESS(B52,2,1,1,"all_city_parameter_inputs"))))} | H52: {=IF(ISBLANK(INDIRECT(ADDRESS(B52,A52,1,1,"all_city_parameter_inputs"))), "--",INDIRECT(ADDRESS(B52,A52,1,1,"all_city_parameter_inputs")))} -> -- | I52: =IF(OR(G52="alpha",G52="beta",G52="sd",G52="mean"),"--",VLOOKUP(C52,Default!$B$5:$H$114,7,FALSE())) -> #N/A | J52: =VLOOKUP(F52,Lookup!$C$5:$D$110,2, FALSE()) -> #N/A | K52: =VLOOKUP(C52,Default!$B$4:$E$114,4, FALSE()) -> #N/A | L52: =IF(ISNA(VLOOKUP($D52,Grouped_Sources!$C:$C,1,FALSE())),"", INDIRECT(VLOOKUP($D52,Grouped_Sources!$C:$I,5,FALSE()))) | M52: =IF(ISNA(VLOOKUP($D52,Grouped_Sources!$C:$C,1,FALSE())),"", INDIRECT(VLOOKUP($D52,Grouped_Sources!$C:$I,6,FALSE()))) | N52: =IF(ISNA(VLOOKUP($D52,Grouped_Sources!$C:$C,1,FALSE())),"", INDIRECT(VLOOKUP($D52,Grouped_Sources!$C:$I,7,FALSE())))
A53: 3 | B53: 51 | C53: =IF(G53 = "",F53,IF(OR(G53="alpha",G53="beta",G53="constant",G53="sd",G53="mean",G53="sample"),F53,F53&" "&G53)) | D53: =F53&"_"&E53 -> _bogota | E53: {=INDIRECT(ADDRESS(1,A53,1,1,"all_city_parameter_inputs"))} -> bogota | F53: {=IF(AND(ISBLANK(INDIRECT(ADDRESS(B53,2,1,1,"all_city_parameter_inputs"))), ISBLANK(INDIRECT(ADDRESS(B53,1,1,1,"all_city_parameter_inputs")))), "", IF(ISBLANK(INDIRECT(ADDRESS(B53,1,1,1,"all_city_parameter_inputs"))), All_city_list!F52,INDIRECT(ADDRESS(B53,1,1,1,"all_city_parameter_inputs"))))} | G53: {=IF(AND(ISBLANK(INDIRECT(ADDRESS(B53,3,1,1,"all_city_parameter_inputs"))),ISBLANK(INDIRECT(ADDRESS(B53,2,1,1,"all_city_parameter_inputs")))),"",IF(ISBLANK(INDIRECT(ADDRESS(B53,2,1,1,"all_city_parameter_inputs"))),"",INDIRECT(ADDRESS(B53,2,1,1,"all_city_parameter_inputs"))))} | H53: {=IF(ISBLANK(INDIRECT(ADDRESS(B53,A53,1,1,"all_city_parameter_inputs"))), "--",INDIRECT(ADDRESS(B53,A53,1,1,"all_city_parameter_inputs")))} -> -- | I53: =IF(OR(G53="alpha",G53="beta",G53="sd",G53="mean"),"--",VLOOKUP(C53,Default!$B$5:$H$114,7,FALSE())) -> #N/A | J53: =VLOOKUP(F53,Lookup!$C$5:$D$110,2, FALSE()) -> #N/A | K53: =VLOOKUP(C53,Default!$B$4:$E$114,4, FALSE()) -> #N/A | L53: =IF(ISNA(VLOOKUP($D53,Grouped_Sources!$C:$C,1,FALSE())),"", INDIRECT(VLOOKUP($D53,Grouped_Sources!$C:$I,5,FALSE()))) | M53: =IF(ISNA(VLOOKUP($D53,Grouped_Sources!$C:$C,1,FALSE())),"", INDIRECT(VLOOKUP($D53,Grouped_Sources!$C:$I,6,FALSE()))) | N53: =IF(ISNA(VLOOKUP($D53,Grouped_Sources!$C:$C,1,FALSE())),"", INDIRECT(VLOOKUP($D53,Grouped_Sources!$C:$I,7,FALSE())))
A54: 3 | B54: 52 | C54: =IF(G54 = "",F54,IF(OR(G54="alpha",G54="beta",G54="constant",G54="sd",G54="mean",G54="sample"),F54,F54&" "&G54)) | D54: =F54&"_"&E54 -> _bogota | E54: {=INDIRECT(ADDRESS(1,A54,1,1,"all_city_parameter_inputs"))} -> bogota | F54: {=IF(AND(ISBLANK(INDIRECT(ADDRESS(B54,2,1,1,"all_city_parameter_inputs"))), ISBLANK(INDIRECT(ADDRESS(B54,1,1,1,"all_city_parameter_inputs")))), "", IF(ISBLANK(INDIRECT(ADDRESS(B54,1,1,1,"all_city_parameter_inputs"))), All_city_list!F53,INDIRECT(ADDRESS(B54,1,1,1,"all_city_parameter_inputs"))))} | G54: {=IF(AND(ISBLANK(INDIRECT(ADDRESS(B54,3,1,1,"all_city_parameter_inputs"))),ISBLANK(INDIRECT(ADDRESS(B54,2,1,1,"all_city_parameter_inputs")))),"",IF(ISBLANK(INDIRECT(ADDRESS(B54,2,1,1,"all_city_parameter_inputs"))),"",INDIRECT(ADDRESS(B54,2,1,1,"all_city_parameter_inputs"))))} | H54: {=IF(ISBLANK(INDIRECT(ADDRESS(B54,A54,1,1,"all_city_parameter_inputs"))), "--",INDIRECT(ADDRESS(B54,A54,1,1,"all_city_parameter_inputs")))} -> -- | I54: =IF(OR(G54="alpha",G54="beta",G54="sd",G54="mean"),"--",VLOOKUP(C54,Default!$B$5:$H$114,7,FALSE())) -> #N/A | J54: =VLOOKUP(F54,Lookup!$C$5:$D$110,2, FALSE()) -> #N/A | K54: =VLOOKUP(C54,Default!$B$4:$E$114,4, FALSE()) -> #N/A | L54: Not used for constant run
A55: 3 | B55: 53 | C55: =IF(G55 = "",F55,IF(OR(G55="alpha",G55="beta",G55="constant",G55="sd",G55="mean",G55="sample"),F55,F55&" "&G55)) | D55: =F55&"_"&E55 -> _bogota | E55: {=INDIRECT(ADDRESS(1,A55,1,1,"all_city_parameter_inputs"))} -> bogota | F55: {=IF(AND(ISBLANK(INDIRECT(ADDRESS(B55,2,1,1,"all_city_parameter_inputs"))), ISBLANK(INDIRECT(ADDRESS(B55,1,1,1,"all_city_parameter_inputs")))), "", IF(ISBLANK(INDIRECT(ADDRESS(B55,1,1,1,"all_city_parameter_inputs"))), All_city_list!F54,INDIRECT(ADDRESS(B55,1,1,1,"all_city_parameter_inputs"))))} | G55: {=IF(AND(ISBLANK(INDIRECT(ADDRESS(B55,3,1,1,"all_city_parameter_inputs"))),ISBLANK(INDIRECT(ADDRESS(B55,2,1,1,"all_city_parameter_inputs")))),"",IF(ISBLANK(INDIRECT(ADDRESS(B55,2,1,1,"all_city_parameter_inputs"))),"",INDIRECT(ADDRESS(B55,2,1,1,"all_city_parameter_inputs"))))} | H55: {=IF(ISBLANK(INDIRECT(ADDRESS(B55,A55,1,1,"all_city_parameter_inputs"))), "--",INDIRECT(ADDRESS(B55,A55,1,1,"all_city_parameter_inputs")))} -> -- | I55: =IF(OR(G55="alpha",G55="beta",G55="sd",G55="mean"),"--",VLOOKUP(C55,Default!$B$5:$H$114,7,FALSE())) -> #N/A | J55: =VLOOKUP(F55,Lookup!$C$5:$D$110,2, FALSE()) -> #N/A | K55: =VLOOKUP(C55,Default!$B$4:$E$114,4, FALSE()) -> #N/A | L55: Want to include all walk to pt trips
A56: 3 | B56: 54 | C56: =IF(G56 = "",F56,IF(OR(G56="alpha",G56="beta",G56="constant",G56="sd",G56="mean",G56="sample"),F56,F56&" "&G56)) | D56: =F56&"_"&E56 -> _bogota | E56: {=INDIRECT(ADDRESS(1,A56,1,1,"all_city_parameter_inputs"))} -> bogota | F56: {=IF(AND(ISBLANK(INDIRECT(ADDRESS(B56,2,1,1,"all_city_parameter_inputs"))), ISBLANK(INDIRECT(ADDRESS(B56,1,1,1,"all_city_parameter_inputs")))), "", IF(ISBLANK(INDIRECT(ADDRESS(B56,1,1,1,"all_city_parameter_inputs"))), All_city_list!F55,INDIRECT(ADDRESS(B56,1,1,1,"all_city_parameter_inputs"))))} | G56: {=IF(AND(ISBLANK(INDIRECT(ADDRESS(B56,3,1,1,"all_city_parameter_inputs"))),ISBLANK(INDIRECT(ADDRESS(B56,2,1,1,"all_city_parameter_inputs")))),"",IF(ISBLANK(INDIRECT(ADDRESS(B56,2,1,1,"all_city_parameter_inputs"))),"",INDIRECT(ADDRESS(B56,2,1,1,"all_city_parameter_inputs"))))} | H56: {=IF(ISBLANK(INDIRECT(ADDRESS(B56,A56,1,1,"all_city_parameter_inputs"))), "--",INDIRECT(ADDRESS(B56,A56,1,1,"all_city_parameter_inputs")))} -> -- | I56: =IF(OR(G56="alpha",G56="beta",G56="sd",G56="mean"),"--",VLOOKUP(C56,Default!$B$5:$H$114,7,FALSE())) -> #N/A | J56: =VLOOKUP(F56,Lookup!$C$5:$D$110,2, FALSE()) -> #N/A | K56: =VLOOKUP(C56,Default!$B$4:$E$114,4, FALSE()) -> #N/A | L56: WRI Mexico: https://www.dtpm.cl/descargas/estudios/Estudio%20evaluaci%C3%B3n%20Transantiago%202016.pdf Camara de comercio: https://bibliotecadigital.ccb.org.co/handle/11520/25083 | M56: Get number of passengers per km, speed and passenger duration from WRI Mèxico, Cámara de comercio de Bogotá gives proportion of each bus type
A57: 3 | B57: 55 | C57: =IF(G57 = "",F57,IF(OR(G57="alpha",G57="beta",G57="constant",G57="sd",G57="mean",G57="sample"),F57,F57&" "&G57)) | D57: =F57&"_"&E57 -> _bogota | E57: {=INDIRECT(ADDRESS(1,A57,1,1,"all_city_parameter_inputs"))} -> bogota | F57: {=IF(AND(ISBLANK(INDIRECT(ADDRESS(B57,2,1,1,"all_city_parameter_inputs"))), ISBLANK(INDIRECT(ADDRESS(B57,1,1,1,"all_city_parameter_inputs")))), "", IF(ISBLANK(INDIRECT(ADDRESS(B57,1,1,1,"all_city_parameter_inputs"))), All_city_list!F56,INDIRECT(ADDRESS(B57,1,1,1,"all_city_parameter_inputs"))))} | G57: {=IF(AND(ISBLANK(INDIRECT(ADDRESS(B57,3,1,1,"all_city_parameter_inputs"))),ISBLANK(INDIRECT(ADDRESS(B57,2,1,1,"all_city_parameter_inputs")))),"",IF(ISBLANK(INDIRECT(ADDRESS(B57,2,1,1,"all_city_parameter_inputs"))),"",INDIRECT(ADDRESS(B57,2,1,1,"all_city_parameter_inputs"))))} | H57: {=IF(ISBLANK(INDIRECT(ADDRESS(B57,A57,1,1,"all_city_parameter_inputs"))), "--",INDIRECT(ADDRESS(B57,A57,1,1,"all_city_parameter_inputs")))} -> -- | I57: =IF(OR(G57="alpha",G57="beta",G57="sd",G57="mean"),"--",VLOOKUP(C57,Default!$B$5:$H$114,7,FALSE())) -> #N/A | J57: =VLOOKUP(F57,Lookup!$C$5:$D$110,2, FALSE()) -> #N/A | K57: =VLOOKUP(C57,Default!$B$4:$E$114,4, FALSE()) -> #N/A | L57: =IF(ISNA(VLOOKUP($D57,Grouped_Sources!$C:$C,1,FALSE())),"", INDIRECT(VLOOKUP($D57,Grouped_Sources!$C:$I,5,FALSE()))) | M57: =IF(ISNA(VLOOKUP($D57,Grouped_Sources!$C:$C,1,FALSE())),"", INDIRECT(VLOOKUP($D57,Grouped_Sources!$C:$I,6,FALSE()))) | N57: =IF(ISNA(VLOOKUP($D57,Grouped_Sources!$C:$C,1,FALSE())),"", INDIRECT(VLOOKUP($D57,Grouped_Sources!$C:$I,7,FALSE())))
A58: 3 | B58: 56 | C58: =IF(G58 = "",F58,IF(OR(G58="alpha",G58="beta",G58="constant",G58="sd",G58="mean",G58="sample"),F58,F58&" "&G58)) | D58: =F58&"_"&E58 -> _bogota | E58: {=INDIRECT(ADDRESS(1,A58,1,1,"all_city_parameter_inputs"))} -> bogota | F58: {=IF(AND(ISBLANK(INDIRECT(ADDRESS(B58,2,1,1,"all_city_parameter_inputs"))), ISBLANK(INDIRECT(ADDRESS(B58,1,1,1,"all_city_parameter_inputs")))), "", IF(ISBLANK(INDIRECT(ADDRESS(B58,1,1,1,"all_city_parameter_inputs"))), All_city_list!F57,INDIRECT(ADDRESS(B58,1,1,1,"all_city_parameter_inputs"))))} | G58: {=IF(AND(ISBLANK(INDIRECT(ADDRESS(B58,3,1,1,"all_city_parameter_inputs"))),ISBLANK(INDIRECT(ADDRESS(B58,2,1,1,"all_city_parameter_inputs")))),"",IF(ISBLANK(INDIRECT(ADDRESS(B58,2,1,1,"all_city_parameter_inputs"))),"",INDIRECT(ADDRESS(B58,2,1,1,"all_city_parameter_inputs"))))} | H58: {=IF(ISBLANK(INDIRECT(ADDRESS(B58,A58,1,1,"all_city_parameter_inputs"))), "--",INDIRECT(ADDRESS(B58,A58,1,1,"all_city_parameter_inputs")))} -> -- | I58: =IF(OR(G58="alpha",G58="beta",G58="sd",G58="mean"),"--",VLOOKUP(C58,Default!$B$5:$H$114,7,FALSE())) -> #N/A | J58: =VLOOKUP(F58,Lookup!$C$5:$D$110,2, FALSE()) -> #N/A | K58: =VLOOKUP(C58,Default!$B$4:$E$114,4, FALSE()) -> #N/A | L58: =IF(ISNA(VLOOKUP($D58,Grouped_Sources!$C:$C,1,FALSE())),"", INDIRECT(VLOOKUP($D58,Grouped_Sources!$C:$I,5,FALSE()))) | M58: =IF(ISNA(VLOOKUP($D58,Grouped_Sources!$C:$C,1,FALSE())),"", INDIRECT(VLOOKUP($D58,Grouped_Sources!$C:$I,6,FALSE()))) | N58: =IF(ISNA(VLOOKUP($D58,Grouped_Sources!$C:$C,1,FALSE())),"", INDIRECT(VLOOKUP($D58,Grouped_Sources!$C:$I,7,FALSE())))
A59: 3 | B59: 57 | C59: =IF(G59 = "",F59,IF(OR(G59="alpha",G59="beta",G59="constant",G59="sd",G59="mean",G59="sample"),F59,F59&" "&G59)) | D59: =F59&"_"&E59 -> _bogota | E59: {=INDIRECT(ADDRESS(1,A59,1,1,"all_city_parameter_inputs"))} -> bogota | F59: {=IF(AND(ISBLANK(INDIRECT(ADDRESS(B59,2,1,1,"all_city_parameter_inputs"))), ISBLANK(INDIRECT(ADDRESS(B59,1,1,1,"all_city_parameter_inputs")))), "", IF(ISBLANK(INDIRECT(ADDRESS(B59,1,1,1,"all_city_parameter_inputs"))), All_city_list!F58,INDIRECT(ADDRESS(B59,1,1,1,"all_city_parameter_inputs"))))} | G59: {=IF(AND(ISBLANK(INDIRECT(ADDRESS(B59,3,1,1,"all_city_parameter_inputs"))),ISBLANK(INDIRECT(ADDRESS(B59,2,1,1,"all_city_parameter_inputs")))),"",IF(ISBLANK(INDIRECT(ADDRESS(B59,2,1,1,"all_city_parameter_inputs"))),"",INDIRECT(ADDRESS(B59,2,1,1,"all_city_parameter_inputs"))))} | H59: {=IF(ISBLANK(INDIRECT(ADDRESS(B59,A59,1,1,"all_city_parameter_inputs"))), "--",INDIRECT(ADDRESS(B59,A59,1,1,"all_city_parameter_inputs")))} -> -- | I59: =IF(OR(G59="alpha",G59="beta",G59="sd",G59="mean"),"--",VLOOKUP(C59,Default!$B$5:$H$114,7,FALSE())) -> #N/A | J59: =VLOOKUP(F59,Lookup!$C$5:$D$110,2, FALSE()) -> #N/A | K59: =VLOOKUP(C59,Default!$B$4:$E$114,4, FALSE()) -> #N/A | L59: Banco de desarollog: https://publications.iadb.org/publications/spanish/document/Congestion-urbana-en-America-Latina-y-el-Caribe-Caracter%C3%ADsticas-costos-mitigacion.pdf Cano Torres: CANO TORRES, A.M., RODRIGUEZ DURÁN, S. 2018. Influencia de los vehículos de carga pesada en la congestión vial de la ciudad de Bogotá D.C., Colombia | M59: Banco de desarollo to get car vehicle kilometres travelled by car and Cano Torres to get HGV km
A60: 3 | B60: 58 | C60: =IF(G60 = "",F60,IF(OR(G60="alpha",G60="beta",G60="constant",G60="sd",G60="mean",G60="sample"),F60,F60&" "&G60)) | D60: =F60&"_"&E60 -> _bogota | E60: {=INDIRECT(ADDRESS(1,A60,1,1,"all_city_parameter_inputs"))} -> bogota | F60: {=IF(AND(ISBLANK(INDIRECT(ADDRESS(B60,2,1,1,"all_city_parameter_inputs"))), ISBLANK(INDIRECT(ADDRESS(B60,1,1,1,"all_city_parameter_inputs")))), "", IF(ISBLANK(INDIRECT(ADDRESS(B60,1,1,1,"all_city_parameter_inputs"))), All_city_list!F59,INDIRECT(ADDRESS(B60,1,1,1,"all_city_parameter_inputs"))))} | G60: {=IF(AND(ISBLANK(INDIRECT(ADDRESS(B60,3,1,1,"all_city_parameter_inputs"))),ISBLANK(INDIRECT(ADDRESS(B60,2,1,1,"all_city_parameter_inputs")))),"",IF(ISBLANK(INDIRECT(ADDRESS(B60,2,1,1,"all_city_parameter_inputs"))),"",INDIRECT(ADDRESS(B60,2,1,1,"all_city_parameter_inputs"))))} | H60: {=IF(ISBLANK(INDIRECT(ADDRESS(B60,A60,1,1,"all_city_parameter_inputs"))), "--",INDIRECT(ADDRESS(B60,A60,1,1,"all_city_parameter_inputs")))} -> -- | I60: =IF(OR(G60="alpha",G60="beta",G60="sd",G60="mean"),"--",VLOOKUP(C60,Default!$B$5:$H$114,7,FALSE())) -> #N/A | J60: =VLOOKUP(F60,Lookup!$C$5:$D$110,2, FALSE()) -> #N/A | K60: =VLOOKUP(C60,Default!$B$4:$E$114,4, FALSE()) -> #N/A | L60: =IF(ISNA(VLOOKUP($D60,Grouped_Sources!$C:$C,1,FALSE())),"", INDIRECT(VLOOKUP($D60,Grouped_Sources!$C:$I,5,FALSE()))) | M60: =IF(ISNA(VLOOKUP($D60,Grouped_Sources!$C:$C,1,FALSE())),"", INDIRECT(VLOOKUP($D60,Grouped_Sources!$C:$I,6,FALSE()))) | N60: {=IF(ISNA(VLOOKUP($D60,Grouped_Sources!$C:$C,1,FALSE())),"", INDIRECT(VLOOKUP($D60,Grouped_Sources!$C:$I,7,FALSE())))}
A61: 3 | B61: 59 | C61: =IF(G61 = "",F61,IF(OR(G61="alpha",G61="beta",G61="constant",G61="sd",G61="mean",G61="sample"),F61,F61&" "&G61)) | D61: =F61&"_"&E61 -> _bogota | E61: {=INDIRECT(ADDRESS(1,A61,1,1,"all_city_parameter_inputs"))} -> bogota | F61: {=IF(AND(ISBLANK(INDIRECT(ADDRESS(B61,2,1,1,"all_city_parameter_inputs"))), ISBLANK(INDIRECT(ADDRESS(B61,1,1,1,"all_city_parameter_inputs")))), "", IF(ISBLANK(INDIRECT(ADDRESS(B61,1,1,1,"all_city_parameter_inputs"))), All_city_list!F60,INDIRECT(ADDRESS(B61,1,1,1,"all_city_parameter_inputs"))))} | G61: {=IF(AND(ISBLANK(INDIRECT(ADDRESS(B61,3,1,1,"all_city_parameter_inputs"))),ISBLANK(INDIRECT(ADDRESS(B61,2,1,1,"all_city_parameter_inputs")))),"",IF(ISBLANK(INDIRECT(ADDRESS(B61,2,1,1,"all_city_parameter_inputs"))),"",INDIRECT(ADDRESS(B61,2,1,1,"all_city_parameter_inputs"))))} | H61: {=IF(ISBLANK(INDIRECT(ADDRESS(B61,A61,1,1,"all_city_parameter_inputs"))), "--",INDIRECT(ADDRESS(B61,A61,1,1,"all_city_parameter_inputs")))} -> -- | I61: =IF(OR(G61="alpha",G61="beta",G61="sd",G61="mean"),"--",VLOOKUP(C61,Default!$B$5:$H$114,7,FALSE())) -> #N/A | J61: =VLOOKUP(F61,Lookup!$C$5:$D$110,2, FALSE()) -> #N/A | K61: =VLOOKUP(C61,Default!$B$4:$E$114,4, FALSE()) -> #N/A | L61: =IF(ISNA(VLOOKUP(D61,Grouped_Sources!$C:$C,1,FALSE())),"", INDIRECT(VLOOKUP(D61,Grouped_Sources!$C:$G,5,FALSE())))
A62: 3 | B62: 60 | C62: =IF(G62 = "",F62,IF(OR(G62="alpha",G62="beta",G62="constant",G62="sd",G62="mean",G62="sample"),F62,F62&" "&G62)) | D62: =F62&"_"&E62 -> _bogota | E62: {=INDIRECT(ADDRESS(1,A62,1,1,"all_city_parameter_inputs"))} -> bogota | F62: {=IF(AND(ISBLANK(INDIRECT(ADDRESS(B62,2,1,1,"all_city_parameter_inputs"))), ISBLANK(INDIRECT(ADDRESS(B62,1,1,1,"all_city_parameter_inputs")))), "", IF(ISBLANK(INDIRECT(ADDRESS(B62,1,1,1,"all_city_parameter_inputs"))), All_city_list!F61,INDIRECT(ADDRESS(B62,1,1,1,"all_city_parameter_inputs"))))} | G62: {=IF(AND(ISBLANK(INDIRECT(ADDRESS(B62,3,1,1,"all_city_parameter_inputs"))),ISBLANK(INDIRECT(ADDRESS(B62,2,1,1,"all_city_parameter_inputs")))),"",IF(ISBLANK(INDIRECT(ADDRESS(B62,2,1,1,"all_city_parameter_inputs"))),"",INDIRECT(ADDRESS(B62,2,1,1,"all_city_parameter_inputs"))))} | H62: {=IF(ISBLANK(INDIRECT(ADDRESS(B62,A62,1,1,"all_city_parameter_inputs"))), "--",INDIRECT(ADDRESS(B62,A62,1,1,"all_city_parameter_inputs")))} -> -- | I62: =IF(OR(G62="alpha",G62="beta",G62="sd",G62="mean"),"--",VLOOKUP(C62,Default!$B$5:$H$114,7,FALSE())) -> #N/A | J62: =VLOOKUP(F62,Lookup!$C$5:$D$110,2, FALSE()) -> #N/A | K62: =VLOOKUP(C62,Default!$B$4:$E$114,4, FALSE()) -> #N/A | L62: Not used for constant run
A63: 3 | B63: 61 | C63: =IF(G63 = "",F63,IF(OR(G63="alpha",G63="beta",G63="constant",G63="sd",G63="mean",G63="sample"),F63,F63&" "&G63)) | D63: =F63&"_"&E63 -> _bogota | E63: {=INDIRECT(ADDRESS(1,A63,1,1,"all_city_parameter_inputs"))} -> bogota | F63: {=IF(AND(ISBLANK(INDIRECT(ADDRESS(B63,2,1,1,"all_city_parameter_inputs"))), ISBLANK(INDIRECT(ADDRESS(B63,1,1,1,"all_city_parameter_inputs")))), "", IF(ISBLANK(INDIRECT(ADDRESS(B63,1,1,1,"all_city_parameter_inputs"))), All_city_list!F62,INDIRECT(ADDRESS(B63,1,1,1,"all_city_parameter_inputs"))))} | G63: {=IF(AND(ISBLANK(INDIRECT(ADDRESS(B63,3,1,1,"all_city_parameter_inputs"))),ISBLANK(INDIRECT(ADDRESS(B63,2,1,1,"all_city_parameter_inputs")))),"",IF(ISBLANK(INDIRECT(ADDRESS(B63,2,1,1,"all_city_parameter_inputs"))),"",INDIRECT(ADDRESS(B63,2,1,1,"all_city_parameter_inputs"))))} | H63: {=IF(ISBLANK(INDIRECT(ADDRESS(B63,A63,1,1,"all_city_parameter_inputs"))), "--",INDIRECT(ADDRESS(B63,A63,1,1,"all_city_parameter_inputs")))} -> -- | I63: =IF(OR(G63="alpha",G63="beta",G63="sd",G63="mean"),"--",VLOOKUP(C63,Default!$B$5:$H$114,7,FALSE())) -> #N/A | J63: =VLOOKUP(F63,Lookup!$C$5:$D$110,2, FALSE()) -> #N/A | K63: =VLOOKUP(C63,Default!$B$4:$E$114,4, FALSE()) -> #N/A | L63: set to 1 as distances in travel survey are expected to be without bias
A64: 3 | B64: 62 | C64: =IF(G64 = "",F64,IF(OR(G64="alpha",G64="beta",G64="constant",G64="sd",G64="mean",G64="sample"),F64,F64&" "&G64)) | D64: =F64&"_"&E64 -> _bogota | E64: {=INDIRECT(ADDRESS(1,A64,1,1,"all_city_parameter_inputs"))} -> bogota | F64: {=IF(AND(ISBLANK(INDIRECT(ADDRESS(B64,2,1,1,"all_city_parameter_inputs"))), ISBLANK(INDIRECT(ADDRESS(B64,1,1,1,"all_city_parameter_inputs")))), "", IF(ISBLANK(INDIRECT(ADDRESS(B64,1,1,1,"all_city_parameter_inputs"))), All_city_list!F63,INDIRECT(ADDRESS(B64,1,1,1,"all_city_parameter_inputs"))))} | G64: {=IF(AND(ISBLANK(INDIRECT(ADDRESS(B64,3,1,1,"all_city_parameter_inputs"))),ISBLANK(INDIRECT(ADDRESS(B64,2,1,1,"all_city_parameter_inputs")))),"",IF(ISBLANK(INDIRECT(ADDRESS(B64,2,1,1,"all_city_parameter_inputs"))),"",INDIRECT(ADDRESS(B64,2,1,1,"all_city_parameter_inputs"))))} | H64: {=IF(ISBLANK(INDIRECT(ADDRESS(B64,A64,1,1,"all_city_parameter_inputs"))), "--",INDIRECT(ADDRESS(B64,A64,1,1,"all_city_parameter_inputs")))} -> -- | I64: =IF(OR(G64="alpha",G64="beta",G64="sd",G64="mean"),"--",VLOOKUP(C64,Default!$B$5:$H$114,7,FALSE())) -> #N/A | J64: =VLOOKUP(F64,Lookup!$C$5:$D$110,2, FALSE()) -> #N/A | K64: =VLOOKUP(C64,Default!$B$4:$E$114,4, FALSE()) -> #N/A | L64: {=IF(ISNA(VLOOKUP($D64,Grouped_Sources!$C:$C,1,FALSE())),"", INDIRECT(VLOOKUP($D64,Grouped_Sources!$C:$I,5,FALSE())))} | M64: =IF(ISNA(VLOOKUP($D64,Grouped_Sources!$C:$C,1,FALSE())),"", INDIRECT(VLOOKUP($D64,Grouped_Sources!$C:$I,6,FALSE()))) | N64: =IF(ISNA(VLOOKUP($D64,Grouped_Sources!$C:$C,1,FALSE())),"", INDIRECT(VLOOKUP($D64,Grouped_Sources!$C:$I,7,FALSE())))
A65: 3 | B65: 63 | C65: =IF(G65 = "",F65,IF(OR(G65="alpha",G65="beta",G65="constant",G65="sd",G65="mean",G65="sample"),F65,F65&" "&G65)) | D65: =F65&"_"&E65 -> _bogota | E65: {=INDIRECT(ADDRESS(1,A65,1,1,"all_city_parameter_inputs"))} -> bogota | F65: {=IF(AND(ISBLANK(INDIRECT(ADDRESS(B65,2,1,1,"all_city_parameter_inputs"))), ISBLANK(INDIRECT(ADDRESS(B65,1,1,1,"all_city_parameter_inputs")))), "", IF(ISBLANK(INDIRECT(ADDRESS(B65,1,1,1,"all_city_parameter_inputs"))), All_city_list!F64,INDIRECT(ADDRESS(B65,1,1,1,"all_city_parameter_inputs"))))} | G65: {=IF(AND(ISBLANK(INDIRECT(ADDRESS(B65,3,1,1,"all_city_parameter_inputs"))),ISBLANK(INDIRECT(ADDRESS(B65,2,1,1,"all_city_parameter_inputs")))),"",IF(ISBLANK(INDIRECT(ADDRESS(B65,2,1,1,"all_city_parameter_inputs"))),"",INDIRECT(ADDRESS(B65,2,1,1,"all_city_parameter_inputs"))))} | H65: {=IF(ISBLANK(INDIRECT(ADDRESS(B65,A65,1,1,"all_city_parameter_inputs"))), "--",INDIRECT(ADDRESS(B65,A65,1,1,"all_city_parameter_inputs")))} -> -- | I65: =IF(OR(G65="alpha",G65="beta",G65="sd",G65="mean"),"--",VLOOKUP(C65,Default!$B$5:$H$114,7,FALSE())) -> #N/A | J65: =VLOOKUP(F65,Lookup!$C$5:$D$110,2, FALSE()) -> #N/A | K65: =VLOOKUP(C65,Default!$B$4:$E$114,4, FALSE()) -> #N/A | L65: {=IF(ISNA(VLOOKUP($D65,Grouped_Sources!$C:$C,1,FALSE())),"", INDIRECT(VLOOKUP($D65,Grouped_Sources!$C:$I,5,FALSE())))} | M65: =IF(ISNA(VLOOKUP($D65,Grouped_Sources!$C:$C,1,FALSE())),"", INDIRECT(VLOOKUP($D65,Grouped_Sources!$C:$I,6,FALSE()))) | N65: =IF(ISNA(VLOOKUP($D65,Grouped_Sources!$C:$C,1,FALSE())),"", INDIRECT(VLOOKUP($D65,Grouped_Sources!$C:$I,7,FALSE())))
A66: 3 | B66: 64 | C66: =IF(G66 = "",F66,IF(OR(G66="alpha",G66="beta",G66="constant",G66="sd",G66="mean",G66="sample"),F66,F66&" "&G66)) | D66: =F66&"_"&E66 -> _bogota | E66: {=INDIRECT(ADDRESS(1,A66,1,1,"all_city_parameter_inputs"))} -> bogota | F66: {=IF(AND(ISBLANK(INDIRECT(ADDRESS(B66,2,1,1,"all_city_parameter_inputs"))), ISBLANK(INDIRECT(ADDRESS(B66,1,1,1,"all_city_parameter_inputs")))), "", IF(ISBLANK(INDIRECT(ADDRESS(B66,1,1,1,"all_city_parameter_inputs"))), All_city_list!F65,INDIRECT(ADDRESS(B66,1,1,1,"all_city_parameter_inputs"))))} | G66: {=IF(AND(ISBLANK(INDIRECT(ADDRESS(B66,3,1,1,"all_city_parameter_inputs"))),ISBLANK(INDIRECT(ADDRESS(B66,2,1,1,"all_city_parameter_inputs")))),"",IF(ISBLANK(INDIRECT(ADDRESS(B66,2,1,1,"all_city_parameter_inputs"))),"",INDIRECT(ADDRESS(B66,2,1,1,"all_city_parameter_inputs"))))} | H66: {=IF(ISBLANK(INDIRECT(ADDRESS(B66,A66,1,1,"all_city_parameter_inputs"))), "--",INDIRECT(ADDRESS(B66,A66,1,1,"all_city_parameter_inputs")))} -> -- | I66: =IF(OR(G66="alpha",G66="beta",G66="sd",G66="mean"),"--",VLOOKUP(C66,Default!$B$5:$H$114,7,FALSE())) -> #N/A | J66: =VLOOKUP(F66,Lookup!$C$5:$D$110,2, FALSE()) -> #N/A | K66: =VLOOKUP(C66,Default!$B$4:$E$114,4, FALSE()) -> #N/A | L66: set to 1 as distances in travel survey are expected to be without bias
A67: 3 | B67: 65 | C67: =IF(G67 = "",F67,IF(OR(G67="alpha",G67="beta",G67="constant",G67="sd",G67="mean",G67="sample"),F67,F67&" "&G67)) | D67: =F67&"_"&E67 -> _bogota | E67: {=INDIRECT(ADDRESS(1,A67,1,1,"all_city_parameter_inputs"))} -> bogota | F67: {=IF(AND(ISBLANK(INDIRECT(ADDRESS(B67,2,1,1,"all_city_parameter_inputs"))), ISBLANK(INDIRECT(ADDRESS(B67,1,1,1,"all_city_parameter_inputs")))), "", IF(ISBLANK(INDIRECT(ADDRESS(B67,1,1,1,"all_city_parameter_inputs"))), All_city_list!F66,INDIRECT(ADDRESS(B67,1,1,1,"all_city_parameter_inputs"))))} | G67: {=IF(AND(ISBLANK(INDIRECT(ADDRESS(B67,3,1,1,"all_city_parameter_inputs"))),ISBLANK(INDIRECT(ADDRESS(B67,2,1,1,"all_city_parameter_inputs")))),"",IF(ISBLANK(INDIRECT(ADDRESS(B67,2,1,1,"all_city_parameter_inputs"))),"",INDIRECT(ADDRESS(B67,2,1,1,"all_city_parameter_inputs"))))} | H67: {=IF(ISBLANK(INDIRECT(ADDRESS(B67,A67,1,1,"all_city_parameter_inputs"))), "--",INDIRECT(ADDRESS(B67,A67,1,1,"all_city_parameter_inputs")))} -> -- | I67: =IF(OR(G67="alpha",G67="beta",G67="sd",G67="mean"),"--",VLOOKUP(C67,Default!$B$5:$H$114,7,FALSE())) -> #N/A | J67: =VLOOKUP(F67,Lookup!$C$5:$D$110,2, FALSE()) -> #N/A | K67: =VLOOKUP(C67,Default!$B$4:$E$114,4, FALSE()) -> #N/A | L67: {=IF(ISNA(VLOOKUP($D67,Grouped_Sources!$C:$C,1,FALSE())),"", INDIRECT(VLOOKUP($D67,Grouped_Sources!$C:$I,5,FALSE())))} | M67: =IF(ISNA(VLOOKUP($D67,Grouped_Sources!$C:$C,1,FALSE())),"", INDIRECT(VLOOKUP($D67,Grouped_Sources!$C:$I,6,FALSE()))) | N67: =IF(ISNA(VLOOKUP($D67,Grouped_Sources!$C:$C,1,FALSE())),"", INDIRECT(VLOOKUP($D67,Grouped_Sources!$C:$I,7,FALSE())))
A68: 3 | B68: 66 | C68: =IF(G68 = "",F68,IF(OR(G68="alpha",G68="beta",G68="constant",G68="sd",G68="mean",G68="sample"),F68,F68&" "&G68)) | D68: =F68&"_"&E68 -> _bogota | E68: {=INDIRECT(ADDRESS(1,A68,1,1,"all_city_parameter_inputs"))} -> bogota | F68: {=IF(AND(ISBLANK(INDIRECT(ADDRESS(B68,2,1,1,"all_city_parameter_inputs"))), ISBLANK(INDIRECT(ADDRESS(B68,1,1,1,"all_city_parameter_inputs")))), "", IF(ISBLANK(INDIRECT(ADDRESS(B68,1,1,1,"all_city_parameter_inputs"))), All_city_list!F67,INDIRECT(ADDRESS(B68,1,1,1,"all_city_parameter_inputs"))))} | G68: {=IF(AND(ISBLANK(INDIRECT(ADDRESS(B68,3,1,1,"all_city_parameter_inputs"))),ISBLANK(INDIRECT(ADDRESS(B68,2,1,1,"all_city_parameter_inputs")))),"",IF(ISBLANK(INDIRECT(ADDRESS(B68,2,1,1,"all_city_parameter_inputs"))),"",INDIRECT(ADDRESS(B68,2,1,1,"all_city_parameter_inputs"))))} | H68: {=IF(ISBLANK(INDIRECT(ADDRESS(B68,A68,1,1,"all_city_parameter_inputs"))), "--",INDIRECT(ADDRESS(B68,A68,1,1,"all_city_parameter_inputs")))} -> -- | I68: =IF(OR(G68="alpha",G68="beta",G68="sd",G68="mean"),"--",VLOOKUP(C68,Default!$B$5:$H$114,7,FALSE())) -> #N/A | J68: =VLOOKUP(F68,Lookup!$C$5:$D$110,2, FALSE()) -> #N/A | K68: =VLOOKUP(C68,Default!$B$4:$E$114,4, FALSE()) -> #N/A | L68: {=IF(ISNA(VLOOKUP($D68,Grouped_Sources!$C:$C,1,FALSE())),"", INDIRECT(VLOOKUP($D68,Grouped_Sources!$C:$I,5,FALSE())))} | M68: =IF(ISNA(VLOOKUP($D68,Grouped_Sources!$C:$C,1,FALSE())),"", INDIRECT(VLOOKUP($D68,Grouped_Sources!$C:$I,6,FALSE()))) | N68: =IF(ISNA(VLOOKUP($D68,Grouped_Sources!$C:$C,1,FALSE())),"", INDIRECT(VLOOKUP($D68,Grouped_Sources!$C:$I,7,FALSE())))
A69: 3 | B69: 67 | C69: =IF(G69 = "",F69,IF(OR(G69="alpha",G69="beta",G69="constant",G69="sd",G69="mean",G69="sample"),F69,F69&" "&G69)) | D69: =F69&"_"&E69 -> _bogota | E69: {=INDIRECT(ADDRESS(1,A69,1,1,"all_city_parameter_inputs"))} -> bogota | F69: {=IF(AND(ISBLANK(INDIRECT(ADDRESS(B69,2,1,1,"all_city_parameter_inputs"))), ISBLANK(INDIRECT(ADDRESS(B69,1,1,1,"all_city_parameter_inputs")))), "", IF(ISBLANK(INDIRECT(ADDRESS(B69,1,1,1,"all_city_parameter_inputs"))), All_city_list!F68,INDIRECT(ADDRESS(B69,1,1,1,"all_city_parameter_inputs"))))} | G69: {=IF(AND(ISBLANK(INDIRECT(ADDRESS(B69,3,1,1,"all_city_parameter_inputs"))),ISBLANK(INDIRECT(ADDRESS(B69,2,1,1,"all_city_parameter_inputs")))),"",IF(ISBLANK(INDIRECT(ADDRESS(B69,2,1,1,"all_city_parameter_inputs"))),"",INDIRECT(ADDRESS(B69,2,1,1,"all_city_parameter_inputs"))))} | H69: {=IF(ISBLANK(INDIRECT(ADDRESS(B69,A69,1,1,"all_city_parameter_inputs"))), "--",INDIRECT(ADDRESS(B69,A69,1,1,"all_city_parameter_inputs")))} -> -- | I69: =IF(OR(G69="alpha",G69="beta",G69="sd",G69="mean"),"--",VLOOKUP(C69,Default!$B$5:$H$114,7,FALSE())) -> #N/A | J69: =VLOOKUP(F69,Lookup!$C$5:$D$110,2, FALSE()) -> #N/A | K69: =VLOOKUP(C69,Default!$B$4:$E$114,4, FALSE()) -> #N/A | L69: set to 1 as distances in travel survey are expected to be without bias
A70: 3 | B70: 68 | C70: =IF(G70 = "",F70,IF(OR(G70="alpha",G70="beta",G70="constant",G70="sd",G70="mean",G70="sample"),F70,F70&" "&G70)) | D70: =F70&"_"&E70 -> _bogota | E70: {=INDIRECT(ADDRESS(1,A70,1,1,"all_city_parameter_inputs"))} -> bogota | F70: {=IF(AND(ISBLANK(INDIRECT(ADDRESS(B70,2,1,1,"all_city_parameter_inputs"))), ISBLANK(INDIRECT(ADDRESS(B70,1,1,1,"all_city_parameter_inputs")))), "", IF(ISBLANK(INDIRECT(ADDRESS(B70,1,1,1,"all_city_parameter_inputs"))), All_city_list!F69,INDIRECT(ADDRESS(B70,1,1,1,"all_city_parameter_inputs"))))} | G70: {=IF(AND(ISBLANK(INDIRECT(ADDRESS(B70,3,1,1,"all_city_parameter_inputs"))),ISBLANK(INDIRECT(ADDRESS(B70,2,1,1,"all_city_parameter_inputs")))),"",IF(ISBLANK(INDIRECT(ADDRESS(B70,2,1,1,"all_city_parameter_inputs"))),"",INDIRECT(ADDRESS(B70,2,1,1,"all_city_parameter_inputs"))))} | H70: {=IF(ISBLANK(INDIRECT(ADDRESS(B70,A70,1,1,"all_city_parameter_inputs"))), "--",INDIRECT(ADDRESS(B70,A70,1,1,"all_city_parameter_inputs")))} -> -- | I70: =IF(OR(G70="alpha",G70="beta",G70="sd",G70="mean"),"--",VLOOKUP(C70,Default!$B$5:$H$114,7,FALSE())) -> #N/A | J70: =VLOOKUP(F70,Lookup!$C$5:$D$110,2, FALSE()) -> #N/A | K70: =VLOOKUP(C70,Default!$B$4:$E$114,4, FALSE()) -> #N/A | L70: {=IF(ISNA(VLOOKUP($D70,Grouped_Sources!$C:$C,1,FALSE())),"", INDIRECT(VLOOKUP($D70,Grouped_Sources!$C:$I,5,FALSE())))} | M70: =IF(ISNA(VLOOKUP($D70,Grouped_Sources!$C:$C,1,FALSE())),"", INDIRECT(VLOOKUP($D70,Grouped_Sources!$C:$I,6,FALSE()))) | N70: =IF(ISNA(VLOOKUP($D70,Grouped_Sources!$C:$C,1,FALSE())),"", INDIRECT(VLOOKUP($D70,Grouped_Sources!$C:$I,7,FALSE())))
A71: 3 | B71: 69 | C71: =IF(G71 = "",F71,IF(OR(G71="alpha",G71="beta",G71="constant",G71="sd",G71="mean",G71="sample"),F71,F71&" "&G71)) | D71: =F71&"_"&E71 -> _bogota | E71: {=INDIRECT(ADDRESS(1,A71,1,1,"all_city_parameter_inputs"))} -> bogota | F71: {=IF(AND(ISBLANK(INDIRECT(ADDRESS(B71,2,1,1,"all_city_parameter_inputs"))), ISBLANK(INDIRECT(ADDRESS(B71,1,1,1,"all_city_parameter_inputs")))), "", IF(ISBLANK(INDIRECT(ADDRESS(B71,1,1,1,"all_city_parameter_inputs"))), All_city_list!F70,INDIRECT(ADDRESS(B71,1,1,1,"all_city_parameter_inputs"))))} | G71: {=IF(AND(ISBLANK(INDIRECT(ADDRESS(B71,3,1,1,"all_city_parameter_inputs"))),ISBLANK(INDIRECT(ADDRESS(B71,2,1,1,"all_city_parameter_inputs")))),"",IF(ISBLANK(INDIRECT(ADDRESS(B71,2,1,1,"all_city_parameter_inputs"))),"",INDIRECT(ADDRESS(B71,2,1,1,"all_city_parameter_inputs"))))} | H71: {=IF(ISBLANK(INDIRECT(ADDRESS(B71,A71,1,1,"all_city_parameter_inputs"))), "--",INDIRECT(ADDRESS(B71,A71,1,1,"all_city_parameter_inputs")))} -> -- | I71: =IF(OR(G71="alpha",G71="beta",G71="sd",G71="mean"),"--",VLOOKUP(C71,Default!$B$5:$H$114,7,FALSE())) -> #N/A | J71: =VLOOKUP(F71,Lookup!$C$5:$D$110,2, FALSE()) -> #N/A | K71: =VLOOKUP(C71,Default!$B$4:$E$114,4, FALSE()) -> #N/A | L71: {=IF(ISNA(VLOOKUP($D71,Grouped_Sources!$C:$C,1,FALSE())),"", INDIRECT(VLOOKUP($D71,Grouped_Sources!$C:$I,5,FALSE())))} | M71: =IF(ISNA(VLOOKUP($D71,Grouped_Sources!$C:$C,1,FALSE())),"", INDIRECT(VLOOKUP($D71,Grouped_Sources!$C:$I,6,FALSE()))) | N71: =IF(ISNA(VLOOKUP($D71,Grouped_Sources!$C:$C,1,FALSE())),"", INDIRECT(VLOOKUP($D71,Grouped_Sources!$C:$I,7,FALSE())))
A72: 3 | B72: 70 | C72: =IF(G72 = "",F72,IF(OR(G72="alpha",G72="beta",G72="constant",G72="sd",G72="mean",G72="sample"),F72,F72&" "&G72)) | D72: =F72&"_"&E72 -> _bogota | E72: {=INDIRECT(ADDRESS(1,A72,1,1,"all_city_parameter_inputs"))} -> bogota | F72: {=IF(AND(ISBLANK(INDIRECT(ADDRESS(B72,2,1,1,"all_city_parameter_inputs"))), ISBLANK(INDIRECT(ADDRESS(B72,1,1,1,"all_city_parameter_inputs")))), "", IF(ISBLANK(INDIRECT(ADDRESS(B72,1,1,1,"all_city_parameter_inputs"))), All_city_list!F71,INDIRECT(ADDRESS(B72,1,1,1,"all_city_parameter_inputs"))))} | G72: {=IF(AND(ISBLANK(INDIRECT(ADDRESS(B72,3,1,1,"all_city_parameter_inputs"))),ISBLANK(INDIRECT(ADDRESS(B72,2,1,1,"all_city_parameter_inputs")))),"",IF(ISBLANK(INDIRECT(ADDRESS(B72,2,1,1,"all_city_parameter_inputs"))),"",INDIRECT(ADDRESS(B72,2,1,1,"all_city_parameter_inputs"))))} | H72: {=IF(ISBLANK(INDIRECT(ADDRESS(B72,A72,1,1,"all_city_parameter_inputs"))), "--",INDIRECT(ADDRESS(B72,A72,1,1,"all_city_parameter_inputs")))} -> -- | I72: =IF(OR(G72="alpha",G72="beta",G72="sd",G72="mean"),"--",VLOOKUP(C72,Default!$B$5:$H$114,7,FALSE())) -> #N/A | J72: =VLOOKUP(F72,Lookup!$C$5:$D$110,2, FALSE()) -> #N/A | K72: =VLOOKUP(C72,Default!$B$4:$E$114,4, FALSE()) -> #N/A | L72: set to 1 as distances in travel survey are expected to be without bias
A73: 3 | B73: 71 | C73: =IF(G73 = "",F73,IF(OR(G73="alpha",G73="beta",G73="constant",G73="sd",G73="mean",G73="sample"),F73,F73&" "&G73)) | D73: =F73&"_"&E73 -> _bogota | E73: {=INDIRECT(ADDRESS(1,A73,1,1,"all_city_parameter_inputs"))} -> bogota | F73: {=IF(AND(ISBLANK(INDIRECT(ADDRESS(B73,2,1,1,"all_city_parameter_inputs"))), ISBLANK(INDIRECT(ADDRESS(B73,1,1,1,"all_city_parameter_inputs")))), "", IF(ISBLANK(INDIRECT(ADDRESS(B73,1,1,1,"all_city_parameter_inputs"))), All_city_list!F72,INDIRECT(ADDRESS(B73,1,1,1,"all_city_parameter_inputs"))))} | G73: {=IF(AND(ISBLANK(INDIRECT(ADDRESS(B73,3,1,1,"all_city_parameter_inputs"))),ISBLANK(INDIRECT(ADDRESS(B73,2,1,1,"all_city_parameter_inputs")))),"",IF(ISBLANK(INDIRECT(ADDRESS(B73,2,1,1,"all_city_parameter_inputs"))),"",INDIRECT(ADDRESS(B73,2,1,1,"all_city_parameter_inputs"))))} | H73: {=IF(ISBLANK(INDIRECT(ADDRESS(B73,A73,1,1,"all_city_parameter_inputs"))), "--",INDIRECT(ADDRESS(B73,A73,1,1,"all_city_parameter_inputs")))} -> -- | I73: =IF(OR(G73="alpha",G73="beta",G73="sd",G73="mean"),"--",VLOOKUP(C73,Default!$B$5:$H$114,7,FALSE())) -> #N/A | J73: =VLOOKUP(F73,Lookup!$C$5:$D$110,2, FALSE()) -> #N/A | K73: =VLOOKUP(C73,Default!$B$4:$E$114,4, FALSE()) -> #N/A | L73: {=IF(ISNA(VLOOKUP($D73,Grouped_Sources!$C:$C,1,FALSE())),"", INDIRECT(VLOOKUP($D73,Grouped_Sources!$C:$I,5,FALSE())))} | M73: =IF(ISNA(VLOOKUP($D73,Grouped_Sources!$C:$C,1,FALSE())),"", INDIRECT(VLOOKUP($D73,Grouped_Sources!$C:$I,6,FALSE()))) | N73: =IF(ISNA(VLOOKUP($D73,Grouped_Sources!$C:$C,1,FALSE())),"", INDIRECT(VLOOKUP($D73,Grouped_Sources!$C:$I,7,FALSE())))
A74: 3 | B74: 72 | C74: =IF(G74 = "",F74,IF(OR(G74="alpha",G74="beta",G74="constant",G74="sd",G74="mean",G74="sample"),F74,F74&" "&G74)) | D74: =F74&"_"&E74 -> _bogota | E74: {=INDIRECT(ADDRESS(1,A74,1,1,"all_city_parameter_inputs"))} -> bogota | F74: {=IF(AND(ISBLANK(INDIRECT(ADDRESS(B74,2,1,1,"all_city_parameter_inputs"))), ISBLANK(INDIRECT(ADDRESS(B74,1,1,1,"all_city_parameter_inputs")))), "", IF(ISBLANK(INDIRECT(ADDRESS(B74,1,1,1,"all_city_parameter_inputs"))), All_city_list!F73,INDIRECT(ADDRESS(B74,1,1,1,"all_city_parameter_inputs"))))} | G74: {=IF(AND(ISBLANK(INDIRECT(ADDRESS(B74,3,1,1,"all_city_parameter_inputs"))),ISBLANK(INDIRECT(ADDRESS(B74,2,1,1,"all_city_parameter_inputs")))),"",IF(ISBLANK(INDIRECT(ADDRESS(B74,2,1,1,"all_city_parameter_inputs"))),"",INDIRECT(ADDRESS(B74,2,1,1,"all_city_parameter_inputs"))))} | H74: {=IF(ISBLANK(INDIRECT(ADDRESS(B74,A74,1,1,"all_city_parameter_inputs"))), "--",INDIRECT(ADDRESS(B74,A74,1,1,"all_city_parameter_inputs")))} -> -- | I74: =IF(OR(G74="alpha",G74="beta",G74="sd",G74="mean"),"--",VLOOKUP(C74,Default!$B$5:$H$114,7,FALSE())) -> #N/A | J74: =VLOOKUP(F74,Lookup!$C$5:$D$110,2, FALSE()) -> #N/A | K74: =VLOOKUP(C74,Default!$B$4:$E$114,4, FALSE()) -> #N/A | L74: {=IF(ISNA(VLOOKUP($D74,Grouped_Sources!$C:$C,1,FALSE())),"", INDIRECT(VLOOKUP($D74,Grouped_Sources!$C:$I,5,FALSE())))} | M74: =IF(ISNA(VLOOKUP($D74,Grouped_Sources!$C:$C,1,FALSE())),"", INDIRECT(VLOOKUP($D74,Grouped_Sources!$C:$I,6,FALSE()))) | N74: =IF(ISNA(VLOOKUP($D74,Grouped_Sources!$C:$C,1,FALSE())),"", INDIRECT(VLOOKUP($D74,Grouped_Sources!$C:$I,7,FALSE())))
A75: 3 | B75: 73 | C75: =IF(G75 = "",F75,IF(OR(G75="alpha",G75="beta",G75="constant",G75="sd",G75="mean",G75="sample"),F75,F75&" "&G75)) | D75: =F75&"_"&E75 -> _bogota | E75: {=INDIRECT(ADDRESS(1,A75,1,1,"all_city_parameter_inputs"))} -> bogota | F75: {=IF(AND(ISBLANK(INDIRECT(ADDRESS(B75,2,1,1,"all_city_parameter_inputs"))), ISBLANK(INDIRECT(ADDRESS(B75,1,1,1,"all_city_parameter_inputs")))), "", IF(ISBLANK(INDIRECT(ADDRESS(B75,1,1,1,"all_city_parameter_inputs"))), All_city_list!F74,INDIRECT(ADDRESS(B75,1,1,1,"all_city_parameter_inputs"))))} | G75: {=IF(AND(ISBLANK(INDIRECT(ADDRESS(B75,3,1,1,"all_city_parameter_inputs"))),ISBLANK(INDIRECT(ADDRESS(B75,2,1,1,"all_city_parameter_inputs")))),"",IF(ISBLANK(INDIRECT(ADDRESS(B75,2,1,1,"all_city_parameter_inputs"))),"",INDIRECT(ADDRESS(B75,2,1,1,"all_city_parameter_inputs"))))} | H75: {=IF(ISBLANK(INDIRECT(ADDRESS(B75,A75,1,1,"all_city_parameter_inputs"))), "--",INDIRECT(ADDRESS(B75,A75,1,1,"all_city_parameter_inputs")))} -> -- | I75: =IF(OR(G75="alpha",G75="beta",G75="sd",G75="mean"),"--",VLOOKUP(C75,Default!$B$5:$H$114,7,FALSE())) -> #N/A | J75: =VLOOKUP(F75,Lookup!$C$5:$D$110,2, FALSE()) -> #N/A | K75: =VLOOKUP(C75,Default!$B$4:$E$114,4, FALSE()) -> #N/A | L75: set to 1 as distances in travel survey are expected to be without bias
A76: 3 | B76: 74 | C76: =IF(G76 = "",F76,IF(OR(G76="alpha",G76="beta",G76="constant",G76="sd",G76="mean",G76="sample"),F76,F76&" "&G76)) | D76: =F76&"_"&E76 -> _bogota | E76: {=INDIRECT(ADDRESS(1,A76,1,1,"all_city_parameter_inputs"))} -> bogota | F76: {=IF(AND(ISBLANK(INDIRECT(ADDRESS(B76,2,1,1,"all_city_parameter_inputs"))), ISBLANK(INDIRECT(ADDRESS(B76,1,1,1,"all_city_parameter_inputs")))), "", IF(ISBLANK(INDIRECT(ADDRESS(B76,1,1,1,"all_city_parameter_inputs"))), All_city_list!F75,INDIRECT(ADDRESS(B76,1,1,1,"all_city_parameter_inputs"))))} | G76: {=IF(AND(ISBLANK(INDIRECT(ADDRESS(B76,3,1,1,"all_city_parameter_inputs"))),ISBLANK(INDIRECT(ADDRESS(B76,2,1,1,"all_city_parameter_inputs")))),"",IF(ISBLANK(INDIRECT(ADDRESS(B76,2,1,1,"all_city_parameter_inputs"))),"",INDIRECT(ADDRESS(B76,2,1,1,"all_city_parameter_inputs"))))} | H76: {=IF(ISBLANK(INDIRECT(ADDRESS(B76,A76,1,1,"all_city_parameter_inputs"))), "--",INDIRECT(ADDRESS(B76,A76,1,1,"all_city_parameter_inputs")))} -> -- | I76: =IF(OR(G76="alpha",G76="beta",G76="sd",G76="mean"),"--",VLOOKUP(C76,Default!$B$5:$H$114,7,FALSE())) -> #N/A | J76: =VLOOKUP(F76,Lookup!$C$5:$D$110,2, FALSE()) -> #N/A | K76: =VLOOKUP(C76,Default!$B$4:$E$114,4, FALSE()) -> #N/A | L76: {=IF(ISNA(VLOOKUP($D76,Grouped_Sources!$C:$C,1,FALSE())),"", INDIRECT(VLOOKUP($D76,Grouped_Sources!$C:$I,5,FALSE())))} | M76: =IF(ISNA(VLOOKUP($D76,Grouped_Sources!$C:$C,1,FALSE())),"", INDIRECT(VLOOKUP($D76,Grouped_Sources!$C:$I,6,FALSE()))) | N76: =IF(ISNA(VLOOKUP($D76,Grouped_Sources!$C:$C,1,FALSE())),"", INDIRECT(VLOOKUP($D76,Grouped_Sources!$C:$I,7,FALSE())))
A77: 3 | B77: 75 | C77: =IF(G77 = "",F77,IF(OR(G77="alpha",G77="beta",G77="constant",G77="sd",G77="mean",G77="sample"),F77,F77&" "&G77)) | D77: =F77&"_"&E77 -> _bogota | E77: {=INDIRECT(ADDRESS(1,A77,1,1,"all_city_parameter_inputs"))} -> bogota | F77: {=IF(AND(ISBLANK(INDIRECT(ADDRESS(B77,2,1,1,"all_city_parameter_inputs"))), ISBLANK(INDIRECT(ADDRESS(B77,1,1,1,"all_city_parameter_inputs")))), "", IF(ISBLANK(INDIRECT(ADDRESS(B77,1,1,1,"all_city_parameter_inputs"))), All_city_list!F76,INDIRECT(ADDRESS(B77,1,1,1,"all_city_parameter_inputs"))))} | G77: {=IF(AND(ISBLANK(INDIRECT(ADDRESS(B77,3,1,1,"all_city_parameter_inputs"))),ISBLANK(INDIRECT(ADDRESS(B77,2,1,1,"all_city_parameter_inputs")))),"",IF(ISBLANK(INDIRECT(ADDRESS(B77,2,1,1,"all_city_parameter_inputs"))),"",INDIRECT(ADDRESS(B77,2,1,1,"all_city_parameter_inputs"))))} | H77: {=IF(ISBLANK(INDIRECT(ADDRESS(B77,A77,1,1,"all_city_parameter_inputs"))), "--",INDIRECT(ADDRESS(B77,A77,1,1,"all_city_parameter_inputs")))} -> -- | I77: =IF(OR(G77="alpha",G77="beta",G77="sd",G77="mean"),"--",VLOOKUP(C77,Default!$B$5:$H$114,7,FALSE())) -> #N/A | J77: =VLOOKUP(F77,Lookup!$C$5:$D$110,2, FALSE()) -> #N/A | K77: =VLOOKUP(C77,Default!$B$4:$E$114,4, FALSE()) -> #N/A | L77: {=IF(ISNA(VLOOKUP($D77,Grouped_Sources!$C:$C,1,FALSE())),"", INDIRECT(VLOOKUP($D77,Grouped_Sources!$C:$I,5,FALSE())))} | M77: =IF(ISNA(VLOOKUP($D77,Grouped_Sources!$C:$C,1,FALSE())),"", INDIRECT(VLOOKUP($D77,Grouped_Sources!$C:$I,6,FALSE()))) | N77: =IF(ISNA(VLOOKUP($D77,Grouped_Sources!$C:$C,1,FALSE())),"", INDIRECT(VLOOKUP($D77,Grouped_Sources!$C:$I,7,FALSE())))
A78: 3 | B78: 76 | C78: =IF(G78 = "",F78,IF(OR(G78="alpha",G78="beta",G78="constant",G78="sd",G78="mean",G78="sample"),F78,F78&" "&G78)) | D78: =F78&"_"&E78 -> _bogota | E78: {=INDIRECT(ADDRESS(1,A78,1,1,"all_city_parameter_inputs"))} -> bogota | F78: {=IF(AND(ISBLANK(INDIRECT(ADDRESS(B78,2,1,1,"all_city_parameter_inputs"))), ISBLANK(INDIRECT(ADDRESS(B78,1,1,1,"all_city_parameter_inputs")))), "", IF(ISBLANK(INDIRECT(ADDRESS(B78,1,1,1,"all_city_parameter_inputs"))), All_city_list!F77,INDIRECT(ADDRESS(B78,1,1,1,"all_city_parameter_inputs"))))} | G78: {=IF(AND(ISBLANK(INDIRECT(ADDRESS(B78,3,1,1,"all_city_parameter_inputs"))),ISBLANK(INDIRECT(ADDRESS(B78,2,1,1,"all_city_parameter_inputs")))),"",IF(ISBLANK(INDIRECT(ADDRESS(B78,2,1,1,"all_city_parameter_inputs"))),"",INDIRECT(ADDRESS(B78,2,1,1,"all_city_parameter_inputs"))))} | H78: {=IF(ISBLANK(INDIRECT(ADDRESS(B78,A78,1,1,"all_city_parameter_inputs"))), "--",INDIRECT(ADDRESS(B78,A78,1,1,"all_city_parameter_inputs")))} -> -- | I78: =IF(OR(G78="alpha",G78="beta",G78="sd",G78="mean"),"--",VLOOKUP(C78,Default!$B$5:$H$114,7,FALSE())) -> #N/A | J78: =VLOOKUP(F78,Lookup!$C$5:$D$110,2, FALSE()) -> #N/A | K78: =VLOOKUP(C78,Default!$B$4:$E$114,4, FALSE()) -> #N/A | L78: https://edgar.jrc.ec.europa.eu/, obtained values based on private correspondence | M78: EDGAR, 2018
A79: 3 | B79: 77 | C79: =IF(G79 = "",F79,IF(OR(G79="alpha",G79="beta",G79="constant",G79="sd",G79="mean",G79="sample"),F79,F79&" "&G79)) | D79: =F79&"_"&E79 -> _bogota | E79: {=INDIRECT(ADDRESS(1,A79,1,1,"all_city_parameter_inputs"))} -> bogota | F79: {=IF(AND(ISBLANK(INDIRECT(ADDRESS(B79,2,1,1,"all_city_parameter_inputs"))), ISBLANK(INDIRECT(ADDRESS(B79,1,1,1,"all_city_parameter_inputs")))), "", IF(ISBLANK(INDIRECT(ADDRESS(B79,1,1,1,"all_city_parameter_inputs"))), All_city_list!F78,INDIRECT(ADDRESS(B79,1,1,1,"all_city_parameter_inputs"))))} | G79: {=IF(AND(ISBLANK(INDIRECT(ADDRESS(B79,3,1,1,"all_city_parameter_inputs"))),ISBLANK(INDIRECT(ADDRESS(B79,2,1,1,"all_city_parameter_inputs")))),"",IF(ISBLANK(INDIRECT(ADDRESS(B79,2,1,1,"all_city_parameter_inputs"))),"",INDIRECT(ADDRESS(B79,2,1,1,"all_city_parameter_inputs"))))} | H79: {=IF(ISBLANK(INDIRECT(ADDRESS(B79,A79,1,1,"all_city_parameter_inputs"))), "--",INDIRECT(ADDRESS(B79,A79,1,1,"all_city_parameter_inputs")))} -> -- | I79: =IF(OR(G79="alpha",G79="beta",G79="sd",G79="mean"),"--",VLOOKUP(C79,Default!$B$5:$H$114,7,FALSE())) -> #N/A | J79: =VLOOKUP(F79,Lookup!$C$5:$D$110,2, FALSE()) -> #N/A | K79: =VLOOKUP(C79,Default!$B$4:$E$114,4, FALSE()) -> #N/A | L79: {=IF(ISNA(VLOOKUP($D79,Grouped_Sources!$C:$C,1,FALSE())),"", INDIRECT(VLOOKUP($D79,Grouped_Sources!$C:$I,5,FALSE())))} | M79: {=IF(ISNA(VLOOKUP($D79,Grouped_Sources!$C:$C,1,FALSE())),"", INDIRECT(VLOOKUP($D79,Grouped_Sources!$C:$I,6,FALSE())))} | N79: {=IF(ISNA(VLOOKUP($D79,Grouped_Sources!$C:$C,1,FALSE())),"", INDIRECT(VLOOKUP($D79,Grouped_Sources!$C:$I,7,FALSE())))}
A80: 3 | B80: 78 | C80: =IF(G80 = "",F80,IF(OR(G80="alpha",G80="beta",G80="constant",G80="sd",G80="mean",G80="sample"),F80,F80&" "&G80)) | D80: =F80&"_"&E80 -> _bogota | E80: {=INDIRECT(ADDRESS(1,A80,1,1,"all_city_parameter_inputs"))} -> bogota | F80: {=IF(AND(ISBLANK(INDIRECT(ADDRESS(B80,2,1,1,"all_city_parameter_inputs"))), ISBLANK(INDIRECT(ADDRESS(B80,1,1,1,"all_city_parameter_inputs")))), "", IF(ISBLANK(INDIRECT(ADDRESS(B80,1,1,1,"all_city_parameter_inputs"))), All_city_list!F79,INDIRECT(ADDRESS(B80,1,1,1,"all_city_parameter_inputs"))))} | G80: {=IF(AND(ISBLANK(INDIRECT(ADDRESS(B80,3,1,1,"all_city_parameter_inputs"))),ISBLANK(INDIRECT(ADDRESS(B80,2,1,1,"all_city_parameter_inputs")))),"",IF(ISBLANK(INDIRECT(ADDRESS(B80,2,1,1,"all_city_parameter_inputs"))),"",INDIRECT(ADDRESS(B80,2,1,1,"all_city_parameter_inputs"))))} | H80: {=IF(ISBLANK(INDIRECT(ADDRESS(B80,A80,1,1,"all_city_parameter_inputs"))), "--",INDIRECT(ADDRESS(B80,A80,1,1,"all_city_parameter_inputs")))} -> -- | I80: =IF(OR(G80="alpha",G80="beta",G80="sd",G80="mean"),"--",VLOOKUP(C80,Default!$B$5:$H$114,7,FALSE())) -> #N/A | J80: =VLOOKUP(F80,Lookup!$C$5:$D$110,2, FALSE()) -> #N/A | K80: =VLOOKUP(C80,Default!$B$4:$E$114,4, FALSE()) -> #N/A | L80: {=IF(ISNA(VLOOKUP($D80,Grouped_Sources!$C:$C,1,FALSE())),"", INDIRECT(VLOOKUP($D80,Grouped_Sources!$C:$I,5,FALSE())))} | M80: {=IF(ISNA(VLOOKUP($D80,Grouped_Sources!$C:$C,1,FALSE())),"", INDIRECT(VLOOKUP($D80,Grouped_Sources!$C:$I,6,FALSE())))} | N80: {=IF(ISNA(VLOOKUP($D80,Grouped_Sources!$C:$C,1,FALSE())),"", INDIRECT(VLOOKUP($D80,Grouped_Sources!$C:$I,7,FALSE())))}
A81: 3 | B81: 79 | C81: =IF(G81 = "",F81,IF(OR(G81="alpha",G81="beta",G81="constant",G81="sd",G81="mean",G81="sample"),F81,F81&" "&G81)) | D81: =F81&"_"&E81 -> _bogota | E81: {=INDIRECT(ADDRESS(1,A81,1,1,"all_city_parameter_inputs"))} -> bogota | F81: {=IF(AND(ISBLANK(INDIRECT(ADDRESS(B81,2,1,1,"all_city_parameter_inputs"))), ISBLANK(INDIRECT(ADDRESS(B81,1,1,1,"all_city_parameter_inputs")))), "", IF(ISBLANK(INDIRECT(ADDRESS(B81,1,1,1,"all_city_parameter_inputs"))), All_city_list!F80,INDIRECT(ADDRESS(B81,1,1,1,"all_city_parameter_inputs"))))} | G81: {=IF(AND(ISBLANK(INDIRECT(ADDRESS(B81,3,1,1,"all_city_parameter_inputs"))),ISBLANK(INDIRECT(ADDRESS(B81,2,1,1,"all_city_parameter_inputs")))),"",IF(ISBLANK(INDIRECT(ADDRESS(B81,2,1,1,"all_city_parameter_inputs"))),"",INDIRECT(ADDRESS(B81,2,1,1,"all_city_parameter_inputs"))))} | H81: {=IF(ISBLANK(INDIRECT(ADDRESS(B81,A81,1,1,"all_city_parameter_inputs"))), "--",INDIRECT(ADDRESS(B81,A81,1,1,"all_city_parameter_inputs")))} -> -- | I81: =IF(OR(G81="alpha",G81="beta",G81="sd",G81="mean"),"--",VLOOKUP(C81,Default!$B$5:$H$114,7,FALSE())) -> #N/A | J81: =VLOOKUP(F81,Lookup!$C$5:$D$110,2, FALSE()) -> #N/A | K81: =VLOOKUP(C81,Default!$B$4:$E$114,4, FALSE()) -> #N/A | L81: {=IF(ISNA(VLOOKUP($D81,Grouped_Sources!$C:$C,1,FALSE())),"", INDIRECT(VLOOKUP($D81,Grouped_Sources!$C:$I,5,FALSE())))} | M81: {=IF(ISNA(VLOOKUP($D81,Grouped_Sources!$C:$C,1,FALSE())),"", INDIRECT(VLOOKUP($D81,Grouped_Sources!$C:$I,6,FALSE())))} | N81: {=IF(ISNA(VLOOKUP($D81,Grouped_Sources!$C:$C,1,FALSE())),"", INDIRECT(VLOOKUP($D81,Grouped_Sources!$C:$I,7,FALSE())))}
A82: 3 | B82: 80 | C82: =IF(G82 = "",F82,IF(OR(G82="alpha",G82="beta",G82="constant",G82="sd",G82="mean",G82="sample"),F82,F82&" "&G82)) | D82: =F82&"_"&E82 -> _bogota | E82: {=INDIRECT(ADDRESS(1,A82,1,1,"all_city_parameter_inputs"))} -> bogota | F82: {=IF(AND(ISBLANK(INDIRECT(ADDRESS(B82,2,1,1,"all_city_parameter_inputs"))), ISBLANK(INDIRECT(ADDRESS(B82,1,1,1,"all_city_parameter_inputs")))), "", IF(ISBLANK(INDIRECT(ADDRESS(B82,1,1,1,"all_city_parameter_inputs"))), All_city_list!F81,INDIRECT(ADDRESS(B82,1,1,1,"all_city_parameter_inputs"))))} | G82: {=IF(AND(ISBLANK(INDIRECT(ADDRESS(B82,3,1,1,"all_city_parameter_inputs"))),ISBLANK(INDIRECT(ADDRESS(B82,2,1,1,"all_city_parameter_inputs")))),"",IF(ISBLANK(INDIRECT(ADDRESS(B82,2,1,1,"all_city_parameter_inputs"))),"",INDIRECT(ADDRESS(B82,2,1,1,"all_city_parameter_inputs"))))} | H82: {=IF(ISBLANK(INDIRECT(ADDRESS(B82,A82,1,1,"all_city_parameter_inputs"))), "--",INDIRECT(ADDRESS(B82,A82,1,1,"all_city_parameter_inputs")))} -> -- | I82: =IF(OR(G82="alpha",G82="beta",G82="sd",G82="mean"),"--",VLOOKUP(C82,Default!$B$5:$H$114,7,FALSE())) -> #N/A | J82: =VLOOKUP(F82,Lookup!$C$5:$D$110,2, FALSE()) -> #N/A | K82: =VLOOKUP(C82,Default!$B$4:$E$114,4, FALSE()) -> #N/A | L82: {=IF(ISNA(VLOOKUP($D82,Grouped_Sources!$C:$C,1,FALSE())),"", INDIRECT(VLOOKUP($D82,Grouped_Sources!$C:$I,5,FALSE())))} | M82: {=IF(ISNA(VLOOKUP($D82,Grouped_Sources!$C:$C,1,FALSE())),"", INDIRECT(VLOOKUP($D82,Grouped_Sources!$C:$I,6,FALSE())))} | N82: {=IF(ISNA(VLOOKUP($D82,Grouped_Sources!$C:$C,1,FALSE())),"", INDIRECT(VLOOKUP($D82,Grouped_Sources!$C:$I,7,FALSE())))}
A83: 3 | B83: 81 | C83: =IF(G83 = "",F83,IF(OR(G83="alpha",G83="beta",G83="constant",G83="sd",G83="mean",G83="sample"),F83,F83&" "&G83)) | D83: =F83&"_"&E83 -> _bogota | E83: {=INDIRECT(ADDRESS(1,A83,1,1,"all_city_parameter_inputs"))} -> bogota | F83: {=IF(AND(ISBLANK(INDIRECT(ADDRESS(B83,2,1,1,"all_city_parameter_inputs"))), ISBLANK(INDIRECT(ADDRESS(B83,1,1,1,"all_city_parameter_inputs")))), "", IF(ISBLANK(INDIRECT(ADDRESS(B83,1,1,1,"all_city_parameter_inputs"))), All_city_list!F82,INDIRECT(ADDRESS(B83,1,1,1,"all_city_parameter_inputs"))))} | G83: {=IF(AND(ISBLANK(INDIRECT(ADDRESS(B83,3,1,1,"all_city_parameter_inputs"))),ISBLANK(INDIRECT(ADDRESS(B83,2,1,1,"all_city_parameter_inputs")))),"",IF(ISBLANK(INDIRECT(ADDRESS(B83,2,1,1,"all_city_parameter_inputs"))),"",INDIRECT(ADDRESS(B83,2,1,1,"all_city_parameter_inputs"))))} | H83: {=IF(ISBLANK(INDIRECT(ADDRESS(B83,A83,1,1,"all_city_parameter_inputs"))), "--",INDIRECT(ADDRESS(B83,A83,1,1,"all_city_parameter_inputs")))} -> -- | I83: =IF(OR(G83="alpha",G83="beta",G83="sd",G83="mean"),"--",VLOOKUP(C83,Default!$B$5:$H$114,7,FALSE())) -> #N/A | J83: =VLOOKUP(F83,Lookup!$C$5:$D$110,2, FALSE()) -> #N/A | K83: =VLOOKUP(C83,Default!$B$4:$E$114,4, FALSE()) -> #N/A | L83: {=IF(ISNA(VLOOKUP($D83,Grouped_Sources!$C:$C,1,FALSE())),"", INDIRECT(VLOOKUP($D83,Grouped_Sources!$C:$I,5,FALSE())))} | M83: {=IF(ISNA(VLOOKUP($D83,Grouped_Sources!$C:$C,1,FALSE())),"", INDIRECT(VLOOKUP($D83,Grouped_Sources!$C:$I,6,FALSE())))} | N83: {=IF(ISNA(VLOOKUP($D83,Grouped_Sources!$C:$C,1,FALSE())),"", INDIRECT(VLOOKUP($D83,Grouped_Sources!$C:$I,7,FALSE())))}
A84: 3 | B84: 82 | C84: =IF(G84 = "",F84,IF(OR(G84="alpha",G84="beta",G84="constant",G84="sd",G84="mean",G84="sample"),F84,F84&" "&G84)) | D84: =F84&"_"&E84 -> _bogota | E84: {=INDIRECT(ADDRESS(1,A84,1,1,"all_city_parameter_inputs"))} -> bogota | F84: {=IF(AND(ISBLANK(INDIRECT(ADDRESS(B84,2,1,1,"all_city_parameter_inputs"))), ISBLANK(INDIRECT(ADDRESS(B84,1,1,1,"all_city_parameter_inputs")))), "", IF(ISBLANK(INDIRECT(ADDRESS(B84,1,1,1,"all_city_parameter_inputs"))), All_city_list!F83,INDIRECT(ADDRESS(B84,1,1,1,"all_city_parameter_inputs"))))} | G84: {=IF(AND(ISBLANK(INDIRECT(ADDRESS(B84,3,1,1,"all_city_parameter_inputs"))),ISBLANK(INDIRECT(ADDRESS(B84,2,1,1,"all_city_parameter_inputs")))),"",IF(ISBLANK(INDIRECT(ADDRESS(B84,2,1,1,"all_city_parameter_inputs"))),"",INDIRECT(ADDRESS(B84,2,1,1,"all_city_parameter_inputs"))))} | H84: {=IF(ISBLANK(INDIRECT(ADDRESS(B84,A84,1,1,"all_city_parameter_inputs"))), "--",INDIRECT(ADDRESS(B84,A84,1,1,"all_city_parameter_inputs")))} -> -- | I84: =IF(OR(G84="alpha",G84="beta",G84="sd",G84="mean"),"--",VLOOKUP(C84,Default!$B$5:$H$114,7,FALSE())) -> #N/A | J84: =VLOOKUP(F84,Lookup!$C$5:$D$110,2, FALSE()) -> #N/A | K84: =VLOOKUP(C84,Default!$B$4:$E$114,4, FALSE()) -> #N/A | L84: =IF(ISNA(VLOOKUP($D84,Grouped_Sources!$C:$C,1,FALSE())),"", INDIRECT(VLOOKUP($D84,Grouped_Sources!$C:$I,5,FALSE()))) | M84: =IF(ISNA(VLOOKUP($D84,Grouped_Sources!$C:$C,1,FALSE())),"", INDIRECT(VLOOKUP($D84,Grouped_Sources!$C:$I,6,FALSE()))) | N84: {=IF(ISNA(VLOOKUP($D84,Grouped_Sources!$C:$C,1,FALSE())),"", INDIRECT(VLOOKUP($D84,Grouped_Sources!$C:$I,7,FALSE())))}
A85: 3 | B85: 83 | C85: =IF(G85 = "",F85,IF(OR(G85="alpha",G85="beta",G85="constant",G85="sd",G85="mean",G85="sample"),F85,F85&" "&G85)) | D85: =F85&"_"&E85 -> _bogota | E85: {=INDIRECT(ADDRESS(1,A85,1,1,"all_city_parameter_inputs"))} -> bogota | F85: {=IF(AND(ISBLANK(INDIRECT(ADDRESS(B85,2,1,1,"all_city_parameter_inputs"))), ISBLANK(INDIRECT(ADDRESS(B85,1,1,1,"all_city_parameter_inputs")))), "", IF(ISBLANK(INDIRECT(ADDRESS(B85,1,1,1,"all_city_parameter_inputs"))), All_city_list!F84,INDIRECT(ADDRESS(B85,1,1,1,"all_city_parameter_inputs"))))} | G85: {=IF(AND(ISBLANK(INDIRECT(ADDRESS(B85,3,1,1,"all_city_parameter_inputs"))),ISBLANK(INDIRECT(ADDRESS(B85,2,1,1,"all_city_parameter_inputs")))),"",IF(ISBLANK(INDIRECT(ADDRESS(B85,2,1,1,"all_city_parameter_inputs"))),"",INDIRECT(ADDRESS(B85,2,1,1,"all_city_parameter_inputs"))))} | H85: {=IF(ISBLANK(INDIRECT(ADDRESS(B85,A85,1,1,"all_city_parameter_inputs"))), "--",INDIRECT(ADDRESS(B85,A85,1,1,"all_city_parameter_inputs")))} -> -- | I85: =IF(OR(G85="alpha",G85="beta",G85="sd",G85="mean"),"--",VLOOKUP(C85,Default!$B$5:$H$114,7,FALSE())) -> #N/A | J85: =VLOOKUP(F85,Lookup!$C$5:$D$110,2, FALSE()) -> #N/A | K85: =VLOOKUP(C85,Default!$B$4:$E$114,4, FALSE()) -> #N/A | L85: {=IF(ISNA(VLOOKUP($D85,Grouped_Sources!$C:$C,1,FALSE())),"", INDIRECT(VLOOKUP($D85,Grouped_Sources!$C:$I,5,FALSE())))} | M85: {=IF(ISNA(VLOOKUP($D85,Grouped_Sources!$C:$C,1,FALSE())),"", INDIRECT(VLOOKUP($D85,Grouped_Sources!$C:$I,6,FALSE())))} | N85: {=IF(ISNA(VLOOKUP($D85,Grouped_Sources!$C:$C,1,FALSE())),"", INDIRECT(VLOOKUP($D85,Grouped_Sources!$C:$I,7,FALSE())))}
A86: 3 | B86: 84 | C86: =IF(G86 = "",F86,IF(OR(G86="alpha",G86="beta",G86="constant",G86="sd",G86="mean",G86="sample"),F86,F86&" "&G86)) | D86: =F86&"_"&E86 -> _bogota | E86: {=INDIRECT(ADDRESS(1,A86,1,1,"all_city_parameter_inputs"))} -> bogota | F86: {=IF(AND(ISBLANK(INDIRECT(ADDRESS(B86,2,1,1,"all_city_parameter_inputs"))), ISBLANK(INDIRECT(ADDRESS(B86,1,1,1,"all_city_parameter_inputs")))), "", IF(ISBLANK(INDIRECT(ADDRESS(B86,1,1,1,"all_city_parameter_inputs"))), All_city_list!F85,INDIRECT(ADDRESS(B86,1,1,1,"all_city_parameter_inputs"))))} | G86: {=IF(AND(ISBLANK(INDIRECT(ADDRESS(B86,3,1,1,"all_city_parameter_inputs"))),ISBLANK(INDIRECT(ADDRESS(B86,2,1,1,"all_city_parameter_inputs")))),"",IF(ISBLANK(INDIRECT(ADDRESS(B86,2,1,1,"all_city_parameter_inputs"))),"",INDIRECT(ADDRESS(B86,2,1,1,"all_city_parameter_inputs"))))} | H86: {=IF(ISBLANK(INDIRECT(ADDRESS(B86,A86,1,1,"all_city_parameter_inputs"))), "--",INDIRECT(ADDRESS(B86,A86,1,1,"all_city_parameter_inputs")))} -> -- | I86: =IF(OR(G86="alpha",G86="beta",G86="sd",G86="mean"),"--",VLOOKUP(C86,Default!$B$5:$H$114,7,FALSE())) -> #N/A | J86: =VLOOKUP(F86,Lookup!$C$5:$D$110,2, FALSE()) -> #N/A | K86: =VLOOKUP(C86,Default!$B$4:$E$114,4, FALSE()) -> #N/A | L86: {=IF(ISNA(VLOOKUP($D86,Grouped_Sources!$C:$C,1,FALSE())),"", INDIRECT(VLOOKUP($D86,Grouped_Sources!$C:$I,5,FALSE())))} | M86: {=IF(ISNA(VLOOKUP($D86,Grouped_Sources!$C:$C,1,FALSE())),"", INDIRECT(VLOOKUP($D86,Grouped_Sources!$C:$I,6,FALSE())))} | N86: {=IF(ISNA(VLOOKUP($D86,Grouped_Sources!$C:$C,1,FALSE())),"", INDIRECT(VLOOKUP($D86,Grouped_Sources!$C:$I,7,FALSE())))}
A87: 3 | B87: 85 | C87: =IF(G87 = "",F87,IF(OR(G87="alpha",G87="beta",G87="constant",G87="sd",G87="mean",G87="sample"),F87,F87&" "&G87)) | D87: =F87&"_"&E87 -> _bogota | E87: {=INDIRECT(ADDRESS(1,A87,1,1,"all_city_parameter_inputs"))} -> bogota | F87: {=IF(AND(ISBLANK(INDIRECT(ADDRESS(B87,2,1,1,"all_city_parameter_inputs"))), ISBLANK(INDIRECT(ADDRESS(B87,1,1,1,"all_city_parameter_inputs")))), "", IF(ISBLANK(INDIRECT(ADDRESS(B87,1,1,1,"all_city_parameter_inputs"))), All_city_list!F86,INDIRECT(ADDRESS(B87,1,1,1,"all_city_parameter_inputs"))))} | G87: {=IF(AND(ISBLANK(INDIRECT(ADDRESS(B87,3,1,1,"all_city_parameter_inputs"))),ISBLANK(INDIRECT(ADDRESS(B87,2,1,1,"all_city_parameter_inputs")))),"",IF(ISBLANK(INDIRECT(ADDRESS(B87,2,1,1,"all_city_parameter_inputs"))),"",INDIRECT(ADDRESS(B87,2,1,1,"all_city_parameter_inputs"))))} | H87: {=IF(ISBLANK(INDIRECT(ADDRESS(B87,A87,1,1,"all_city_parameter_inputs"))), "--",INDIRECT(ADDRESS(B87,A87,1,1,"all_city_parameter_inputs")))} -> -- | I87: =IF(OR(G87="alpha",G87="beta",G87="sd",G87="mean"),"--",VLOOKUP(C87,Default!$B$5:$H$114,7,FALSE())) -> #N/A | J87: =VLOOKUP(F87,Lookup!$C$5:$D$110,2, FALSE()) -> #N/A | K87: =VLOOKUP(C87,Default!$B$4:$E$114,4, FALSE()) -> #N/A | L87: Not used for constant run
A88: 3 | B88: 86 | C88: =IF(G88 = "",F88,IF(OR(G88="alpha",G88="beta",G88="constant",G88="sd",G88="mean",G88="sample"),F88,F88&" "&G88)) | D88: =F88&"_"&E88 -> _bogota | E88: {=INDIRECT(ADDRESS(1,A88,1,1,"all_city_parameter_inputs"))} -> bogota | F88: {=IF(AND(ISBLANK(INDIRECT(ADDRESS(B88,2,1,1,"all_city_parameter_inputs"))), ISBLANK(INDIRECT(ADDRESS(B88,1,1,1,"all_city_parameter_inputs")))), "", IF(ISBLANK(INDIRECT(ADDRESS(B88,1,1,1,"all_city_parameter_inputs"))), All_city_list!F87,INDIRECT(ADDRESS(B88,1,1,1,"all_city_parameter_inputs"))))} | G88: {=IF(AND(ISBLANK(INDIRECT(ADDRESS(B88,3,1,1,"all_city_parameter_inputs"))),ISBLANK(INDIRECT(ADDRESS(B88,2,1,1,"all_city_parameter_inputs")))),"",IF(ISBLANK(INDIRECT(ADDRESS(B88,2,1,1,"all_city_parameter_inputs"))),"",INDIRECT(ADDRESS(B88,2,1,1,"all_city_parameter_inputs"))))} | H88: {=IF(ISBLANK(INDIRECT(ADDRESS(B88,A88,1,1,"all_city_parameter_inputs"))), "--",INDIRECT(ADDRESS(B88,A88,1,1,"all_city_parameter_inputs")))} -> -- | I88: =IF(OR(G88="alpha",G88="beta",G88="sd",G88="mean"),"--",VLOOKUP(C88,Default!$B$5:$H$114,7,FALSE())) -> #N/A | J88: =VLOOKUP(F88,Lookup!$C$5:$D$110,2, FALSE()) -> #N/A | K88: =VLOOKUP(C88,Default!$B$4:$E$114,4, FALSE()) -> #N/A | L88: https://www.autofact.com.co/blog/mi-carro/actividades/carpooling-colombia | M88: Autofact, 2022
A89: 3 | B89: 87 | C89: =IF(G89 = "",F89,IF(OR(G89="alpha",G89="beta",G89="constant",G89="sd",G89="mean",G89="sample"),F89,F89&" "&G89)) | D89: =F89&"_"&E89 -> _bogota | E89: {=INDIRECT(ADDRESS(1,A89,1,1,"all_city_parameter_inputs"))} -> bogota | F89: {=IF(AND(ISBLANK(INDIRECT(ADDRESS(B89,2,1,1,"all_city_parameter_inputs"))), ISBLANK(INDIRECT(ADDRESS(B89,1,1,1,"all_city_parameter_inputs")))), "", IF(ISBLANK(INDIRECT(ADDRESS(B89,1,1,1,"all_city_parameter_inputs"))), All_city_list!F88,INDIRECT(ADDRESS(B89,1,1,1,"all_city_parameter_inputs"))))} | G89: {=IF(AND(ISBLANK(INDIRECT(ADDRESS(B89,3,1,1,"all_city_parameter_inputs"))),ISBLANK(INDIRECT(ADDRESS(B89,2,1,1,"all_city_parameter_inputs")))),"",IF(ISBLANK(INDIRECT(ADDRESS(B89,2,1,1,"all_city_parameter_inputs"))),"",INDIRECT(ADDRESS(B89,2,1,1,"all_city_parameter_inputs"))))} | H89: {=IF(ISBLANK(INDIRECT(ADDRESS(B89,A89,1,1,"all_city_parameter_inputs"))), "--",INDIRECT(ADDRESS(B89,A89,1,1,"all_city_parameter_inputs")))} -> -- | I89: =IF(OR(G89="alpha",G89="beta",G89="sd",G89="mean"),"--",VLOOKUP(C89,Default!$B$5:$H$114,7,FALSE())) -> #N/A | J89: =VLOOKUP(F89,Lookup!$C$5:$D$110,2, FALSE()) -> #N/A | K89: =VLOOKUP(C89,Default!$B$4:$E$114,4, FALSE()) -> #N/A | L89: =IF(ISNA(VLOOKUP($D89,Grouped_Sources!$C:$C,1,FALSE())),"", INDIRECT(VLOOKUP($D89,Grouped_Sources!$C:$I,5,FALSE()))) | M89: =IF(ISNA(VLOOKUP($D89,Grouped_Sources!$C:$C,1,FALSE())),"", INDIRECT(VLOOKUP($D89,Grouped_Sources!$C:$I,6,FALSE()))) | N89: {=IF(ISNA(VLOOKUP($D89,Grouped_Sources!$C:$C,1,FALSE())),"", INDIRECT(VLOOKUP($D89,Grouped_Sources!$C:$I,7,FALSE())))}
A90: 3 | B90: 88 | C90: =IF(G90 = "",F90,IF(OR(G90="alpha",G90="beta",G90="constant",G90="sd",G90="mean",G90="sample"),F90,F90&" "&G90)) | D90: =F90&"_"&E90 -> _bogota | E90: {=INDIRECT(ADDRESS(1,A90,1,1,"all_city_parameter_inputs"))} -> bogota | F90: {=IF(AND(ISBLANK(INDIRECT(ADDRESS(B90,2,1,1,"all_city_parameter_inputs"))), ISBLANK(INDIRECT(ADDRESS(B90,1,1,1,"all_city_parameter_inputs")))), "", IF(ISBLANK(INDIRECT(ADDRESS(B90,1,1,1,"all_city_parameter_inputs"))), All_city_list!F89,INDIRECT(ADDRESS(B90,1,1,1,"all_city_parameter_inputs"))))} | G90: {=IF(AND(ISBLANK(INDIRECT(ADDRESS(B90,3,1,1,"all_city_parameter_inputs"))),ISBLANK(INDIRECT(ADDRESS(B90,2,1,1,"all_city_parameter_inputs")))),"",IF(ISBLANK(INDIRECT(ADDRESS(B90,2,1,1,"all_city_parameter_inputs"))),"",INDIRECT(ADDRESS(B90,2,1,1,"all_city_parameter_inputs"))))} | H90: {=IF(ISBLANK(INDIRECT(ADDRESS(B90,A90,1,1,"all_city_parameter_inputs"))), "--",INDIRECT(ADDRESS(B90,A90,1,1,"all_city_parameter_inputs")))} -> -- | I90: =IF(OR(G90="alpha",G90="beta",G90="sd",G90="mean"),"--",VLOOKUP(C90,Default!$B$5:$H$114,7,FALSE())) -> #N/A | J90: =VLOOKUP(F90,Lookup!$C$5:$D$110,2, FALSE()) -> #N/A | K90: =VLOOKUP(C90,Default!$B$4:$E$114,4, FALSE()) -> #N/A | L90: =IF(ISNA(VLOOKUP($D90,Grouped_Sources!$C:$C,1,FALSE())),"", INDIRECT(VLOOKUP($D90,Grouped_Sources!$C:$I,5,FALSE()))) | M90: =IF(ISNA(VLOOKUP($D90,Grouped_Sources!$C:$C,1,FALSE())),"", INDIRECT(VLOOKUP($D90,Grouped_Sources!$C:$I,6,FALSE()))) | N90: {=IF(ISNA(VLOOKUP($D90,Grouped_Sources!$C:$C,1,FALSE())),"", INDIRECT(VLOOKUP($D90,Grouped_Sources!$C:$I,7,FALSE())))}
A91: 3 | B91: 89 | C91: =IF(G91 = "",F91,IF(OR(G91="alpha",G91="beta",G91="constant",G91="sd",G91="mean",G91="sample"),F91,F91&" "&G91)) | D91: =F91&"_"&E91 -> _bogota | E91: {=INDIRECT(ADDRESS(1,A91,1,1,"all_city_parameter_inputs"))} -> bogota | F91: {=IF(AND(ISBLANK(INDIRECT(ADDRESS(B91,2,1,1,"all_city_parameter_inputs"))), ISBLANK(INDIRECT(ADDRESS(B91,1,1,1,"all_city_parameter_inputs")))), "", IF(ISBLANK(INDIRECT(ADDRESS(B91,1,1,1,"all_city_parameter_inputs"))), All_city_list!F90,INDIRECT(ADDRESS(B91,1,1,1,"all_city_parameter_inputs"))))} | G91: {=IF(AND(ISBLANK(INDIRECT(ADDRESS(B91,3,1,1,"all_city_parameter_inputs"))),ISBLANK(INDIRECT(ADDRESS(B91,2,1,1,"all_city_parameter_inputs")))),"",IF(ISBLANK(INDIRECT(ADDRESS(B91,2,1,1,"all_city_parameter_inputs"))),"",INDIRECT(ADDRESS(B91,2,1,1,"all_city_parameter_inputs"))))} | H91: {=IF(ISBLANK(INDIRECT(ADDRESS(B91,A91,1,1,"all_city_parameter_inputs"))), "--",INDIRECT(ADDRESS(B91,A91,1,1,"all_city_parameter_inputs")))} -> -- | I91: =IF(OR(G91="alpha",G91="beta",G91="sd",G91="mean"),"--",VLOOKUP(C91,Default!$B$5:$H$114,7,FALSE())) -> #N/A | J91: =VLOOKUP(F91,Lookup!$C$5:$D$110,2, FALSE()) -> #N/A | K91: =VLOOKUP(C91,Default!$B$4:$E$114,4, FALSE()) -> #N/A | L91: =IF(ISNA(VLOOKUP(D91,Grouped_Sources!$C:$C,1,FALSE())),"", INDIRECT(VLOOKUP(D91,Grouped_Sources!$C:$G,5,FALSE())))
A92: 3 | B92: 90 | C92: =IF(G92 = "",F92,IF(OR(G92="alpha",G92="beta",G92="constant",G92="sd",G92="mean",G92="sample"),F92,F92&" "&G92)) | D92: =F92&"_"&E92 -> _bogota | E92: {=INDIRECT(ADDRESS(1,A92,1,1,"all_city_parameter_inputs"))} -> bogota | F92: {=IF(AND(ISBLANK(INDIRECT(ADDRESS(B92,2,1,1,"all_city_parameter_inputs"))), ISBLANK(INDIRECT(ADDRESS(B92,1,1,1,"all_city_parameter_inputs")))), "", IF(ISBLANK(INDIRECT(ADDRESS(B92,1,1,1,"all_city_parameter_inputs"))), All_city_list!F91,INDIRECT(ADDRESS(B92,1,1,1,"all_city_parameter_inputs"))))} | G92: {=IF(AND(ISBLANK(INDIRECT(ADDRESS(B92,3,1,1,"all_city_parameter_inputs"))),ISBLANK(INDIRECT(ADDRESS(B92,2,1,1,"all_city_parameter_inputs")))),"",IF(ISBLANK(INDIRECT(ADDRESS(B92,2,1,1,"all_city_parameter_inputs"))),"",INDIRECT(ADDRESS(B92,2,1,1,"all_city_parameter_inputs"))))} | H92: {=IF(ISBLANK(INDIRECT(ADDRESS(B92,A92,1,1,"all_city_parameter_inputs"))), "--",INDIRECT(ADDRESS(B92,A92,1,1,"all_city_parameter_inputs")))} -> -- | I92: =IF(OR(G92="alpha",G92="beta",G92="sd",G92="mean"),"--",VLOOKUP(C92,Default!$B$5:$H$114,7,FALSE())) -> #N/A | J92: =VLOOKUP(F92,Lookup!$C$5:$D$110,2, FALSE()) -> #N/A | K92: =VLOOKUP(C92,Default!$B$4:$E$114,4, FALSE()) -> #N/A | L92: =IF(ISNA(VLOOKUP(D92,Grouped_Sources!$C:$C,1,FALSE())),"", INDIRECT(VLOOKUP(D92,Grouped_Sources!$C:$G,5,FALSE())))
A93: 3 | B93: 91 | C93: =IF(G93 = "",F93,IF(OR(G93="alpha",G93="beta",G93="constant",G93="sd",G93="mean",G93="sample"),F93,F93&" "&G93)) | D93: =F93&"_"&E93 -> _bogota | E93: {=INDIRECT(ADDRESS(1,A93,1,1,"all_city_parameter_inputs"))} -> bogota | F93: {=IF(AND(ISBLANK(INDIRECT(ADDRESS(B93,2,1,1,"all_city_parameter_inputs"))), ISBLANK(INDIRECT(ADDRESS(B93,1,1,1,"all_city_parameter_inputs")))), "", IF(ISBLANK(INDIRECT(ADDRESS(B93,1,1,1,"all_city_parameter_inputs"))), All_city_list!F92,INDIRECT(ADDRESS(B93,1,1,1,"all_city_parameter_inputs"))))} | G93: {=IF(AND(ISBLANK(INDIRECT(ADDRESS(B93,3,1,1,"all_city_parameter_inputs"))),ISBLANK(INDIRECT(ADDRESS(B93,2,1,1,"all_city_parameter_inputs")))),"",IF(ISBLANK(INDIRECT(ADDRESS(B93,2,1,1,"all_city_parameter_inputs"))),"",INDIRECT(ADDRESS(B93,2,1,1,"all_city_parameter_inputs"))))} | H93: {=IF(ISBLANK(INDIRECT(ADDRESS(B93,A93,1,1,"all_city_parameter_inputs"))), "--",INDIRECT(ADDRESS(B93,A93,1,1,"all_city_parameter_inputs")))} -> -- | I93: =IF(OR(G93="alpha",G93="beta",G93="sd",G93="mean"),"--",VLOOKUP(C93,Default!$B$5:$H$114,7,FALSE())) -> #N/A | J93: =VLOOKUP(F93,Lookup!$C$5:$D$110,2, FALSE()) -> #N/A | K93: =VLOOKUP(C93,Default!$B$4:$E$114,4, FALSE()) -> #N/A | L93: https://www.despacio.org/wp-content/uploads/2020/03/mujeresbogotalascuentas20200303web.pdf, p.90 | M93: Moscoso, 2020
A94: 3 | B94: 92 | C94: =IF(G94 = "",F94,IF(OR(G94="alpha",G94="beta",G94="constant",G94="sd",G94="mean",G94="sample"),F94,F94&" "&G94)) | D94: =F94&"_"&E94 -> _bogota | E94: {=INDIRECT(ADDRESS(1,A94,1,1,"all_city_parameter_inputs"))} -> bogota | F94: {=IF(AND(ISBLANK(INDIRECT(ADDRESS(B94,2,1,1,"all_city_parameter_inputs"))), ISBLANK(INDIRECT(ADDRESS(B94,1,1,1,"all_city_parameter_inputs")))), "", IF(ISBLANK(INDIRECT(ADDRESS(B94,1,1,1,"all_city_parameter_inputs"))), All_city_list!F93,INDIRECT(ADDRESS(B94,1,1,1,"all_city_parameter_inputs"))))} | G94: {=IF(AND(ISBLANK(INDIRECT(ADDRESS(B94,3,1,1,"all_city_parameter_inputs"))),ISBLANK(INDIRECT(ADDRESS(B94,2,1,1,"all_city_parameter_inputs")))),"",IF(ISBLANK(INDIRECT(ADDRESS(B94,2,1,1,"all_city_parameter_inputs"))),"",INDIRECT(ADDRESS(B94,2,1,1,"all_city_parameter_inputs"))))} | H94: {=IF(ISBLANK(INDIRECT(ADDRESS(B94,A94,1,1,"all_city_parameter_inputs"))), "--",INDIRECT(ADDRESS(B94,A94,1,1,"all_city_parameter_inputs")))} -> -- | I94: =IF(OR(G94="alpha",G94="beta",G94="sd",G94="mean"),"--",VLOOKUP(C94,Default!$B$5:$H$114,7,FALSE())) -> #N/A | J94: =VLOOKUP(F94,Lookup!$C$5:$D$110,2, FALSE()) -> #N/A | K94: =VLOOKUP(C94,Default!$B$4:$E$114,4, FALSE()) -> #N/A | L94: Sí hay empleo para ser operadores de TransMilenio, https://www.oecd.org/els/public-pensions/OECD-Pension-Policy-Notes-Colombia.pdf, One year of driving experience is required and you can get your licence with 18, retirement age for men is 62 | M94: Transmilenio, 2019, OECD data explorer, 2020
A95: 3 | B95: 93 | C95: =IF(G95 = "",F95,IF(OR(G95="alpha",G95="beta",G95="constant",G95="sd",G95="mean",G95="sample"),F95,F95&" "&G95)) | D95: =F95&"_"&E95 -> _bogota | E95: {=INDIRECT(ADDRESS(1,A95,1,1,"all_city_parameter_inputs"))} -> bogota | F95: {=IF(AND(ISBLANK(INDIRECT(ADDRESS(B95,2,1,1,"all_city_parameter_inputs"))), ISBLANK(INDIRECT(ADDRESS(B95,1,1,1,"all_city_parameter_inputs")))), "", IF(ISBLANK(INDIRECT(ADDRESS(B95,1,1,1,"all_city_parameter_inputs"))), All_city_list!F94,INDIRECT(ADDRESS(B95,1,1,1,"all_city_parameter_inputs"))))} | G95: {=IF(AND(ISBLANK(INDIRECT(ADDRESS(B95,3,1,1,"all_city_parameter_inputs"))),ISBLANK(INDIRECT(ADDRESS(B95,2,1,1,"all_city_parameter_inputs")))),"",IF(ISBLANK(INDIRECT(ADDRESS(B95,2,1,1,"all_city_parameter_inputs"))),"",INDIRECT(ADDRESS(B95,2,1,1,"all_city_parameter_inputs"))))} | H95: {=IF(ISBLANK(INDIRECT(ADDRESS(B95,A95,1,1,"all_city_parameter_inputs"))), "--",INDIRECT(ADDRESS(B95,A95,1,1,"all_city_parameter_inputs")))} -> -- | I95: =IF(OR(G95="alpha",G95="beta",G95="sd",G95="mean"),"--",VLOOKUP(C95,Default!$B$5:$H$114,7,FALSE())) -> #N/A | J95: =VLOOKUP(F95,Lookup!$C$5:$D$110,2, FALSE()) -> #N/A | K95: =VLOOKUP(C95,Default!$B$4:$E$114,4, FALSE()) -> #N/A | L95: Sí hay empleo para ser operadores de https://www.oecd.org/els/public-pensions/OECD-Pension-Policy-Notes-Colombia.pdf, One year of driving experience is required and you can get your licence with 18, retirement age for women is 57 | M95: Transmilenio, 2019, OECD data explorer, 2020
A96: 3 | B96: 94 | C96: =IF(G96 = "",F96,IF(OR(G96="alpha",G96="beta",G96="constant",G96="sd",G96="mean",G96="sample"),F96,F96&" "&G96)) | D96: =F96&"_"&E96 -> _bogota | E96: {=INDIRECT(ADDRESS(1,A96,1,1,"all_city_parameter_inputs"))} -> bogota | F96: {=IF(AND(ISBLANK(INDIRECT(ADDRESS(B96,2,1,1,"all_city_parameter_inputs"))), ISBLANK(INDIRECT(ADDRESS(B96,1,1,1,"all_city_parameter_inputs")))), "", IF(ISBLANK(INDIRECT(ADDRESS(B96,1,1,1,"all_city_parameter_inputs"))), All_city_list!F95,INDIRECT(ADDRESS(B96,1,1,1,"all_city_parameter_inputs"))))} | G96: {=IF(AND(ISBLANK(INDIRECT(ADDRESS(B96,3,1,1,"all_city_parameter_inputs"))),ISBLANK(INDIRECT(ADDRESS(B96,2,1,1,"all_city_parameter_inputs")))),"",IF(ISBLANK(INDIRECT(ADDRESS(B96,2,1,1,"all_city_parameter_inputs"))),"",INDIRECT(ADDRESS(B96,2,1,1,"all_city_parameter_inputs"))))} | H96: {=IF(ISBLANK(INDIRECT(ADDRESS(B96,A96,1,1,"all_city_parameter_inputs"))), "--",INDIRECT(ADDRESS(B96,A96,1,1,"all_city_parameter_inputs")))} -> -- | I96: =IF(OR(G96="alpha",G96="beta",G96="sd",G96="mean"),"--",VLOOKUP(C96,Default!$B$5:$H$114,7,FALSE())) -> #N/A | J96: =VLOOKUP(F96,Lookup!$C$5:$D$110,2, FALSE()) -> #N/A | K96: =VLOOKUP(C96,Default!$B$4:$E$114,4, FALSE()) -> #N/A | L96: Guesstimate, in 2020, 2.328 females had driving licence for tractocamiones (trucks? https://www.busesycamioneschevrolet.com.co/blog/mujeres-y-madres-transportadoras-un-mundo-que-cada-vez-crece-mas/), used same percentage as for male bus drivers
A97: 3 | B97: 95 | C97: =IF(G97 = "",F97,IF(OR(G97="alpha",G97="beta",G97="constant",G97="sd",G97="mean",G97="sample"),F97,F97&" "&G97)) | D97: =F97&"_"&E97 -> _bogota | E97: {=INDIRECT(ADDRESS(1,A97,1,1,"all_city_parameter_inputs"))} -> bogota | F97: {=IF(AND(ISBLANK(INDIRECT(ADDRESS(B97,2,1,1,"all_city_parameter_inputs"))), ISBLANK(INDIRECT(ADDRESS(B97,1,1,1,"all_city_parameter_inputs")))), "", IF(ISBLANK(INDIRECT(ADDRESS(B97,1,1,1,"all_city_parameter_inputs"))), All_city_list!F96,INDIRECT(ADDRESS(B97,1,1,1,"all_city_parameter_inputs"))))} | G97: {=IF(AND(ISBLANK(INDIRECT(ADDRESS(B97,3,1,1,"all_city_parameter_inputs"))),ISBLANK(INDIRECT(ADDRESS(B97,2,1,1,"all_city_parameter_inputs")))),"",IF(ISBLANK(INDIRECT(ADDRESS(B97,2,1,1,"all_city_parameter_inputs"))),"",INDIRECT(ADDRESS(B97,2,1,1,"all_city_parameter_inputs"))))} | H97: {=IF(ISBLANK(INDIRECT(ADDRESS(B97,A97,1,1,"all_city_parameter_inputs"))), "--",INDIRECT(ADDRESS(B97,A97,1,1,"all_city_parameter_inputs")))} -> -- | I97: =IF(OR(G97="alpha",G97="beta",G97="sd",G97="mean"),"--",VLOOKUP(C97,Default!$B$5:$H$114,7,FALSE())) -> #N/A | J97: =VLOOKUP(F97,Lookup!$C$5:$D$110,2, FALSE()) -> #N/A | K97: =VLOOKUP(C97,Default!$B$4:$E$114,4, FALSE()) -> #N/A | L97: https://www.autofact.com.co/blog/mi-carro/licencias/licencia-c3#:~:text=La%20licencia%20C3%20pertenece%20a,identifican%20por%20llevar%20placa%20blanca., https://data-explorer.oecd.org/vis?df[ds]=DisseminateFinalDMZ&df[id]=DSD_PAG%40DF_PAG&df[ag]=OECD.ELS.SPD&dq=.A.CRPLF22%2BFRPLF22%2BGPRR100%2BATRW%2BATRAEP%2BATRPPAE%2BNPRR100%2BGPW100%2BNPW100%2BFR%2BLE%2BER%2BOAWAR%2BELMEA%2BEYLME%2BEDIOP%2BPTOP%2BOCOP%2BCIOP%2BEIOP%2BAWGW%2BOAIP%2BPEP%2BPPEP....&pd=2019%2C2022&to[TIME_PERIOD]=true&ly[cl]=COMBINED_MEASURE%2CCOMBINED_UNIT_MEASURE%2CTIME_PERIOD&ly[rw]=REF_AREA&vw=tb, You can get your licence with 18, retirement age for men is 62 | M97: Autofact, 2024, OECD data explorer, 2020
A98: 3 | B98: 96 | C98: =IF(G98 = "",F98,IF(OR(G98="alpha",G98="beta",G98="constant",G98="sd",G98="mean",G98="sample"),F98,F98&" "&G98)) | D98: =F98&"_"&E98 -> _bogota | E98: {=INDIRECT(ADDRESS(1,A98,1,1,"all_city_parameter_inputs"))} -> bogota | F98: {=IF(AND(ISBLANK(INDIRECT(ADDRESS(B98,2,1,1,"all_city_parameter_inputs"))), ISBLANK(INDIRECT(ADDRESS(B98,1,1,1,"all_city_parameter_inputs")))), "", IF(ISBLANK(INDIRECT(ADDRESS(B98,1,1,1,"all_city_parameter_inputs"))), All_city_list!F97,INDIRECT(ADDRESS(B98,1,1,1,"all_city_parameter_inputs"))))} | G98: {=IF(AND(ISBLANK(INDIRECT(ADDRESS(B98,3,1,1,"all_city_parameter_inputs"))),ISBLANK(INDIRECT(ADDRESS(B98,2,1,1,"all_city_parameter_inputs")))),"",IF(ISBLANK(INDIRECT(ADDRESS(B98,2,1,1,"all_city_parameter_inputs"))),"",INDIRECT(ADDRESS(B98,2,1,1,"all_city_parameter_inputs"))))} | H98: {=IF(ISBLANK(INDIRECT(ADDRESS(B98,A98,1,1,"all_city_parameter_inputs"))), "--",INDIRECT(ADDRESS(B98,A98,1,1,"all_city_parameter_inputs")))} -> -- | I98: =IF(OR(G98="alpha",G98="beta",G98="sd",G98="mean"),"--",VLOOKUP(C98,Default!$B$5:$H$114,7,FALSE())) -> #N/A | J98: =VLOOKUP(F98,Lookup!$C$5:$D$110,2, FALSE()) -> #N/A | K98: =VLOOKUP(C98,Default!$B$4:$E$114,4, FALSE()) -> #N/A | L98: https://www.autofact.com.co/blog/mi-carro/licencias/licencia-c3#:~:text=La%20licencia%20C3%20pertenece%20a,identifican%20por%20llevar%20placa%20blanca., https://data-explorer.oecd.org/vis?df[ds]=DisseminateFinalDMZ&df[id]=DSD_PAG%40DF_PAG&df[ag]=OECD.ELS.SPD&dq=.A.CRPLF22%2BFRPLF22%2BGPRR100%2BATRW%2BATRAEP%2BATRPPAE%2BNPRR100%2BGPW100%2BNPW100%2BFR%2BLE%2BER%2BOAWAR%2BELMEA%2BEYLME%2BEDIOP%2BPTOP%2BOCOP%2BCIOP%2BEIOP%2BAWGW%2BOAIP%2BPEP%2BPPEP....&pd=2019%2C2022&to[TIME_PERIOD]=true&ly[cl]=COMBINED_MEASURE%2CCOMBINED_UNIT_MEASURE%2CTIME_PERIOD&ly[rw]=REF_AREA&vw=tb, you can get your licence with 18, retirement age for women is 57 | M98: Autofact, 2024, OECD data explorer, 2020
A99: 3 | B99: 97 | C99: =IF(G99 = "",F99,IF(OR(G99="alpha",G99="beta",G99="constant",G99="sd",G99="mean",G99="sample"),F99,F99&" "&G99)) | D99: =F99&"_"&E99 -> _bogota | E99: {=INDIRECT(ADDRESS(1,A99,1,1,"all_city_parameter_inputs"))} -> bogota | F99: {=IF(AND(ISBLANK(INDIRECT(ADDRESS(B99,2,1,1,"all_city_parameter_inputs"))), ISBLANK(INDIRECT(ADDRESS(B99,1,1,1,"all_city_parameter_inputs")))), "", IF(ISBLANK(INDIRECT(ADDRESS(B99,1,1,1,"all_city_parameter_inputs"))), All_city_list!F98,INDIRECT(ADDRESS(B99,1,1,1,"all_city_parameter_inputs"))))} | G99: {=IF(AND(ISBLANK(INDIRECT(ADDRESS(B99,3,1,1,"all_city_parameter_inputs"))),ISBLANK(INDIRECT(ADDRESS(B99,2,1,1,"all_city_parameter_inputs")))),"",IF(ISBLANK(INDIRECT(ADDRESS(B99,2,1,1,"all_city_parameter_inputs"))),"",INDIRECT(ADDRESS(B99,2,1,1,"all_city_parameter_inputs"))))} | H99: {=IF(ISBLANK(INDIRECT(ADDRESS(B99,A99,1,1,"all_city_parameter_inputs"))), "--",INDIRECT(ADDRESS(B99,A99,1,1,"all_city_parameter_inputs")))} -> -- | I99: =IF(OR(G99="alpha",G99="beta",G99="sd",G99="mean"),"--",VLOOKUP(C99,Default!$B$5:$H$114,7,FALSE())) -> #N/A | J99: =VLOOKUP(F99,Lookup!$C$5:$D$110,2, FALSE()) -> #N/A | K99: =VLOOKUP(C99,Default!$B$4:$E$114,4, FALSE()) -> #N/A | L99: La motocicleta en América Latina (CAF LIBRO motos digital.pdf) | M99: Rodríguez 2015
A100: 3 | B100: 98 | C100: =IF(G100 = "",F100,IF(OR(G100="alpha",G100="beta",G100="constant",G100="sd",G100="mean",G100="sample"),F100,F100&" "&G100)) | D100: =F100&"_"&E100 -> _bogota | E100: {=INDIRECT(ADDRESS(1,A100,1,1,"all_city_parameter_inputs"))} -> bogota | F100: {=IF(AND(ISBLANK(INDIRECT(ADDRESS(B100,2,1,1,"all_city_parameter_inputs"))), ISBLANK(INDIRECT(ADDRESS(B100,1,1,1,"all_city_parameter_inputs")))), "", IF(ISBLANK(INDIRECT(ADDRESS(B100,1,1,1,"all_city_parameter_inputs"))), All_city_list!F99,INDIRECT(ADDRESS(B100,1,1,1,"all_city_parameter_inputs"))))} | G100: {=IF(AND(ISBLANK(INDIRECT(ADDRESS(B100,3,1,1,"all_city_parameter_inputs"))),ISBLANK(INDIRECT(ADDRESS(B100,2,1,1,"all_city_parameter_inputs")))),"",IF(ISBLANK(INDIRECT(ADDRESS(B100,2,1,1,"all_city_parameter_inputs"))),"",INDIRECT(ADDRESS(B100,2,1,1,"all_city_parameter_inputs"))))} | H100: {=IF(ISBLANK(INDIRECT(ADDRESS(B100,A100,1,1,"all_city_parameter_inputs"))), "--",INDIRECT(ADDRESS(B100,A100,1,1,"all_city_parameter_inputs")))} -> -- | I100: =IF(OR(G100="alpha",G100="beta",G100="sd",G100="mean"),"--",VLOOKUP(C100,Default!$B$5:$H$114,7,FALSE())) -> #N/A | J100: =VLOOKUP(F100,Lookup!$C$5:$D$110,2, FALSE()) -> #N/A | K100: =VLOOKUP(C100,Default!$B$4:$E$114,4, FALSE()) -> #N/A | L100: La motocicleta en América Latina (CAF LIBRO motos digital.pdf), https://data-explorer.oecd.org/vis?df[ds]=DisseminateFinalDMZ&df[id]=DSD_PAG%40DF_PAG&df[ag]=OECD.ELS.SPD&dq=.A.CRPLF22%2BFRPLF22%2BGPRR100%2BATRW%2BATRAEP%2BATRPPAE%2BNPRR100%2BGPW100%2BNPW100%2BFR%2BLE%2BER%2BOAWAR%2BELMEA%2BEYLME%2BEDIOP%2BPTOP%2BOCOP%2BCIOP%2BEIOP%2BAWGW%2BOAIP%2BPEP%2BPPEP....&pd=2019%2C2022&to[TIME_PERIOD]=true&ly[cl]=COMBINED_MEASURE%2CCOMBINED_UNIT_MEASURE%2CTIME_PERIOD&ly[rw]=REF_AREA&vw=tb, retirement age for men is 62 | M100: Rodríguez 2015 , OECD data explorer 2020
...

Sheet all_global_parameter_inputs
A1: parameter | B1: detail | C1: global
A2: cycling_mmet | B2: constant | C2: 5.8
B3: mean
B4: sd
A5: walking_mmet | B5: constant | C5: 2.5
B6: mean
B7: sd
A8: passenger_mmet | B8: constant | C8: 0.3
B9: mean
B10: sd
A11: car_driver_mmet | B11: constant | C11: 1.5
B12: mean
B13: sd
A14: motorcyclist_mmet | B14: constant | C14: 1.8
B15: mean
B16: sd
A17: sedentary_activity_mmet | B17: constant | C17: 0.3
B18: mean
B19: sd
A20: light_activity_mmet | B20: constant | C20: 1
B21: mean
B22: sd
A23: moderate_pa_mmet | B23: constant | C23: 3
B24: mean
B25: sd
A26: vigorous_pa_mmet | B26: constant | C26: 7
B27: mean
B28: sd
A29: pa_dr_quantile_city1 | C29: T
A30: ap_dr_quantile_city1 | C30: T
A31: min_age | C31: 15
A32: max_age | C32: 69
A33: dist_cat | C33: 0-2 km, 2-6 km, 6+ km
A34: minimum_pt_time | C34: 5
A35: moderate_pa_contribution | C35: 0.5

Sheet All_global_list
B4: Default lookup | C4: Parameter | D4: Detail | E4: Value | F4: Default value | G4: Classification | H4: Description | I4: Location of data (e.g. in v-drive, web link) | J4: Source of data | K4: Comments
B5: cycling_mmet | C5: =IF(#REF!="",All_global_list!C4,#REF!) -> #REF! | D5: =IF(#REF!="","",#REF!) -> #REF! | E5: =#REF! -> #REF! | F5: =IF(OR(D5="alpha",D5="beta",D5="sd",D5="mean"),"--",VLOOKUP(B5,Default!$B:$H,7,FALSE())) -> #REF! | G5: =VLOOKUP(B5,Lookup!$C:$D,2, FALSE()) -> PA values | H5: =VLOOKUP(B5,Default!$B:$E,4, FALSE()) -> marginal MET value associated with cycling | I5: Compendium of physical activity https://sites.google.com/site/compendiumofphysicalactivities/Activity-Categories/bicycling?authuser=1
B6: cycling_mmet | C6: =IF(#REF!="",All_global_list!C5,#REF!) -> #REF! | D6: =IF(#REF!="","",#REF!) -> #REF! | E6: =#REF! -> #REF! | F6: =IF(OR(D6="alpha",D6="beta",D6="sd",D6="mean"),"--",VLOOKUP(B6,Default!$B:$H,7,FALSE())) -> #REF! | G6: =VLOOKUP(B6,Lookup!$C:$D,2, FALSE()) -> PA values | H6: =VLOOKUP(B6,Default!$B:$E,4, FALSE()) -> marginal MET value associated with cycling
B7: cycling_mmet | C7: =IF(#REF!="",All_global_list!C6,#REF!) -> #REF! | D7: =IF(#REF!="","",#REF!) -> #REF! | E7: =#REF! -> #REF! | F7: =IF(OR(D7="alpha",D7="beta",D7="sd",D7="mean"),"--",VLOOKUP(B7,Default!$B:$H,7,FALSE())) -> #REF! | G7: =VLOOKUP(B7,Lookup!$C:$D,2, FALSE()) -> PA values | H7: =VLOOKUP(B7,Default!$B:$E,4, FALSE()) -> marginal MET value associated with cycling
B8: walking_mmet | C8: =IF(#REF!="",All_global_list!C7,#REF!) -> #REF! | D8: =IF(#REF!="","",#REF!) -> #REF! | E8: =#REF! -> #REF! | F8: =IF(OR(D8="alpha",D8="beta",D8="sd",D8="mean"),"--",VLOOKUP(B8,Default!$B:$H,7,FALSE())) -> #REF! | G8: =VLOOKUP(B8,Lookup!$C:$D,2, FALSE()) -> PA values | H8: =VLOOKUP(B8,Default!$B:$E,4, FALSE()) -> marginal MET value associated with walking | I8: Compendium of physical activity 16060 https://sites.google.com/site/compendiumofphysicalactivities/Activity-Categories/transportation?authuser=0
B9: walking_mmet | C9: =IF(#REF!="",All_global_list!C8,#REF!) -> #REF! | D9: =IF(#REF!="","",#REF!) -> #REF! | E9: =#REF! -> #REF! | F9: =IF(OR(D9="alpha",D9="beta",D9="sd",D9="mean"),"--",VLOOKUP(B9,Default!$B:$H,7,FALSE())) -> #REF! | G9: =VLOOKUP(B9,Lookup!$C:$D,2, FALSE()) -> PA values | H9: =VLOOKUP(B9,Default!$B:$E,4, FALSE()) -> marginal MET value associated with walking
B10: walking_mmet | C10: =IF(#REF!="",All_global_list!C9,#REF!) -> #REF! | D10: =IF(#REF!="","",#REF!) -> #REF! | E10: =#REF! -> #REF! | F10: =IF(OR(D10="alpha",D10="beta",D10="sd",D10="mean"),"--",VLOOKUP(B10,Default!$B:$H,7,FALSE())) -> #REF! | G10: =VLOOKUP(B10,Lookup!$C:$D,2, FALSE()) -> PA values | H10: =VLOOKUP(B10,Default!$B:$E,4, FALSE()) -> marginal MET value associated with walking
B11: passenger_mmet | C11: =IF(#REF!="",All_global_list!C10,#REF!) -> #REF! | D11: =IF(#REF!="","",#REF!) -> #REF! | E11: =#REF! -> #REF! | F11: =IF(OR(D11="alpha",D11="beta",D11="sd",D11="mean"),"--",VLOOKUP(B11,Default!$B:$H,7,FALSE())) -> #REF! | G11: =VLOOKUP(B11,Lookup!$C:$D,2, FALSE()) -> PA values | H11: =VLOOKUP(B11,Default!$B:$E,4, FALSE()) -> marginal MET value associated with being a passenger on public transport | I11: Compendium of physical activity 16015-15016 https://sites.google.com/site/compendiumofphysicalactivities/Activity-Categories/transportation?authuser=1
B12: passenger_mmet | C12: =IF(#REF!="",All_global_list!C11,#REF!) -> #REF! | D12: =IF(#REF!="","",#REF!) -> #REF! | E12: =#REF! -> #REF! | F12: =IF(OR(D12="alpha",D12="beta",D12="sd",D12="mean"),"--",VLOOKUP(B12,Default!$B:$H,7,FALSE())) -> #REF! | G12: =VLOOKUP(B12,Lookup!$C:$D,2, FALSE()) -> PA values | H12: =VLOOKUP(B12,Default!$B:$E,4, FALSE()) -> marginal MET value associated with being a passenger on public transport
B13: passenger_mmet | C13: =IF(#REF!="",All_global_list!C12,#REF!) -> #REF! | D13: =IF(#REF!="","",#REF!) -> #REF! | E13: =#REF! -> #REF! | F13: =IF(OR(D13="alpha",D13="beta",D13="sd",D13="mean"),"--",VLOOKUP(B13,Default!$B:$H,7,FALSE())) -> #REF! | G13: =VLOOKUP(B13,Lookup!$C:$D,2, FALSE()) -> PA values | H13: =VLOOKUP(B13,Default!$B:$E,4, FALSE()) -> marginal MET value associated with being a passenger on public transport
B14: car_driver_mmet | C14: =IF(#REF!="",All_global_list!C13,#REF!) -> #REF! | D14: =IF(#REF!="","",#REF!) -> #REF! | E14: =#REF! -> #REF! | F14: =IF(OR(D14="alpha",D14="beta",D14="sd",D14="mean"),"--",VLOOKUP(B14,Default!$B:$H,7,FALSE())) -> #REF! | G14: =VLOOKUP(B14,Lookup!$C:$D,2, FALSE()) -> PA values | H14: =VLOOKUP(B14,Default!$B:$E,4, FALSE()) -> marginal MET value associated with being a car driver or passenger | I14: Compendium of physical activity 16010 https://sites.google.com/site/compendiumofphysicalactivities/Activity-Categories/transportation?authuser=2
B15: car_driver_mmet | C15: =IF(#REF!="",All_global_list!C14,#REF!) -> #REF! | D15: =IF(#REF!="","",#REF!) -> #REF! | E15: =#REF! -> #REF! | F15: =IF(OR(D15="alpha",D15="beta",D15="sd",D15="mean"),"--",VLOOKUP(B15,Default!$B:$H,7,FALSE())) -> #REF! | G15: =VLOOKUP(B15,Lookup!$C:$D,2, FALSE()) -> PA values | H15: =VLOOKUP(B15,Default!$B:$E,4, FALSE()) -> marginal MET value associated with being a car driver or passenger
B16: car_driver_mmet | C16: =IF(#REF!="",All_global_list!C15,#REF!) -> #REF! | D16: =IF(#REF!="","",#REF!) -> #REF! | E16: =#REF! -> #REF! | F16: =IF(OR(D16="alpha",D16="beta",D16="sd",D16="mean"),"--",VLOOKUP(B16,Default!$B:$H,7,FALSE())) -> #REF! | G16: =VLOOKUP(B16,Lookup!$C:$D,2, FALSE()) -> PA values | H16: =VLOOKUP(B16,Default!$B:$E,4, FALSE()) -> marginal MET value associated with being a car driver or passenger
B17: motorcyclist_mmet | C17: =IF(#REF!="",All_global_list!C16,#REF!) -> #REF! | D17: =IF(#REF!="","",#REF!) -> #REF! | E17: =#REF! -> #REF! | F17: =IF(OR(D17="alpha",D17="beta",D17="sd",D17="mean"),"--",VLOOKUP(B17,Default!$B:$H,7,FALSE())) -> #REF! | G17: =VLOOKUP(B17,Lookup!$C:$D,2, FALSE()) -> PA values | H17: =VLOOKUP(B17,Default!$B:$E,4, FALSE()) -> marginal MET value associated with being a motorcyclist | I17: Compendium of physical activity 16030 https://sites.google.com/site/compendiumofphysicalactivities/Activity-Categories/transportation?authuser=3
B18: motorcyclist_mmet | C18: =IF(#REF!="",All_global_list!C17,#REF!) -> #REF! | D18: =IF(#REF!="","",#REF!) -> #REF! | E18: =#REF! -> #REF! | F18: =IF(OR(D18="alpha",D18="beta",D18="sd",D18="mean"),"--",VLOOKUP(B18,Default!$B:$H,7,FALSE())) -> #REF! | G18: =VLOOKUP(B18,Lookup!$C:$D,2, FALSE()) -> PA values | H18: =VLOOKUP(B18,Default!$B:$E,4, FALSE()) -> marginal MET value associated with being a motorcyclist
B19: motorcyclist_mmet | C19: =IF(#REF!="",All_global_list!C18,#REF!) -> #REF! | D19: =IF(#REF!="","",#REF!) -> #REF! | E19: =#REF! -> #REF! | F19: =IF(OR(D19="alpha",D19="beta",D19="sd",D19="mean"),"--",VLOOKUP(B19,Default!$B:$H,7,FALSE())) -> #REF! | G19: =VLOOKUP(B19,Lookup!$C:$D,2, FALSE()) -> PA values | H19: =VLOOKUP(B19,Default!$B:$E,4, FALSE()) -> marginal MET value associated with being a motorcyclist
B20: sedentary_activity_mmet | C20: =IF(#REF!="",All_global_list!C19,#REF!) -> #REF! | D20: =IF(#REF!="","",#REF!) -> #REF! | E20: =#REF! -> #REF! | F20: =IF(OR(D20="alpha",D20="beta",D20="sd",D20="mean"),"--",VLOOKUP(B20,Default!$B:$H,7,FALSE())) -> #REF! | G20: =VLOOKUP(B20,Lookup!$C:$D,2, FALSE()) -> PA values | H20: =VLOOKUP(B20,Default!$B:$E,4, FALSE()) -> marginal MET value associated with sedentary activity | I20: Compendium of physical activity 05080 https://sites.google.com/site/compendiumofphysicalactivities/Activity-Categories/home-activity?authuser=0
B21: sedentary_activity_mmet | C21: =IF(#REF!="",All_global_list!C20,#REF!) -> #REF! | D21: =IF(#REF!="","",#REF!) -> #REF! | E21: =#REF! -> #REF! | F21: =IF(OR(D21="alpha",D21="beta",D21="sd",D21="mean"),"--",VLOOKUP(B21,Default!$B:$H,7,FALSE())) -> #REF! | G21: =VLOOKUP(B21,Lookup!$C:$D,2, FALSE()) -> PA values | H21: =VLOOKUP(B21,Default!$B:$E,4, FALSE()) -> marginal MET value associated with sedentary activity
B22: sedentary_activity_mmet | C22: =IF(#REF!="",All_global_list!C21,#REF!) -> #REF! | D22: =IF(#REF!="","",#REF!) -> #REF! | E22: =#REF! -> #REF! | F22: =IF(OR(D22="alpha",D22="beta",D22="sd",D22="mean"),"--",VLOOKUP(B22,Default!$B:$H,7,FALSE())) -> #REF! | G22: =VLOOKUP(B22,Lookup!$C:$D,2, FALSE()) -> PA values | H22: =VLOOKUP(B22,Default!$B:$E,4, FALSE()) -> marginal MET value associated with sedentary activity
B23: light_activity_mmet | C23: =IF(#REF!="",All_global_list!C22,#REF!) -> #REF! | D23: =IF(#REF!="","",#REF!) -> #REF! | E23: =#REF! -> #REF! | F23: =IF(OR(D23="alpha",D23="beta",D23="sd",D23="mean"),"--",VLOOKUP(B23,Default!$B:$H,7,FALSE())) -> #REF! | G23: =VLOOKUP(B23,Lookup!$C:$D,2, FALSE()) -> PA values | H23: =VLOOKUP(B23,Default!$B:$E,4, FALSE()) -> marginal MET value associated with light activity | I23: Compendium of physical activity 05160 (https://sites.google.com/site/compendiumofphysicalactivities/Activity-Categories/home-activity?authuser=1
B24: light_activity_mmet | C24: =IF(#REF!="",All_global_list!C23,#REF!) -> #REF! | D24: =IF(#REF!="","",#REF!) -> #REF! | E24: =#REF! -> #REF! | F24: =IF(OR(D24="alpha",D24="beta",D24="sd",D24="mean"),"--",VLOOKUP(B24,Default!$B:$H,7,FALSE())) -> #REF! | G24: =VLOOKUP(B24,Lookup!$C:$D,2, FALSE()) -> PA values | H24: =VLOOKUP(B24,Default!$B:$E,4, FALSE()) -> marginal MET value associated with light activity
B25: light_activity_mmet | C25: =IF(#REF!="",All_global_list!C24,#REF!) -> #REF! | D25: =IF(#REF!="","",#REF!) -> #REF! | E25: =#REF! -> #REF! | F25: -- | G25: =VLOOKUP(B25,Lookup!$C:$D,2, FALSE()) -> PA values | H25: =VLOOKUP(B25,Default!$B:$E,4, FALSE()) -> marginal MET value associated with light activity
B26: moderate_pa_mmet | C26: =IF(#REF!="",All_global_list!C25,#REF!) -> #REF! | D26: =IF(#REF!="","",#REF!) -> #REF! | E26: =#REF! -> #REF! | F26: =IF(OR(D26="alpha",D26="beta",D26="sd",D26="mean"),"--",VLOOKUP(B26,Default!$B:$H,7,FALSE())) -> #REF! | G26: =VLOOKUP(B26,Lookup!$C:$D,2, FALSE()) -> PA values | H26: =VLOOKUP(B26,Default!$B:$E,4, FALSE()) -> marginal MET value associated with moderate activity | I26: GPAQ. P3. https://www.who.int/docs/default-source/ncds/ncd-surveillance/gpaq-analysis-guide.pdf
B27: moderate_pa_mmet | C27: =IF(#REF!="",All_global_list!C26,#REF!) -> #REF! | D27: =IF(#REF!="","",#REF!) -> #REF! | E27: =#REF! -> #REF! | F27: =IF(OR(D27="alpha",D27="beta",D27="sd",D27="mean"),"--",VLOOKUP(B27,Default!$B:$H,7,FALSE())) -> #REF! | G27: =VLOOKUP(B27,Lookup!$C:$D,2, FALSE()) -> PA values | H27: =VLOOKUP(B27,Default!$B:$E,4, FALSE()) -> marginal MET value associated with moderate activity
B28: moderate_pa_mmet | C28: =IF(#REF!="",All_global_list!C27,#REF!) -> #REF! | D28: =IF(#REF!="","",#REF!) -> #REF! | E28: =#REF! -> #REF! | F28: =IF(OR(D28="alpha",D28="beta",D28="sd",D28="mean"),"--",VLOOKUP(B28,Default!$B:$H,7,FALSE())) -> #REF! | G28: =VLOOKUP(B28,Lookup!$C:$D,2, FALSE()) -> PA values | H28: =VLOOKUP(B28,Default!$B:$E,4, FALSE()) -> marginal MET value associated with moderate activity
B29: vigorous_pa_mmet | C29: =IF(#REF!="",All_global_list!C28,#REF!) -> #REF! | D29: =IF(#REF!="","",#REF!) -> #REF! | E29: =#REF! -> #REF! | F29: =IF(OR(D29="alpha",D29="beta",D29="sd",D29="mean"),"--",VLOOKUP(B29,Default!$B:$H,7,FALSE())) -> #REF! | G29: =VLOOKUP(B29,Lookup!$C:$D,2, FALSE()) -> PA values | H29: =VLOOKUP(B29,Default!$B:$E,4, FALSE()) -> marginal MET value associated with vigorous activity | I29: GPAQ. P3. https://www.who.int/docs/default-source/ncds/ncd-surveillance/gpaq-analysis-guide.pdf
B30: vigorous_pa_mmet | C30: =IF(#REF!="",All_global_list!C29,#REF!) -> #REF! | D30: =IF(#REF!="","",#REF!) -> #REF! | E30: =#REF! -> #REF! | F30: =IF(OR(D30="alpha",D30="beta",D30="sd",D30="mean"),"--",VLOOKUP(B30,Default!$B:$H,7,FALSE())) -> #REF! | G30: =VLOOKUP(B30,Lookup!$C:$D,2, FALSE()) -> PA values | H30: =VLOOKUP(B30,Default!$B:$E,4, FALSE()) -> marginal MET value associated with vigorous activity
B31: vigorous_pa_mmet | C31: =IF(#REF!="",All_global_list!C30,#REF!) -> #REF! | D31: =IF(#REF!="","",#REF!) -> #REF! | E31: =#REF! -> #REF! | F31: =IF(OR(D31="alpha",D31="beta",D31="sd",D31="mean"),"--",VLOOKUP(B31,Default!$B:$H,7,FALSE())) -> #REF! | G31: =VLOOKUP(B31,Lookup!$C:$D,2, FALSE()) -> PA values | H31: =VLOOKUP(B31,Default!$B:$E,4, FALSE()) -> marginal MET value associated with vigorous activity
B32: sin_exponent_sum | C32: =IF(#REF!="",All_global_list!C10,#REF!) -> #REF! | D32: =IF(#REF!="","",#REF!) -> #REF! | E32: =#REF! -> #REF! | F32: =IF(OR(D32="alpha",D32="beta",D32="sd",D32="mean"),"--",VLOOKUP(B32,Default!$B:$H,7,FALSE())) -> #REF! | G32: =VLOOKUP(B32,Lookup!$C:$D,2, FALSE()) -> Injury values | H32: =VLOOKUP(B32,Default!$B:$E,4, FALSE()) -> linearity of injuries with respect to two modes. SIN_EXPONENT_SUM=2 means no safety in numbers | I32: see Safety in Numbers tab
B33: sin_exponent_sum | C33: =IF(#REF!="",All_global_list!C32,#REF!) -> #REF! | D33: =IF(#REF!="","",#REF!) -> #REF! | E33: =#REF! -> #REF! | F33: =IF(OR(D33="alpha",D33="beta",D33="sd",D33="mean"),"--",VLOOKUP(B33,Default!$B:$H,7,FALSE())) -> #REF! | G33: =VLOOKUP(B33,Lookup!$C:$D,2, FALSE()) -> Injury values
B34: sin_exponent_sum | C34: =IF(#REF!="",All_global_list!C33,#REF!) -> #REF! | D34: =IF(#REF!="","",#REF!) -> #REF! | E34: =#REF! -> #REF! | F34: =IF(OR(D34="alpha",D34="beta",D34="sd",D34="mean"),"--",VLOOKUP(B34,Default!$B:$H,7,FALSE())) -> #REF! | G34: =VLOOKUP(B34,Lookup!$C:$D,2, FALSE()) -> Injury values
B35: casualty_exponent_fraction | C35: =IF(#REF!="",All_global_list!C34,#REF!) -> #REF! | D35: =IF(#REF!="","",#REF!) -> #REF! | E35: =#REF! -> #REF! | F35: =IF(OR(D35="alpha",D35="beta",D35="sd",D35="mean"),"--",VLOOKUP(B35,Default!$B:$H,7,FALSE())) -> #REF! | G35: =VLOOKUP(B35,Lookup!$C:$D,2, FALSE()) -> Injury values | H35: =VLOOKUP(B35,Default!$B:$E,4, FALSE()) -> fraction of SIN_EXPONENT_SUM attributed to casualy mode | I35: see Safety in Numbers tab
B36: casualty_exponent_fraction | C36: =IF(#REF!="",All_global_list!C35,#REF!) -> #REF! | D36: =IF(#REF!="","",#REF!) -> #REF! | E36: =#REF! -> #REF! | F36: =IF(OR(D36="alpha",D36="beta",D36="sd",D36="mean"),"--",VLOOKUP(B36,Default!$B:$H,7,FALSE())) -> #REF! | G36: =VLOOKUP(B36,Lookup!$C:$D,2, FALSE()) -> Injury values
B37: casualty_exponent_fraction | C37: =IF(#REF!="",All_global_list!C36,#REF!) -> #REF! | D37: =IF(#REF!="","",#REF!) -> #REF! | E37: =#REF! -> #REF! | F37: =IF(OR(D37="alpha",D37="beta",D37="sd",D37="mean"),"--",VLOOKUP(B37,Default!$B:$H,7,FALSE())) -> #REF! | G37: =VLOOKUP(B37,Lookup!$C:$D,2, FALSE()) -> Injury values
B38: sin_exponent_sum_nov | C38: =IF(#REF!="",All_global_list!C37,#REF!) -> #REF! | D38: =IF(#REF!="","",#REF!) -> #REF! | E38: =#REF! -> #REF! | F38: =IF(OR(D38="alpha",D38="beta",D38="sd",D38="mean"),"--",VLOOKUP(B38,Default!$B:$H,7,FALSE())) -> #REF! | G38: =VLOOKUP(B38,Lookup!$C:$D,2, FALSE()) -> Injury values | H38: =VLOOKUP(B38,Default!$B:$E,4, FALSE()) -> same as global SIN_EXPONENT_SUM but only applies to NOV fatalities which means that this coefficient is only relevant for casualty mode and does not get split between cas and str modes. | I38: see Safety in Numbers tab
B39: sin_exponent_sum_nov | C39: =IF(#REF!="",All_global_list!C38,#REF!) -> #REF! | D39: =IF(#REF!="","",#REF!) -> #REF! | E39: =#REF! -> #REF! | F39: =IF(OR(D39="alpha",D39="beta",D39="sd",D39="mean"),"--",VLOOKUP(B39,Default!$B:$H,7,FALSE())) -> #REF! | G39: =VLOOKUP(B39,Lookup!$C:$D,2, FALSE()) -> Injury values
B40: sin_exponent_sum_nov | C40: =IF(#REF!="",All_global_list!C39,#REF!) -> #REF! | D40: =IF(#REF!="","",#REF!) -> #REF! | E40: =#REF! -> #REF! | F40: =IF(OR(D40="alpha",D40="beta",D40="sd",D40="mean"),"--",VLOOKUP(B40,Default!$B:$H,7,FALSE())) -> #REF! | G40: =VLOOKUP(B40,Lookup!$C:$D,2, FALSE()) -> Injury values
B41: sin_exponent_sum_cycle | C41: =IF(#REF!="",all_global_list!#ref!,#REF!) -> #REF! | D41: =IF(#REF!="","",#REF!) -> #REF! | E41: =#REF! -> #REF! | F41: =IF(OR(D41="alpha",D41="beta",D41="sd",D41="mean"),"--",VLOOKUP(B41,Default!$B:$H,7,FALSE())) -> #REF! | G41: =VLOOKUP(B41,Lookup!$C:$D,2, FALSE()) -> Injury values | H41: =VLOOKUP(B41,Default!$B:$E,4, FALSE()) -> same as global SIN_EXPONENT_SUM but only applies to cycle fatalities | I41: see Safety in Numbers tab
B42: sin_exponent_sum_cycle | C42: =IF(#REF!="",All_global_list!C41,#REF!) -> #REF! | D42: =IF(#REF!="","",#REF!) -> #REF! | E42: =#REF! -> #REF! | F42: =IF(OR(D42="alpha",D42="beta",D42="sd",D42="mean"),"--",VLOOKUP(B42,Default!$B:$H,7,FALSE())) -> #REF! | G42: =VLOOKUP(B42,Lookup!$C:$D,2, FALSE()) -> Injury values
B43: sin_exponent_sum_cycle | C43: =IF(#REF!="",All_global_list!C42,#REF!) -> #REF! | D43: =IF(#REF!="","",#REF!) -> #REF! | E43: =#REF! -> #REF! | F43: =IF(OR(D43="alpha",D43="beta",D43="sd",D43="mean"),"--",VLOOKUP(B43,Default!$B:$H,7,FALSE())) -> #REF! | G43: =VLOOKUP(B43,Lookup!$C:$D,2, FALSE()) -> Injury values
B44: casualty_exponent_fraction_cycle | C44: =IF(#REF!="",All_global_list!C43,#REF!) -> #REF! | D44: =IF(#REF!="","",#REF!) -> #REF! | E44: =#REF! -> #REF! | F44: =IF(OR(D44="alpha",D44="beta",D44="sd",D44="mean"),"--",VLOOKUP(B44,Default!$B:$H,7,FALSE())) -> #REF! | G44: =VLOOKUP(B44,Lookup!$C:$D,2, FALSE()) -> Injury values | H44: =VLOOKUP(B44,Default!$B:$E,4, FALSE()) -> same as global CASUALTY_EXPONENT_FRACTION but only applies to cycle fatalities | I44: see Safety in Numbers tab
B45: casualty_exponent_fraction_cycle | C45: =IF(#REF!="",All_global_list!C44,#REF!) -> #REF! | D45: =IF(#REF!="","",#REF!) -> #REF! | E45: =#REF! -> #REF! | F45: =IF(OR(D45="alpha",D45="beta",D45="sd",D45="mean"),"--",VLOOKUP(B45,Default!$B:$H,7,FALSE())) -> #REF! | G45: =VLOOKUP(B45,Lookup!$C:$D,2, FALSE()) -> Injury values
B46: casualty_exponent_fraction_cycle | C46: =IF(#REF!="",All_global_list!C45,#REF!) -> #REF! | D46: =IF(#REF!="","",#REF!) -> #REF! | E46: =#REF! -> #REF! | F46: =IF(OR(D46="alpha",D46="beta",D46="sd",D46="mean"),"--",VLOOKUP(B46,Default!$B:$H,7,FALSE())) -> #REF! | G46: =VLOOKUP(B46,Lookup!$C:$D,2, FALSE()) -> Injury values
B47: sin_exponent_sum_ped | C47: =IF(#REF!="",All_global_list!C46,#REF!) -> #REF! | D47: =IF(#REF!="","",#REF!) -> #REF! | E47: =#REF! -> #REF! | F47: =IF(OR(D47="alpha",D47="beta",D47="sd",D47="mean"),"--",VLOOKUP(B47,Default!$B:$H,7,FALSE())) -> #REF! | G47: =VLOOKUP(B47,Lookup!$C:$D,2, FALSE()) -> Injury values | H47: =VLOOKUP(B47,Default!$B:$E,4, FALSE()) -> same as global SIN_EXPONENT_SUM but only applies to pedestrian fatalities | I47: see Safety in Numbers tab
B48: sin_exponent_sum_ped | C48: =IF(#REF!="",All_global_list!C47,#REF!) -> #REF! | D48: =IF(#REF!="","",#REF!) -> #REF! | E48: =#REF! -> #REF! | F48: =IF(OR(D48="alpha",D48="beta",D48="sd",D48="mean"),"--",VLOOKUP(B48,Default!$B:$H,7,FALSE())) -> #REF! | G48: =VLOOKUP(B48,Lookup!$C:$D,2, FALSE()) -> Injury values
B49: sin_exponent_sum_ped | C49: =IF(#REF!="",All_global_list!C48,#REF!) -> #REF! | D49: =IF(#REF!="","",#REF!) -> #REF! | E49: =#REF! -> #REF! | F49: =IF(OR(D49="alpha",D49="beta",D49="sd",D49="mean"),"--",VLOOKUP(B49,Default!$B:$H,7,FALSE())) -> #REF! | G49: =VLOOKUP(B49,Lookup!$C:$D,2, FALSE()) -> Injury values
B50: casualty_exponent_fraction_ped | C50: =IF(#REF!="",All_global_list!C49,#REF!) -> #REF! | D50: =IF(#REF!="","",#REF!) -> #REF! | E50: =#REF! -> #REF! | F50: =IF(OR(D50="alpha",D50="beta",D50="sd",D50="mean"),"--",VLOOKUP(B50,Default!$B:$H,7,FALSE())) -> #REF! | G50: =VLOOKUP(B50,Lookup!$C:$D,2, FALSE()) -> Injury values | H50: =VLOOKUP(B50,Default!$B:$E,4, FALSE()) -> same as global CASUALTY_EXPONENT_FRACTION but only applies to pedestrian fatalities | I50: see Safety in Numbers tab
B51: casualty_exponent_fraction_ped | C51: =IF(#REF!="",All_global_list!C50,#REF!) -> #REF! | D51: =IF(#REF!="","",#REF!) -> #REF! | E51: =#REF! -> #REF! | F51: =IF(OR(D51="alpha",D51="beta",D51="sd",D51="mean"),"--",VLOOKUP(B51,Default!$B:$H,7,FALSE())) -> #REF! | G51: =VLOOKUP(B51,Lookup!$C:$D,2, FALSE()) -> Injury values
B52: casualty_exponent_fraction_ped | C52: =IF(#REF!="",All_global_list!C51,#REF!) -> #REF! | D52: =IF(#REF!="","",#REF!) -> #REF! | E52: =#REF! -> #REF! | F52: =IF(OR(D52="alpha",D52="beta",D52="sd",D52="mean"),"--",VLOOKUP(B52,Default!$B:$H,7,FALSE())) -> #REF! | G52: =VLOOKUP(B52,Lookup!$C:$D,2, FALSE()) -> Injury values
B53: sin_exponent_sum_veh | C53: =IF(#REF!="",All_global_list!C52,#REF!) -> #REF! | D53: =IF(#REF!="","",#REF!) -> #REF! | E53: =#REF! -> #REF! | F53: =IF(OR(D53="alpha",D53="beta",D53="sd",D53="mean"),"--",VLOOKUP(B53,Default!$B:$H,7,FALSE())) -> #REF! | G53: =VLOOKUP(B53,Lookup!$C:$D,2, FALSE()) -> Injury values | H53: =VLOOKUP(B53,Default!$B:$E,4, FALSE()) -> same as global SIN_EXPONENT_SUM but only applies to vehicle fatalities | I53: see Safety in Numbers tab
B54: sin_exponent_sum_veh | C54: =IF(#REF!="",All_global_list!C53,#REF!) -> #REF! | D54: =IF(#REF!="","",#REF!) -> #REF! | E54: =#REF! -> #REF! | F54: =IF(OR(D54="alpha",D54="beta",D54="sd",D54="mean"),"--",VLOOKUP(B54,Default!$B:$H,7,FALSE())) -> #REF! | G54: =VLOOKUP(B54,Lookup!$C:$D,2, FALSE()) -> Injury values
B55: sin_exponent_sum_veh | C55: =IF(#REF!="",All_global_list!C54,#REF!) -> #REF! | D55: =IF(#REF!="","",#REF!) -> #REF! | E55: =#REF! -> #REF! | F55: =IF(OR(D55="alpha",D55="beta",D55="sd",D55="mean"),"--",VLOOKUP(B55,Default!$B:$H,7,FALSE())) -> #REF! | G55: =VLOOKUP(B55,Lookup!$C:$D,2, FALSE()) -> Injury values
B56: casualty_exponent_fraction_veh | C56: =IF(#REF!="",All_global_list!C55,#REF!) -> #REF! | D56: =IF(#REF!="","",#REF!) -> #REF! | E56: =#REF! -> #REF! | F56: =IF(OR(D56="alpha",D56="beta",D56="sd",D56="mean"),"--",VLOOKUP(B56,Default!$B:$H,7,FALSE())) -> #REF! | G56: =VLOOKUP(B56,Lookup!$C:$D,2, FALSE()) -> Injury values | H56: =VLOOKUP(B56,Default!$B:$E,4, FALSE()) -> same as global CASUALTY_EXPONENT_FRACTION but only applies vehicle fatalities | I56: see Safety in Numbers tab
B57: casualty_exponent_fraction_veh | C57: =IF(#REF!="",All_global_list!C56,#REF!) -> #REF! | D57: =IF(#REF!="","",#REF!) -> #REF! | E57: =#REF! -> #REF! | F57: =IF(OR(D57="alpha",D57="beta",D57="sd",D57="mean"),"--",VLOOKUP(B57,Default!$B:$H,7,FALSE())) -> #REF! | G57: =VLOOKUP(B57,Lookup!$C:$D,2, FALSE()) -> Injury values
B58: casualty_exponent_fraction_veh | C58: =IF(#REF!="",All_global_list!C57,#REF!) -> #REF! | D58: =IF(#REF!="","",#REF!) -> #REF! | E58: =#REF! -> #REF! | F58: =IF(OR(D58="alpha",D58="beta",D58="sd",D58="mean"),"--",VLOOKUP(B58,Default!$B:$H,7,FALSE())) -> #REF! | G58: =VLOOKUP(B58,Lookup!$C:$D,2, FALSE()) -> Injury values
B59: call_individual_sin | C59: =IF(#REF!="",All_global_list!C58,#REF!) -> #REF! | D59: =IF(#REF!="","",#REF!) -> #REF! | E59: =#REF! -> #REF! | F59: =IF(OR(D59="alpha",D59="beta",D59="sd",D59="mean"),"--",VLOOKUP(B59,Default!$B:$H,7,FALSE())) -> #REF! | G59: =VLOOKUP(B59,Lookup!$C:$D,2, FALSE()) -> Injury values | H59: =VLOOKUP(B59,Default!$B:$E,4, FALSE()) -> flag as to whether to use the overall safety in number parameters or, if if set to TRUE, call the safety in number exponents for different victim modes | I59: Assumed that individual safety in number coefficients give more accurate results, see Safety in Numbers tab
B60: add_truck_drivers | C60: =IF(#REF!="",all_global_list!#ref!,#REF!) -> #REF! | D60: =IF(#REF!="","",#REF!) -> #REF! | E60: =#REF! -> #REF! | F60: =IF(OR(D60="alpha",D60="beta",D60="sd",D60="mean"),"--",VLOOKUP(B60,Default!$B:$H,7,FALSE())) -> #REF! | G60: =VLOOKUP(B60,Lookup!$C:$D,2, FALSE()) -> Travel values | H60: =VLOOKUP(B60,Default!$B:$E,4, FALSE()) -> whether to add truck drivers as ghost trips based on the TRUCK_TO_CAR_RATIO | I60: set to true as this mode is not given in travel survey
B61: add_bus_drivers | C61: =IF(#REF!="",All_global_list!C60,#REF!) -> #REF! | D61: =IF(#REF!="","",#REF!) -> #REF! | E61: =#REF! -> #REF! | F61: =IF(OR(D61="alpha",D61="beta",D61="sd",D61="mean"),"--",VLOOKUP(B61,Default!$B:$H,7,FALSE())) -> #REF! | G61: =VLOOKUP(B61,Lookup!$C:$D,2, FALSE()) -> Travel values | H61: =VLOOKUP(B61,Default!$B:$E,4, FALSE()) -> whether to add bus drivers, if set to T adds ghost trips, i.e. trips not taken by any participant, using the bus_to_passenger_ratio | I61: set to true as this mode is not given in travel survey
B62: add_car_drivers | C62: =IF(#REF!="",All_global_list!C61,#REF!) -> #REF! | D62: =IF(#REF!="","",#REF!) -> #REF! | E62: =#REF! -> #REF! | F62: =IF(OR(D62="alpha",D62="beta",D62="sd",D62="mean"),"--",VLOOKUP(B62,Default!$B:$H,7,FALSE())) -> #REF! | G62: =VLOOKUP(B62,Lookup!$C:$D,2, FALSE()) -> Travel values | H62: =VLOOKUP(B62,Default!$B:$E,4, FALSE()) -> whether or not to add car drivers (or rather look at car numbers). Individual cars are calculated by multiplying total passenger car km by the car_occupancy_ratio | I62: set to true as this mode is not given in travel survey
B63: pa_dose_response_quantile | C63: =IF(#REF!="",All_global_list!C61,#REF!) -> #REF! | D63: =IF(#REF!="","",#REF!) -> #REF! | E63: =#REF! -> #REF! | F63: =IF(OR(D63="alpha",D63="beta",D63="sd",D63="mean"),"--",VLOOKUP(B63,Default!$B:$H,7,FALSE())) -> #REF! | G63: =VLOOKUP(B63,Lookup!$C:$D,2, FALSE()) -> Health values | H63: Whether or not to sample from DR curves, set for first city and then repeated for all other cities | I63: set to true as want to sample from DR curves in VoI analysis
B64: ap_dose_response_quantile | C64: =IF(#REF!="",All_global_list!C63,#REF!) -> #REF! | D64: =IF(#REF!="","",#REF!) -> #REF! | E64: =#REF! -> #REF! | F64: =IF(OR(D64="alpha",D64="beta",D64="sd",D64="mean"),"--",VLOOKUP(B64,Default!$B:$H,7,FALSE())) -> #REF! | G64: =VLOOKUP(B64,Lookup!$C:$D,2, FALSE()) -> Health values | H64: =VLOOKUP(B64,Default!$B:$E,4, FALSE()) -> whether or not to sample from dose response curves | I64: set to true as want to sample from DR curves in VoI analysis
B65: age_range | C65: =IF(#REF!="",All_global_list!C64,#REF!) -> #REF! | D65: =IF(#REF!="","",#REF!) -> #REF! | E65: =#REF! -> #REF! | F65: =IF(OR(D65="alpha",D65="beta",D65="sd",D65="mean"),"--",VLOOKUP(B65,Default!$B:$H,7,FALSE())) -> #REF! | G65: =VLOOKUP(B65,Lookup!$C:$D,2, FALSE()) -> Miscellaneous | H65: =VLOOKUP(B65,Default!$B:$E,4, FALSE()) -> age range considered | I65: to include working population
B66: age_range | C66: =IF(#REF!="",All_global_list!C65,#REF!) -> #REF! | D66: =IF(#REF!="","",#REF!) -> #REF! | E66: =#REF! -> #REF! | F66: =IF(OR(D66="alpha",D66="beta",D66="sd",D66="mean"),"--",VLOOKUP(B66,Default!$B:$H,7,FALSE())) -> #REF! | G66: =VLOOKUP(B66,Lookup!$C:$D,2, FALSE()) -> Miscellaneous | H66: =VLOOKUP(B66,Default!$B:$E,4, FALSE()) -> age range considered | I66: to include working population
B67: dist_cat | C67: =IF(#REF!="",All_global_list!C66,#REF!) -> #REF! | D67: =IF(#REF!="","",#REF!) -> #REF! | E67: =#REF! -> #REF! | F67: =IF(OR(D67="alpha",D67="beta",D67="sd",D67="mean"),"--",VLOOKUP(B67,Default!$B:$H,7,FALSE())) -> #REF! | G67: =VLOOKUP(B67,Lookup!$C:$D,2, FALSE()) -> Miscellaneous | H67: =VLOOKUP(B67,Default!$B:$E,4, FALSE()) -> distance categories for trip lengths | I67: seemed like a sensible assumption
C68: =IF(#REF!="",All_global_list!C67,#REF!) -> #REF! | D68: =IF(#REF!="","",#REF!) -> #REF! | E68: =#REF! -> #REF! | F68: no default values | G68: output | H68: Classification of age ranges for reporting of results | I68: seemed like a sensible assumption
C69: =IF(#REF!="",All_global_list!C68,#REF!) -> #REF! | D69: =IF(#REF!="","",#REF!) -> #REF! | E69: =#REF! -> #REF! | F69: no default values | G69: output | H69: Classification of age ranges for reporting of results | I69: seemed like a sensible assumption
C70: =IF(#REF!="",All_global_list!C69,#REF!) -> #REF! | D70: =IF(#REF!="","",#REF!) -> #REF! | E70: =#REF! -> #REF! | F70: no default values | G70: output | H70: Classification of age ranges for reporting of results | I70: seemed like a sensible assumption
B71: minimum_pt_time | C71: =IF(#REF!="",All_global_list!C70,#REF!) -> #REF! | D71: =IF(#REF!="","",#REF!) -> #REF! | E71: =#REF! -> #REF! | F71: =IF(OR(D71="alpha",D71="beta",D71="sd",D71="mean"),"--",VLOOKUP(B71,Default!$B:$H,7,FALSE())) -> #REF! | G71: =VLOOKUP(B71,Lookup!$C:$D,2, FALSE()) -> Travel values | H71: =VLOOKUP(B71,Default!$B:$E,4, FALSE()) -> minimum time spent on public transport when adding walking component to public transport trip | I71: seemed like a sensible assumption
B72: moderate_pa_contribution | C72: =IF(#REF!="",All_global_list!C71,#REF!) -> #REF! | D72: =IF(#REF!="","",#REF!) -> #REF! | E72: =#REF! -> #REF! | F72: =IF(OR(D72="alpha",D72="beta",D72="sd",D72="mean"),"--",VLOOKUP(B72,Default!$B:$H,7,FALSE())) -> #REF! | G72: =VLOOKUP(B72,Lookup!$C:$D,2, FALSE()) -> Health values | H72: =VLOOKUP(B72,Default!$B:$E,4, FALSE()) -> To reverse time spent in moderate and vigorous activities from mmet values | I72: seemed like a sensible assumption

Sheet Default
F2: Note that any values given in the all_city_parameter_inputs or all_global_parameter_inputs tabs overwrite the given default values
B3: Parameter name in all_xxx_parameter_inputs
B4: Default parameter values | C4: Classification | D4: Parameter | E4: Description | F4: Defined in | G4: Type | H4: Default Value | I4: Global / city specific | J4: Location of data (e.g. in v-drive, web link) | K4: Source of data | L4: Comments
B5: =VLOOKUP(D5,Lookup!$B$5:$C$78,2,FALSE()) -> pm_conc_base | C5: Pollution values | D5: PM_CONC_BASE | E5: background PM2.5 concentration | F5: all_city_parameter_inputs tab / ithim_setup_parameters.R | G5: scalar / lognormal | H5: 12.69 | I5: City specific | J5: https://www.who.int/publications/m/item/who-air-quality-database-2022 | K5: WHO Air Quality Database, Update 2022 | L5: Used Bogota values
B6: =VLOOKUP(D6,Lookup!$B$5:$C$78,2,FALSE()) -> pm_trans_share | D6: PM_TRANS_SHARE | E6: proportion of background PM2.5 attributable to transport | F6: all_city_parameter_inputs tab / ithim_setup_parameters.R | G6: Scalar / beta distribution | H6: 0.42 | I6: City specific | J6: HEYDARI, S., TAINIO, M., WOODCOCK, J. & DE NAZELLE, A. 2020. Estimating traffic contribution to particulate matter concentration in urban areas using a multilevel Bayesian meta-regression approach. Environment international, 141, 105800. | K6: Deduced values | L6: Used Bogota values
B7: =VLOOKUP(D7,Lookup!$B$5:$C$78,2,FALSE()) -> PM_emission_confidence | D7: PM_EMISSION_INVENTORY_CONFIDENCE | E7: how confident we are about the PM emissions inventory mode split. Used to change the mode emission split. I.e. if cars produce 40% emissions and trucks 60%, then in the VoI run, might sample to get 45% emissions from cars and 55% emissions from trucks. If PM_EMISSION_INVENTORY_CONFIDENCE = 1, no sampling. The higher this parameter, the more confident we are in the mode split | F7: all_city_parameter_inputs tab / ithim_setup_parameters.R | G7: Scalar | H7: 1 | I7: City specific | J7: set to 1 for constant mode
B8: PM_emission_inventories motorcycle | D8: PM_emission_inventory motorcycle | E8: - Used to estimate the PM for scenarios (function "scenario_pm_calculations"). - used as reference to compute confidence around it (function "ithim_setup_parameters"). - used to create VEHICLE_INVENTORY, with speeds, PM and CO2 emissions (function "set_vehicle_inventory"). | F8: all_city_parameter_inputs tab / run_ithim_setup.R | G8: Scalar | H8: 0.0023031654 | I8: City specific | J8: https://edgar.jrc.ec.europa.eu/, obtained values based on private correspondence | K8: EDGAR, 2018 | L8: Used Bogota values
B9: PM_emission_inventories car | D9: PM_emission_inventory car | G9: Scalar | H9: 0.081980353 | I9: City specific | J9: https://edgar.jrc.ec.europa.eu/, obtained values based on private correspondence | K9: EDGAR, 2019 | L9: Used Bogota values
B10: PM_emission_inventories bus_driver | D10: PM_emission_inventory bus driver | G10: Scalar | H10: 0.12246677 | I10: City specific | J10: https://edgar.jrc.ec.europa.eu/, obtained values based on private correspondence | K10: EDGAR, 2020 | L10: Used Bogota values
B11: PM_emission_inventories heavy_truck | D11: PM_emission_inventory heavy_truck | G11: Scalar | H11: 0.45445404 | I11: City specific | J11: https://edgar.jrc.ec.europa.eu/, obtained values based on private correspondence | K11: EDGAR, 2021 | L11: Used Bogota values
B12: PM_emission_inventories truck | D12: PM_emission_inventory truck | G12: Scalar | H12: 0.33879567 | I12: City specific | J12: https://edgar.jrc.ec.europa.eu/, obtained values based on private correspondence | K12: EDGAR, 2022 | L12: Used Bogota values
B13: PM_emission_inventories van | D13: PM_emission_inventory van | G13: Scalar | H13: 0 | I13: City specific | J13: https://edgar.jrc.ec.europa.eu/, obtained values based on private correspondence | K13: EDGAR, 2023 | L13: Used Bogota values
B14: PM_emission_inventories other | D14: PM_emission_inventory other | G14: Scalar | H14: 0 | I14: City specific | J14: https://edgar.jrc.ec.europa.eu/, obtained values based on private correspondence | K14: EDGAR, 2024 | L14: Used Bogota values
B15: PM_emission_inventories taxi | D15: PM_emission_inventory taxi | G15: Scalar | H15: 0 | I15: City specific | J15: https://edgar.jrc.ec.europa.eu/, obtained values based on private correspondence | K15: EDGAR, 2025 | L15: Used Bogota values
B16: PM_emission_inventories auto_rickshaw | D16: PM_emission_inventory auto_rickshaw | G16: Scalar | H16: 0 | I16: City specific | J16: https://edgar.jrc.ec.europa.eu/, obtained values based on private correspondence | K16: EDGAR, 2026 | L16: Used Bogota values
B17: =VLOOKUP(D17,Lookup!$B$5:$C$78,2,FALSE()) -> CO2_emission_confidence | D17: CO2_EMISSION_INVENTORY_CONFIDENCE | E17: how confident we are about the CO2 emissions inventory (equivalent to PM_EMISSION_INVENTORY_CONFIDENCE) | F17: all_city_parameter_inputs tab / ithim_setup_parameters.R | G17: Scalar | H17: 1 | I17: City specific | J17: set to 1 for constant mode
B18: CO2_emission_inventories motorcycle | D18: CO2_emission_inventory motorcycle | E18: - used to estimate the CO2 for scenarios (function "scenario_co2_calculations"). - used to create the VEHICLE_INVENTORY, with speeds, PM and CO2 emissions (function "set_vehicle_inventory"). | F18: all_city_parameter_inputs tab / run_ithim_setup.R | G18: Scalar | H18: 30033.572 | I18: City specific | J18: https://edgar.jrc.ec.europa.eu/, obtained values based on private correspondence | K18: EDGAR, 2018 | L18: Used Bogota values
B19: CO2_emission_inventories car | D19: CO2_emission_inventory car | G19: Scalar | H19: 1033377.3 | I19: City specific | J19: https://edgar.jrc.ec.europa.eu/, obtained values based on private correspondence | K19: EDGAR, 2019 | L19: Used Bogota values
B20: CO2_emission_inventories bus_driver | D20: CO2_emission_inventory bus driver | G20: Scalar | H20: 100429.72 | I20: City specific | J20: https://edgar.jrc.ec.europa.eu/, obtained values based on private correspondence | K20: EDGAR, 2020 | L20: Used Bogota values
B21: CO2_emission_inventories heavy_truck | D21: CO2_emission_inventory heavy_truck | G21: Scalar | H21: 259655.32 | I21: City specific | J21: https://edgar.jrc.ec.europa.eu/, obtained values based on private correspondence | K21: EDGAR, 2021 | L21: Used Bogota values
B22: CO2_emission_inventories truck | D22: CO2_emission_inventory truck | G22: Scalar | H22: 163516.11 | I22: City specific | J22: https://edgar.jrc.ec.europa.eu/, obtained values based on private correspondence | K22: EDGAR, 2022 | L22: Used Bogota values
B23: CO2_emission_inventories van | D23: CO2_emission_inventory van | G23: Scalar | H23: 0 | I23: City specific | J23: https://edgar.jrc.ec.europa.eu/, obtained values based on private correspondence | K23: EDGAR, 2023 | L23: Used Bogota values
B24: CO2_emission_inventories other | D24: CO2_emission_inventory other | G24: Scalar | H24: 1906.8934 | I24: City specific | J24: https://edgar.jrc.ec.europa.eu/, obtained values based on private correspondence | K24: EDGAR, 2024 | L24: Used Bogota values
B25: CO2_emission_inventories taxi | D25: CO2_emission_inventory taxi | G25: Scalar | H25: 0 | I25: City specific | J25: https://edgar.jrc.ec.europa.eu/, obtained values based on private correspondence | K25: EDGAR, 2025 | L25: Used Bogota values
B26: CO2_emission_inventories auto_rickshaw | D26: CO2_emission_inventory auto_rickshaw | G26: Scalar | H26: 0 | I26: City specific | J26: https://edgar.jrc.ec.europa.eu/, obtained values based on private correspondence | K26: EDGAR, 2026
B27: =VLOOKUP(D27,Lookup!$B$5:$C$78,2,FALSE()) -> treat_taxi_as_car | D27: TREAT_TAXI_AS_CAR | E27: If set to false do not add taxi km when calculating car emission factors | F27: 'all_city_parameter_inputs tab / run_ithim_setup.R | G27: Logical | H27: F | I27: City specific
B29: =VLOOKUP(D29,Lookup!$B$5:$C$78,2,FALSE()) -> background_pa_confidence | C29: PA values | D29: BACKGROUND_PA_CONFIDENCE | E29: how confident we are in the PA survey (in terms of number of people who report zero PA) | F29: all_city_parameter_inputs tab / run_ithim_setup.R | G29: Scalar between 0 and 1 | H29: 1 | I29: City specific | J29: set to 1 if confident in background PA values
B30: =VLOOKUP(D30,Lookup!$B$5:$C$78,2,FALSE()) -> background_pa_scalar | D30: BACKGROUND_PA_SCALAR | E30: scalar for physical activity | F30: all_city_parameter_inputs tab / run_ithim_setup.R | G30: scalar / lognormal | H30: 1 | I30: City specific | J30: set to 1 if no bias expected
B31: =VLOOKUP(D31,Lookup!$B$5:$C$78,2,FALSE()) -> cycling_mmet | D31: CYCLING_MMET | E31: marginal MET value associated with cycling | F31: all_global_parameter_inputs tab / run_ithim_setup.R | G31: scalar / lognormal | H31: 5.8 | I31: Global | J31: https://sites.google.com/site/compendiumofphysicalactivities/Activity-Categories/transportation?authuser=1 | K31: Compendium of physical activity 01011
