Workbook

Sheet Readme
B3: Spreadsheet giving details about the various input parameters used in the ITHIM Global run for Bogotá, note that any distribution parameters used for running ITHIM-Global in sampling mode are omitted
B5: blue cells | C5: contain formula
B6: green cells | C6: need manual filling in
B10: Tab name | C10: Description
B11: all_city_parameter_inputs | C11: Table detailing all the city specific parameters which are read in during an ITHIM-Global run
B12: All_city_list | C12: List of all city specific parameters including their source and and explanation of what the parameter does. Takes its values from all_city_parameter_inputs and Default tabs. Parameter explanations and sources are added manually. To add a new city, add the city to the all_city_parameter_inputs tab (new column) and copy down the blue cells of the last populated row. If the structure of all_city_parameter_inputs is changed, i.e. if parameters are added or deleted, add or delete rows for all cities to ensure the parameter descriptions and references are still in line with the correct parameter. The input values from all_city_parameter_inputs are currently being read based on their row and column value.
B13: all_global_parameter_inputs | C13: Details the global parameters, used as input file for ITHIM runs.
B14: All_global_list | C14: Details the values of the global parameters, i.e. the values that are not city specific. Reads values from all_global_parameter_inputs tab and Default tab and gives further information of where these values come from.
B15: Default | C15: List default values for all parameters, parameter explanations added to this tab are used in All_city_list
B16: Further_input_files | C16: Details where the additional input files needed for an ITHIM run can be found within the ITHIM-Global R package
B17: Grouped_sources | C17: Lookup table that shows from which city input parameter information on the all_city_list tab can be copied for other cities
B18: Lookup | C18: table linking different parameter names and classifications
B19: Safety in Numbers | C19: Details how the safety in numbers parameters were derived
B23: Document history
B24: version | C24: Changes made | D24: Author | E24: Date
B25: v0.1 | C25: Initial set-up based on InputParameters_v35.1 | D25: AKS | E25: 45175
B26: v1.0 | C26: Changed the retirement ages of bus, truck and commercial motorcycle drivers | D26: AKS | E26: 45272
B27: v1.01 | C27: update MET values for light activity | D27: LT | E27: 21/03/2024
B28: v1.02 | C28: update CO2 from EDGAR database. The values come from: https://github.com/ITHIM/CO2_EDGAR_2018/blob/main/output/CO2_2018_ALL_cities.csv | D28: AA | E28: 45455
B29: v2.0 | C29: Removed backround_pa_confidence, PM_emissions_confidence and CO2_emissions_confidence parameter values as not needed for constant model run, updated cycling MET source, set minimum_pt_time to 5 | D29: AKS | E29: 45484
B30: v2.1 | C30: Introduced a new parameter called TREAT_TAXI_AS_CAR, which treats taxis as cars (and essentially adds taxi's distance to car/car_driver) | D30: AA | E30: 45488
B31: v2.2 | C31: Set TREAT_TAXI_AS_CAR to FALSE | D31: AA | E31: 45489
B32: v3.0 | C32: updated the SIN coefficients using the random effects values from the meta analysis | D32: AKS | E32: 45491
B33: v3.1 | C33: Replaced big_truck with heavy_truck | D33: AA | E33: 45495
B34: v3.2 | C34: Set auto_rickshaw speed to 4, same as default speed in model | D34: AKS | E34: 45496
B35: v3.3 | C35: Updated references | D35: AKS | E35: 45496
B36: v3.4 | C36: added TREAT_TAXI_AS_CAR parameter to entire spreadsheet | D36: AKS | E36: 45531
B37: v4.0 | C37: converted MET to MMET input parameters | D37: AKS | E37: 45539

Sheet all_city_parameter_inputs
B1: 欧洲和亚洲我把没有typology城市的数据删掉了 | C1: 南美洲 | P1: 北美洲 | AV1: 大洋洲 | BC1: 非洲 | BY1: 欧洲 | DT1: 亚洲
A2: parameter | B2: detail | C2: bogota | D2: Brasilia | E2: Santiago | F2: Lima | G2: La Paz | H2: Quito | I2: Asuncion | J2: Caracas | K2: Medellin | L2: Buenos Aires | M2: Montevideo | N2: Sao Paulo | O2: Panama City | P2: Mexico City | Q2: New York | R2: Chicago | S2: San Francisco | T2: Los Angeles | U2: Ottawa | V2: Vancouver | W2: Montreal | X2: Toronto | Y2: Boston | Z2: Washington | AA2: Detroit | AB2: Atlanta | AC2: Philadelphia | AD2: Miami | AE2: Dallas-Fort Worth | AF2: Seattle | AG2: Las Vegas | AH2: New Orleans | AI2: Nashville-Davidson | AJ2: Salt Lake City | AK2: Denver-Aurora | AL2: Phoenix-Mesa | AM2: Oklahoma City | AN2: Charlotte | AO2: Pittsburgh | AP2: Baltimore | AQ2: Santo Domingo | AR2: San Salvador | AS2: Havana | AT2: San Juan | AU2: Guatemala City | AV2: Sydney | AW2: Melbourne | AX2: Brisbane | AY2: Perth | AZ2: Canberra | BA2: Wellington | BB2: Auckland | BC2: Cairo | BD2: Algiers | BE2: Accra | BF2: Cape Town | BG2: Nairobi | BH2: Kigali | BI2: Lagos | BJ2: Kano | BK2: Addis Ababa | BL2: Rabat | BM2: Casablanca | BN2: Luanda | BO2: Dar es Salaam | BP2: Kinshasa | BQ2: Khartoum | BR2: Mogadishu | BS2: Tripoli | BT2: N'Djamena | BU2: Maputo | BV2: Abidjan | BW2: Tunis | BX2: Johannesburg | BY2: Warsaw | BZ2: Milan | CA2: London | CB2: Manchester | CC2: Glasgow | CD2: Copenhagen | CE2: Vienna | CF2: Brussels | CG2: Antwerp | CH2: Lisboa | CI2: Athens | CJ2: Dublin | CK2: Helsinki | CL2: Stockholm | CM2: Budapest | CN2: Bratislava | CO2: Sofia | CP2: Bucharest | CQ2: Moscow | CR2: Paris | CS2: Marseille | CT2: Lyon | CU2: Lille | CV2: Bordeaux | CW2: Toulouse | CX2: Nice | CY2: Birmingham | CZ2: Berlin | DA2: Hamburg | DB2: Munich | DC2: Frankfurt | DD2: Rome | DE2: Naples | DF2: Turin | DG2: Madrid | DH2: Valencia | DI2: Barcelona | DJ2: Zurich | DK2: Amsterdam | DL2: Rotterdam | DM2: Prague | DN2: St. Petersburg | DO2: Kazan | DP2: Belgrade | DQ2: Kiev | DR2: Odessa | DS2: Oslo | DT2: Nanjing | DU2: Hangzhou | DV2: Jinan | DW2: Changsha | DX2: Kunming | DY2: Xian | DZ2: Ningbo | EA2: Wuxi | EB2: Qingdao | EC2: Beijingb (km/hour) | ED2: Shijiazhuang | EE2: Taiyuan | EF2: Changchun | EG2: Urumqi | EH2: Wuhan | EI2: Nagoya | EJ2: Osaka | EK2: Singapore | EL2: Tehran | EM2: Riyadh | EN2: Hanoi | EO2: Manila | EP2: Kuala Lumpur | EQ2: Jakarta | ER2: Bangkok | ES2: Jerusalem | ET2: Shanghai | EU2: Shenzhen | EV2: Guangzhou | EW2: Mumbai | EX2: NEW DELHI | EY2: Bangalore | EZ2: Tokyo | FA2: Seoul | FB2: Zhengzhou | FC2: Kabul | FD2: Tbilisi | FE2: Baku | FF2: Dhaka | FG2: Istanbul | FH2: Ankara | FI2: Almaty | FJ2: Bishkek | FK2: Tashkent | FL2: Ulaanbaatar | FM2: Abu Dhabi | FN2: Sharjah | FO2: Dubai | FP2: Kuwait City | FQ2: Amman | FR2: Damascus | FS2: Beirut | FT2: Rangoon | FU2: Kathmandu | FV2: Kolkata | FW2: Jaipur | FX2: Chennai | FY2: Congqing | FZ2: Pyongyang | GA2: Taipei | GB2: Karachi | GC2: Busan | GD2: Sapporo | GE2: Yerevan | GF2: Hong Kong
A3: speeds (单位是km/hour) | B3: auto_rickshaw | C3: 4 | E3: 4 | K3: 4 | L3: 4 | M3: 4 | N3: 4 | O3: 4 | P3: 4 | BE3: 4 | BF3: 4 | BG3: 4 | EX3: 4 | EY3: 4
B4: bus | C4: 8.1 | E4: 8.1 | K4: 8.1 | L4: 8.1 | M4: 8.1 | N4: 8.1 | O4: 8.1 | P4: 8.1 | Q4: 13.2 | R4: 16.1 | BE4: 12 | BF4: 12 | BG4: 12 | ET4: 17.6 | EX4: 12 | EY4: 12
B5: car | C5: 13.8 | E5: 13.8 | K5: 13.8 | L5: 13.8 | M5: 13.8 | N5: 13.8 | O5: 13.8 | P5: 13.8 | Q5: 24.1 | R5: 17.7 | BE5: 15 | BF5: 15 | BG5: 15 | EX5: 15 | EY5: 15
B6: cycle | C6: 7.2 | E6: 8.4 | K6: 8.4 | L6: 8.4 | M6: 8.4 | N6: 7.2 | O6: 7.2 | P6: 7.2 | Q6: 14.5 | R6: 22.7 | BE6: 6 | BF6: 6 | BG6: 6 | ET6: 13.4 | EX6: 6 | EY6: 6
B7: subway | C7: 18.1 | E7: 18.1 | K7: 18.1 | L7: 18.1 | M7: 18.1 | N7: 18.1 | O7: 18.1 | P7: 18.1 | Q7: 28 | R7: 88.5
B8: motorcycle | C8: 15.2 | E8: 18.4 | K8: 18.4 | L8: 18.4 | M8: 18.4 | N8: 15.2 | O8: 15.2 | P8: 15.2 | BE8: 15 | BF8: 15 | BG8: 15 | ET8: 22.5 | EX8: 15 | EY8: 15
B9: other | C9: 9.1 | E9: 9.1 | K9: 9.1 | L9: 9.1 | M9: 9.1 | N9: 9.1 | O9: 9.1 | P9: 9.1
B10: pedestrian | C10: 2.5 | E10: 3 | K10: 3 | L10: 3 | M10: 3 | N10: 2.5 | O10: 2.5 | P10: 2.5 | Q10: 5.5 | R10: 4.8 | BE10: 2 | BF10: 2 | BG10: 2 | EX10: 2 | EY10: 2
B11: rail | C11: 21.9 | E11: 23.2 | K11: 23.2 | L11: 23.2 | M11: 23.2 | N11: 21.9 | O11: 21.9 | P11: 21.9 | Q11: 82.1 | R11: 91.7 | BE11: 20.6 | BF11: 20.6 | BG11: 20.6 | EX11: 20.6 | EY11: 20.6
B12: taxi | C12: 12.56 | E12: 13.1 | K12: 13.1 | L12: 13.1 | M12: 13.1 | N12: 12.56 | O12: 12.56 | P12: 12.56 | Q12: 19.3 | R12: =R5 -> 17.7 | BE12: 12 | BF12: 12 | BG12: 12 | EX12: 12 | EY12: 12
B13: truck | C13: 8.1 | E13: 8.1 | K13: 8.1 | L13: 8.1 | M13: 8.1 | N13: 8.1 | O13: 8.1 | P13: 8.1 | Q13: 88.5 | R13: 85.7 | BE13: 12 | BF13: 12 | BG13: 12 | EC13: =(80+100)/2 -> 90 | EX13: 12 | EY13: 12
B14: van | C14: 13.8 | E14: 13.8 | K14: 13.8 | L14: 13.8 | M14: 13.8 | N14: 13.8 | O14: 13.8 | P14: 13.8 | BE14: 15 | BF14: 15 | BG14: 15 | EX14: 15 | EY14: 15
A15: PM_emission_inventories | B15: motorcycle | C15: 0.0023031654
B16: car | C16: 0.081980353
B17: bus_driver | C17: 0.12246677
B18: heavy_truck | C18: 0.45445404
B19: truck | C19: 0.33879567
B20: van | C20: 0
B21: other | C21: 0
B22: taxi | C22: 0
B23: auto_rickshaw | C23: 0
A24: injury_reporting_rate | B24: constant | C24: 0.8982419 | D24: 0.8982419
B25: alpha
B26: beta
A27: chronic_disease_scalar | B27: constant | C27: 1 | D27: 1
B28: mean
B29: sd
A30: pm_conc_base (from Edgar) | B30: constant | C30: 12.69
B31: mean
B32: sd
A33: pm_trans_share (emission ) | B33: constant | C33: 0.42
B34: alpha
B35: beta
A36: background_pa_scalar | B36: constant | C36: 1 | D36: 1
B37: mean
B38: sd
A39: bus_walk_time (average walk to bus time) | B39: constant | C39: 16
B40: mean
B41: sd
A42: rail_walk_time | B42: constant | C42: 12.5
B43: mean
B44: sd
A45: add_personal_motorcycle_trips | C45: no
A46: proportion_motorcycle_trips | B46: constant | C46: 0
B47: alpha
B48: beta
A49: add_motorcycle_fleet | C49: T
A50: fleet_to_motorcycle_ratio | B50: constant | C50: 0.44117647
B51: alpha
B52: beta
A53: background_pa_confidence | B53: sample
A54: add_walk_to_pt_trips | C54: T
A55: bus_to_passenger_ratio | B55: constant | C55: 0.038910506
B56: alpha
B57: beta
A58: truck_to_car_ratio | B58: constant | C58: 0.3
B59: alpha
B60: beta
A61: PM_emission_confidence | B61: sample
A62: distance_scalar_car_taxi | B62: constant | C62: 1
B63: mean
B64: sd
A65: distance_scalar_motorcycle | B65: constant | C65: 1
B66: mean
B67: sd
A68: distance_scalar_pt | B68: constant | C68: 1
B69: mean
B70: sd
A71: distance_scalar_walking | B71: constant | C71: 1
B72: mean
B73: sd
A74: distance_scalar_cycling | B74: constant | C74: 1
B75: mean
B76: sd
A77: CO2_emission_inventories | B77: motorcycle | C77: 3340.8173
B78: car | C78: 278221.04
B79: bus_driver | C79: 163823.92
B80: heavy_truck | C80: 1033752.2
B81: truck | C81: 371604.37
B82: van
B83: other
B84: taxi
B85: auto_rickshaw
A86: CO2_emission_confidence | B86: sample
A87: car_occupancy_ratio | B87: constant | C87: 0.625
B88: alpha
B89: beta
A90: country | C90: Colombia
A91: continent | C91: Latin_America
A92: bus_driver_prop_male | C92: 0.98
A93: bus_driver_male_agerange | C93: 19, 62
A94: bus_driver_female_agerange | C94: 19, 57
A95: truck_driver_prop_male | C95: 0.98
A96: truck_driver_male_agerange | C96: 18, 62
A97: truck_driver_female_agerange | C97: 18, 57
A98: commerical_mbike_prop_male | C98: 0.99
A99: commerical_mbike_male_agerange | C99: 18, 62
A100: commerical_mbike_female_agerange | C100: 18, 57
...

Sheet All_city_list
A1: List of parameters found in all_city_parameter_inputs | L1: Values that have been entered manually
L2: Values read in from other locations
A3: Location column | B3: Row location | C3: Default lookup | D3: Grouped sources lookup | E3: Location | F3: Parameter | G3: Detail | H3: Value | I3: Default value | J3: Classification | K3: Description | L3: Location of data (e.g. in v-drive, web link) | M3: Source of data | N3: Comments
A4: 3 | B4: 2 | C4: =IF(G4 = "",F4,IF(OR(G4="alpha",G4="beta",G4="constant",G4="sd",G4="mean",G4="sample"),F4,F4&" "&G4)) -> parameter detail | D4: =F4&"_"&E4 -> parameter_南美洲 | E4: {=INDIRECT(ADDRESS(1,A4,1,1,"all_city_parameter_inputs"))} -> 南美洲 | F4: {=IF(AND(ISBLANK(INDIRECT(ADDRESS(B4,2,1,1,"all_city_parameter_inputs"))), ISBLANK(INDIRECT(ADDRESS(B4,1,1,1,"all_city_parameter_inputs")))), "", IF(ISBLANK(INDIRECT(ADDRESS(B4,1,1,1,"all_city_parameter_inputs"))), All_city_list!F3,INDIRECT(ADDRESS(B4,1,1,1,"all_city_parameter_inputs"))))} -> parameter | G4: {=IF(AND(ISBLANK(INDIRECT(ADDRESS(B4,3,1,1,"all_city_parameter_inputs"))),ISBLANK(INDIRECT(ADDRESS(B4,2,1,1,"all_city_parameter_inputs")))),"",IF(ISBLANK(INDIRECT(ADDRESS(B4,2,1,1,"all_city_parameter_inputs"))),"",INDIRECT(ADDRESS(B4,2,1,1,"all_city_parameter_inputs"))))} -> detail | H4: {=IF(ISBLANK(INDIRECT(ADDRESS(B4,A4,1,1,"all_city_parameter_inputs"))), "--",INDIRECT(ADDRESS(B4,A4,1,1,"all_city_parameter_inputs")))} -> bogota | I4: =IF(OR(G4="alpha",G4="beta",G4="sd",G4="mean"),"--",VLOOKUP(C4,Default!$B$5:$H$114,7,FALSE)) -> #N/A | J4: =VLOOKUP(F4,Lookup!$C$5:$D$110,2, FALSE) -> #N/A | K4: =VLOOKUP(C4,Default!$B$4:$E$114,4, FALSE) -> #N/A | M4: average speeds between London and Delhi travel surveys and where the speeds for Delhi are higher than those for London, the London speeds are chosen
A5: 3 | B5: 3 | C5: =IF(G5 = "",F5,IF(OR(G5="alpha",G5="beta",G5="constant",G5="sd",G5="mean",G5="sample"),F5,F5&" "&G5)) -> speeds (单位是km/hour) auto_rickshaw | D5: =F5&"_"&E5 -> speeds (单位是km/hour)_南美洲 | E5: {=INDIRECT(ADDRESS(1,A5,1,1,"all_city_parameter_inputs"))} -> 南美洲 | F5: {=IF(AND(ISBLANK(INDIRECT(ADDRESS(B5,2,1,1,"all_city_parameter_inputs"))), ISBLANK(INDIRECT(ADDRESS(B5,1,1,1,"all_city_parameter_inputs")))), "", IF(ISBLANK(INDIRECT(ADDRESS(B5,1,1,1,"all_city_parameter_inputs"))), All_city_list!F4,INDIRECT(ADDRESS(B5,1,1,1,"all_city_parameter_inputs"))))} -> speeds (单位是km/hour) | G5: {=IF(AND(ISBLANK(INDIRECT(ADDRESS(B5,3,1,1,"all_city_parameter_inputs"))),ISBLANK(INDIRECT(ADDRESS(B5,2,1,1,"all_city_parameter_inputs")))),"",IF(ISBLANK(INDIRECT(ADDRESS(B5,2,1,1,"all_city_parameter_inputs"))),"",INDIRECT(ADDRESS(B5,2,1,1,"all_city_parameter_inputs"))))} -> auto_rickshaw | H5: {=IF(ISBLANK(INDIRECT(ADDRESS(B5,A5,1,1,"all_city_parameter_inputs"))), "--",INDIRECT(ADDRESS(B5,A5,1,1,"all_city_parameter_inputs")))} -> 4 | I5: =IF(OR(G5="alpha",G5="beta",G5="sd",G5="mean"),"--",VLOOKUP(C5,Default!$B$5:$H$114,7,FALSE)) -> #N/A | J5: =VLOOKUP(F5,Lookup!$C$5:$D$110,2, FALSE) -> #N/A | K5: =VLOOKUP(C5,Default!$B$4:$E$114,4, FALSE) -> #N/A | L5: {=IF(ISNA(VLOOKUP($D5,Grouped_Sources!$C:$C,1,FALSE)),"", INDIRECT(VLOOKUP($D5,Grouped_Sources!$C:$I,5,FALSE)))} | M5: {=IF(ISNA(VLOOKUP($D5,Grouped_Sources!$C:$C,1,FALSE)),"", INDIRECT(VLOOKUP($D5,Grouped_Sources!$C:$I,6,FALSE)))} | N5: {=IF(ISNA(VLOOKUP($D5,Grouped_Sources!$C:$C,1,FALSE)),"", INDIRECT(VLOOKUP($D5,Grouped_Sources!$C:$I,7,FALSE)))}
A6: 3 | B6: 4 | C6: =IF(G6 = "",F6,IF(OR(G6="alpha",G6="beta",G6="constant",G6="sd",G6="mean",G6="sample"),F6,F6&" "&G6)) -> speeds (单位是km/hour) bus | D6: =F6&"_"&E6 -> speeds (单位是km/hour)_南美洲 | E6: {=INDIRECT(ADDRESS(1,A6,1,1,"all_city_parameter_inputs"))} -> 南美洲 | F6: {=IF(AND(ISBLANK(INDIRECT(ADDRESS(B6,2,1,1,"all_city_parameter_inputs"))), ISBLANK(INDIRECT(ADDRESS(B6,1,1,1,"all_city_parameter_inputs")))), "", IF(ISBLANK(INDIRECT(ADDRESS(B6,1,1,1,"all_city_parameter_inputs"))), All_city_list!F5,INDIRECT(ADDRESS(B6,1,1,1,"all_city_parameter_inputs"))))} -> speeds (单位是km/hour) | G6: {=IF(AND(ISBLANK(INDIRECT(ADDRESS(B6,3,1,1,"all_city_parameter_inputs"))),ISBLANK(INDIRECT(ADDRESS(B6,2,1,1,"all_city_parameter_inputs")))),"",IF(ISBLANK(INDIRECT(ADDRESS(B6,2,1,1,"all_city_parameter_inputs"))),"",INDIRECT(ADDRESS(B6,2,1,1,"all_city_parameter_inputs"))))} -> bus | H6: {=IF(ISBLANK(INDIRECT(ADDRESS(B6,A6,1,1,"all_city_parameter_inputs"))), "--",INDIRECT(ADDRESS(B6,A6,1,1,"all_city_parameter_inputs")))} -> 8.1 | I6: =IF(OR(G6="alpha",G6="beta",G6="sd",G6="mean"),"--",VLOOKUP(C6,Default!$B$5:$H$114,7,FALSE)) -> #N/A | J6: =VLOOKUP(F6,Lookup!$C$5:$D$110,2, FALSE) -> #N/A | K6: =VLOOKUP(C6,Default!$B$4:$E$114,4, FALSE) -> #N/A | L6: {=IF(ISNA(VLOOKUP($D6,Grouped_Sources!$C:$C,1,FALSE)),"", INDIRECT(VLOOKUP($D6,Grouped_Sources!$C:$I,5,FALSE)))} | M6: {=IF(ISNA(VLOOKUP($D6,Grouped_Sources!$C:$C,1,FALSE)),"", INDIRECT(VLOOKUP($D6,Grouped_Sources!$C:$I,6,FALSE)))} | N6: {=IF(ISNA(VLOOKUP($D6,Grouped_Sources!$C:$C,1,FALSE)),"", INDIRECT(VLOOKUP($D6,Grouped_Sources!$C:$I,7,FALSE)))}
A7: 3 | B7: 5 | C7: =IF(G7 = "",F7,IF(OR(G7="alpha",G7="beta",G7="constant",G7="sd",G7="mean",G7="sample"),F7,F7&" "&G7)) -> speeds (单位是km/hour) car | D7: =F7&"_"&E7 -> speeds (单位是km/hour)_南美洲 | E7: {=INDIRECT(ADDRESS(1,A7,1,1,"all_city_parameter_inputs"))} -> 南美洲 | F7: {=IF(AND(ISBLANK(INDIRECT(ADDRESS(B7,2,1,1,"all_city_parameter_inputs"))), ISBLANK(INDIRECT(ADDRESS(B7,1,1,1,"all_city_parameter_inputs")))), "", IF(ISBLANK(INDIRECT(ADDRESS(B7,1,1,1,"all_city_parameter_inputs"))), All_city_list!F6,INDIRECT(ADDRESS(B7,1,1,1,"all_city_parameter_inputs"))))} -> speeds (单位是km/hour) | G7: {=IF(AND(ISBLANK(INDIRECT(ADDRESS(B7,3,1,1,"all_city_parameter_inputs"))),ISBLANK(INDIRECT(ADDRESS(B7,2,1,1,"all_city_parameter_inputs")))),"",IF(ISBLANK(INDIRECT(ADDRESS(B7,2,1,1,"all_city_parameter_inputs"))),"",INDIRECT(ADDRESS(B7,2,1,1,"all_city_parameter_inputs"))))} -> car | H7: {=IF(ISBLANK(INDIRECT(ADDRESS(B7,A7,1,1,"all_city_parameter_inputs"))), "--",INDIRECT(ADDRESS(B7,A7,1,1,"all_city_parameter_inputs")))} -> 13.8 | I7: =IF(OR(G7="alpha",G7="beta",G7="sd",G7="mean"),"--",VLOOKUP(C7,Default!$B$5:$H$114,7,FALSE)) -> #N/A | J7: =VLOOKUP(F7,Lookup!$C$5:$D$110,2, FALSE) -> #N/A | K7: =VLOOKUP(C7,Default!$B$4:$E$114,4, FALSE) -> #N/A | L7: {=IF(ISNA(VLOOKUP($D7,Grouped_Sources!$C:$C,1,FALSE)),"", INDIRECT(VLOOKUP($D7,Grouped_Sources!$C:$I,5,FALSE)))} | M7: {=IF(ISNA(VLOOKUP($D7,Grouped_Sources!$C:$C,1,FALSE)),"", INDIRECT(VLOOKUP($D7,Grouped_Sources!$C:$I,6,FALSE)))} | N7: {=IF(ISNA(VLOOKUP($D7,Grouped_Sources!$C:$C,1,FALSE)),"", INDIRECT(VLOOKUP($D7,Grouped_Sources!$C:$I,7,FALSE)))}
A8: 3 | B8: 6 | C8: =IF(G8 = "",F8,IF(OR(G8="alpha",G8="beta",G8="constant",G8="sd",G8="mean",G8="sample"),F8,F8&" "&G8)) -> speeds (单位是km/hour) cycle | D8: =F8&"_"&E8 -> speeds (单位是km/hour)_南美洲 | E8: {=INDIRECT(ADDRESS(1,A8,1,1,"all_city_parameter_inputs"))} -> 南美洲 | F8: {=IF(AND(ISBLANK(INDIRECT(ADDRESS(B8,2,1,1,"all_city_parameter_inputs"))), ISBLANK(INDIRECT(ADDRESS(B8,1,1,1,"all_city_parameter_inputs")))), "", IF(ISBLANK(INDIRECT(ADDRESS(B8,1,1,1,"all_city_parameter_inputs"))), All_city_list!F7,INDIRECT(ADDRESS(B8,1,1,1,"all_city_parameter_inputs"))))} -> speeds (单位是km/hour) | G8: {=IF(AND(ISBLANK(INDIRECT(ADDRESS(B8,3,1,1,"all_city_parameter_inputs"))),ISBLANK(INDIRECT(ADDRESS(B8,2,1,1,"all_city_parameter_inputs")))),"",IF(ISBLANK(INDIRECT(ADDRESS(B8,2,1,1,"all_city_parameter_inputs"))),"",INDIRECT(ADDRESS(B8,2,1,1,"all_city_parameter_inputs"))))} -> cycle | H8: {=IF(ISBLANK(INDIRECT(ADDRESS(B8,A8,1,1,"all_city_parameter_inputs"))), "--",INDIRECT(ADDRESS(B8,A8,1,1,"all_city_parameter_inputs")))} -> 7.2 | I8: =IF(OR(G8="alpha",G8="beta",G8="sd",G8="mean"),"--",VLOOKUP(C8,Default!$B$5:$H$114,7,FALSE)) -> #N/A | J8: =VLOOKUP(F8,Lookup!$C$5:$D$110,2, FALSE) -> #N/A | K8: =VLOOKUP(C8,Default!$B$4:$E$114,4, FALSE) -> #N/A | L8: {=IF(ISNA(VLOOKUP($D8,Grouped_Sources!$C:$C,1,FALSE)),"", INDIRECT(VLOOKUP($D8,Grouped_Sources!$C:$I,5,FALSE)))} | M8: {=IF(ISNA(VLOOKUP($D8,Grouped_Sources!$C:$C,1,FALSE)),"", INDIRECT(VLOOKUP($D8,Grouped_Sources!$C:$I,6,FALSE)))} | N8: {=IF(ISNA(VLOOKUP($D8,Grouped_Sources!$C:$C,1,FALSE)),"", INDIRECT(VLOOKUP($D8,Grouped_Sources!$C:$I,7,FALSE)))}
A9: 3 | B9: 7 | C9: =IF(G9 = "",F9,IF(OR(G9="alpha",G9="beta",G9="constant",G9="sd",G9="mean",G9="sample"),F9,F9&" "&G9)) -> speeds (单位是km/hour) subway | D9: =F9&"_"&E9 -> speeds (单位是km/hour)_南美洲 | E9: {=INDIRECT(ADDRESS(1,A9,1,1,"all_city_parameter_inputs"))} -> 南美洲 | F9: {=IF(AND(ISBLANK(INDIRECT(ADDRESS(B9,2,1,1,"all_city_parameter_inputs"))), ISBLANK(INDIRECT(ADDRESS(B9,1,1,1,"all_city_parameter_inputs")))), "", IF(ISBLANK(INDIRECT(ADDRESS(B9,1,1,1,"all_city_parameter_inputs"))), All_city_list!F8,INDIRECT(ADDRESS(B9,1,1,1,"all_city_parameter_inputs"))))} -> speeds (单位是km/hour) | G9: {=IF(AND(ISBLANK(INDIRECT(ADDRESS(B9,3,1,1,"all_city_parameter_inputs"))),ISBLANK(INDIRECT(ADDRESS(B9,2,1,1,"all_city_parameter_inputs")))),"",IF(ISBLANK(INDIRECT(ADDRESS(B9,2,1,1,"all_city_parameter_inputs"))),"",INDIRECT(ADDRESS(B9,2,1,1,"all_city_parameter_inputs"))))} -> subway | H9: {=IF(ISBLANK(INDIRECT(ADDRESS(B9,A9,1,1,"all_city_parameter_inputs"))), "--",INDIRECT(ADDRESS(B9,A9,1,1,"all_city_parameter_inputs")))} -> 18.1 | I9: =IF(OR(G9="alpha",G9="beta",G9="sd",G9="mean"),"--",VLOOKUP(C9,Default!$B$5:$H$114,7,FALSE)) -> #N/A | J9: =VLOOKUP(F9,Lookup!$C$5:$D$110,2, FALSE) -> #N/A | K9: =VLOOKUP(C9,Default!$B$4:$E$114,4, FALSE) -> #N/A | L9: {=IF(ISNA(VLOOKUP($D9,Grouped_Sources!$C:$C,1,FALSE)),"", INDIRECT(VLOOKUP($D9,Grouped_Sources!$C:$I,5,FALSE)))} | M9: {=IF(ISNA(VLOOKUP($D9,Grouped_Sources!$C:$C,1,FALSE)),"", INDIRECT(VLOOKUP($D9,Grouped_Sources!$C:$I,6,FALSE)))} | N9: {=IF(ISNA(VLOOKUP($D9,Grouped_Sources!$C:$C,1,FALSE)),"", INDIRECT(VLOOKUP($D9,Grouped_Sources!$C:$I,7,FALSE)))}
A10: 3 | B10: 8 | C10: =IF(G10 = "",F10,IF(OR(G10="alpha",G10="beta",G10="constant",G10="sd",G10="mean",G10="sample"),F10,F10&" "&G10)) -> speeds (单位是km/hour) motorcycle | D10: =F10&"_"&E10 -> speeds (单位是km/hour)_南美洲 | E10: {=INDIRECT(ADDRESS(1,A10,1,1,"all_city_parameter_inputs"))} -> 南美洲 | F10: {=IF(AND(ISBLANK(INDIRECT(ADDRESS(B10,2,1,1,"all_city_parameter_inputs"))), ISBLANK(INDIRECT(ADDRESS(B10,1,1,1,"all_city_parameter_inputs")))), "", IF(ISBLANK(INDIRECT(ADDRESS(B10,1,1,1,"all_city_parameter_inputs"))), All_city_list!F9,INDIRECT(ADDRESS(B10,1,1,1,"all_city_parameter_inputs"))))} -> speeds (单位是km/hour) | G10: {=IF(AND(ISBLANK(INDIRECT(ADDRESS(B10,3,1,1,"all_city_parameter_inputs"))),ISBLANK(INDIRECT(ADDRESS(B10,2,1,1,"all_city_parameter_inputs")))),"",IF(ISBLANK(INDIRECT(ADDRESS(B10,2,1,1,"all_city_parameter_inputs"))),"",INDIRECT(ADDRESS(B10,2,1,1,"all_city_parameter_inputs"))))} -> motorcycle | H10: {=IF(ISBLANK(INDIRECT(ADDRESS(B10,A10,1,1,"all_city_parameter_inputs"))), "--",INDIRECT(ADDRESS(B10,A10,1,1,"all_city_parameter_inputs")))} -> 15.2 | I10: =IF(OR(G10="alpha",G10="beta",G10="sd",G10="mean"),"--",VLOOKUP(C10,Default!$B$5:$H$114,7,FALSE)) -> #N/A | J10: =VLOOKUP(F10,Lookup!$C$5:$D$110,2, FALSE) -> #N/A | K10: =VLOOKUP(C10,Default!$B$4:$E$114,4, FALSE) -> #N/A | L10: {=IF(ISNA(VLOOKUP($D10,Grouped_Sources!$C:$C,1,FALSE)),"", INDIRECT(VLOOKUP($D10,Grouped_Sources!$C:$I,5,FALSE)))} | M10: {=IF(ISNA(VLOOKUP($D10,Grouped_Sources!$C:$C,1,FALSE)),"", INDIRECT(VLOOKUP($D10,Grouped_Sources!$C:$I,6,FALSE)))} | N10: {=IF(ISNA(VLOOKUP($D10,Grouped_Sources!$C:$C,1,FALSE)),"", INDIRECT(VLOOKUP($D10,Grouped_Sources!$C:$I,7,FALSE)))}
A11: 3 | B11: 9 | C11: =IF(G11 = "",F11,IF(OR(G11="alpha",G11="beta",G11="constant",G11="sd",G11="mean",G11="sample"),F11,F11&" "&G11)) -> speeds (单位是km/hour) other | D11: =F11&"_"&E11 -> speeds (单位是km/hour)_南美洲 | E11: {=INDIRECT(ADDRESS(1,A11,1,1,"all_city_parameter_inputs"))} -> 南美洲 | F11: {=IF(AND(ISBLANK(INDIRECT(ADDRESS(B11,2,1,1,"all_city_parameter_inputs"))), ISBLANK(INDIRECT(ADDRESS(B11,1,1,1,"all_city_parameter_inputs")))), "", IF(ISBLANK(INDIRECT(ADDRESS(B11,1,1,1,"all_city_parameter_inputs"))), All_city_list!F10,INDIRECT(ADDRESS(B11,1,1,1,"all_city_parameter_inputs"))))} -> speeds (单位是km/hour) | G11: {=IF(AND(ISBLANK(INDIRECT(ADDRESS(B11,3,1,1,"all_city_parameter_inputs"))),ISBLANK(INDIRECT(ADDRESS(B11,2,1,1,"all_city_parameter_inputs")))),"",IF(ISBLANK(INDIRECT(ADDRESS(B11,2,1,1,"all_city_parameter_inputs"))),"",INDIRECT(ADDRESS(B11,2,1,1,"all_city_parameter_inputs"))))} -> other | H11: {=IF(ISBLANK(INDIRECT(ADDRESS(B11,A11,1,1,"all_city_parameter_inputs"))), "--",INDIRECT(ADDRESS(B11,A11,1,1,"all_city_parameter_inputs")))} -> 9.1 | I11: =IF(OR(G11="alpha",G11="beta",G11="sd",G11="mean"),"--",VLOOKUP(C11,Default!$B$5:$H$114,7,FALSE)) -> #N/A | J11: =VLOOKUP(F11,Lookup!$C$5:$D$110,2, FALSE) -> #N/A | K11: =VLOOKUP(C11,Default!$B$4:$E$114,4, FALSE) -> #N/A | L11: {=IF(ISNA(VLOOKUP($D11,Grouped_Sources!$C:$C,1,FALSE)),"", INDIRECT(VLOOKUP($D11,Grouped_Sources!$C:$I,5,FALSE)))} | M11: {=IF(ISNA(VLOOKUP($D11,Grouped_Sources!$C:$C,1,FALSE)),"", INDIRECT(VLOOKUP($D11,Grouped_Sources!$C:$I,6,FALSE)))} | N11: {=IF(ISNA(VLOOKUP($D11,Grouped_Sources!$C:$C,1,FALSE)),"", INDIRECT(VLOOKUP($D11,Grouped_Sources!$C:$I,7,FALSE)))}
A12: 3 | B12: 10 | C12: =IF(G12 = "",F12,IF(OR(G12="alpha",G12="beta",G12="constant",G12="sd",G12="mean",G12="sample"),F12,F12&" "&G12)) -> speeds (单位是km/hour) pedestrian | D12: =F12&"_"&E12 -> speeds (单位是km/hour)_南美洲 | E12: {=INDIRECT(ADDRESS(1,A12,1,1,"all_city_parameter_inputs"))} -> 南美洲 | F12: {=IF(AND(ISBLANK(INDIRECT(ADDRESS(B12,2,1,1,"all_city_parameter_inputs"))), ISBLANK(INDIRECT(ADDRESS(B12,1,1,1,"all_city_parameter_inputs")))), "", IF(ISBLANK(INDIRECT(ADDRESS(B12,1,1,1,"all_city_parameter_inputs"))), All_city_list!F11,INDIRECT(ADDRESS(B12,1,1,1,"all_city_parameter_inputs"))))} -> speeds (单位是km/hour) | G12: {=IF(AND(ISBLANK(INDIRECT(ADDRESS(B12,3,1,1,"all_city_parameter_inputs"))),ISBLANK(INDIRECT(ADDRESS(B12,2,1,1,"all_city_parameter_inputs")))),"",IF(ISBLANK(INDIRECT(ADDRESS(B12,2,1,1,"all_city_parameter_inputs"))),"",INDIRECT(ADDRESS(B12,2,1,1,"all_city_parameter_inputs"))))} -> pedestrian | H12: {=IF(ISBLANK(INDIRECT(ADDRESS(B12,A12,1,1,"all_city_parameter_inputs"))), "--",INDIRECT(ADDRESS(B12,A12,1,1,"all_city_parameter_inputs")))} -> 2.5 | I12: =IF(OR(G12="alpha",G12="beta",G12="sd",G12="mean"),"--",VLOOKUP(C12,Default!$B$5:$H$114,7,FALSE)) -> #N/A | J12: =VLOOKUP(F12,Lookup!$C$5:$D$110,2, FALSE) -> #N/A | K12: =VLOOKUP(C12,Default!$B$4:$E$114,4, FALSE) -> #N/A | L12: {=IF(ISNA(VLOOKUP($D12,Grouped_Sources!$C:$C,1,FALSE)),"", INDIRECT(VLOOKUP($D12,Grouped_Sources!$C:$I,5,FALSE)))} | M12: {=IF(ISNA(VLOOKUP($D12,Grouped_Sources!$C:$C,1,FALSE)),"", INDIRECT(VLOOKUP($D12,Grouped_Sources!$C:$I,6,FALSE)))} | N12: {=IF(ISNA(VLOOKUP($D12,Grouped_Sources!$C:$C,1,FALSE)),"", INDIRECT(VLOOKUP($D12,Grouped_Sources!$C:$I,7,FALSE)))}
A13: 3 | B13: 11 | C13: =IF(G13 = "",F13,IF(OR(G13="alpha",G13="beta",G13="constant",G13="sd",G13="mean",G13="sample"),F13,F13&" "&G13)) -> speeds (单位是km/hour) rail | D13: =F13&"_"&E13 -> speeds (单位是km/hour)_南美洲 | E13: {=INDIRECT(ADDRESS(1,A13,1,1,"all_city_parameter_inputs"))} -> 南美洲 | F13: {=IF(AND(ISBLANK(INDIRECT(ADDRESS(B13,2,1,1,"all_city_parameter_inputs"))), ISBLANK(INDIRECT(ADDRESS(B13,1,1,1,"all_city_parameter_inputs")))), "", IF(ISBLANK(INDIRECT(ADDRESS(B13,1,1,1,"all_city_parameter_inputs"))), All_city_list!F12,INDIRECT(ADDRESS(B13,1,1,1,"all_city_parameter_inputs"))))} -> speeds (单位是km/hour) | G13: {=IF(AND(ISBLANK(INDIRECT(ADDRESS(B13,3,1,1,"all_city_parameter_inputs"))),ISBLANK(INDIRECT(ADDRESS(B13,2,1,1,"all_city_parameter_inputs")))),"",IF(ISBLANK(INDIRECT(ADDRESS(B13,2,1,1,"all_city_parameter_inputs"))),"",INDIRECT(ADDRESS(B13,2,1,1,"all_city_parameter_inputs"))))} -> rail | H13: {=IF(ISBLANK(INDIRECT(ADDRESS(B13,A13,1,1,"all_city_parameter_inputs"))), "--",INDIRECT(ADDRESS(B13,A13,1,1,"all_city_parameter_inputs")))} -> 21.9 | I13: =IF(OR(G13="alpha",G13="beta",G13="sd",G13="mean"),"--",VLOOKUP(C13,Default!$B$5:$H$114,7,FALSE)) -> #N/A | J13: =VLOOKUP(F13,Lookup!$C$5:$D$110,2, FALSE) -> #N/A | K13: =VLOOKUP(C13,Default!$B$4:$E$114,4, FALSE) -> #N/A | L13: {=IF(ISNA(VLOOKUP($D13,Grouped_Sources!$C:$C,1,FALSE)),"", INDIRECT(VLOOKUP($D13,Grouped_Sources!$C:$I,5,FALSE)))} | M13: {=IF(ISNA(VLOOKUP($D13,Grouped_Sources!$C:$C,1,FALSE)),"", INDIRECT(VLOOKUP($D13,Grouped_Sources!$C:$I,6,FALSE)))} | N13: {=IF(ISNA(VLOOKUP($D13,Grouped_Sources!$C:$C,1,FALSE)),"", INDIRECT(VLOOKUP($D13,Grouped_Sources!$C:$I,7,FALSE)))}
A14: 3 | B14: 12 | C14: =IF(G14 = "",F14,IF(OR(G14="alpha",G14="beta",G14="constant",G14="sd",G14="mean",G14="sample"),F14,F14&" "&G14)) -> speeds (单位是km/hour) taxi | D14: =F14&"_"&E14 -> speeds (单位是km/hour)_南美洲 | E14: {=INDIRECT(ADDRESS(1,A14,1,1,"all_city_parameter_inputs"))} -> 南美洲 | F14: {=IF(AND(ISBLANK(INDIRECT(ADDRESS(B14,2,1,1,"all_city_parameter_inputs"))), ISBLANK(INDIRECT(ADDRESS(B14,1,1,1,"all_city_parameter_inputs")))), "", IF(ISBLANK(INDIRECT(ADDRESS(B14,1,1,1,"all_city_parameter_inputs"))), All_city_list!F13,INDIRECT(ADDRESS(B14,1,1,1,"all_city_parameter_inputs"))))} -> speeds (单位是km/hour) | G14: {=IF(AND(ISBLANK(INDIRECT(ADDRESS(B14,3,1,1,"all_city_parameter_inputs"))),ISBLANK(INDIRECT(ADDRESS(B14,2,1,1,"all_city_parameter_inputs")))),"",IF(ISBLANK(INDIRECT(ADDRESS(B14,2,1,1,"all_city_parameter_inputs"))),"",INDIRECT(ADDRESS(B14,2,1,1,"all_city_parameter_inputs"))))} -> taxi | H14: {=IF(ISBLANK(INDIRECT(ADDRESS(B14,A14,1,1,"all_city_parameter_inputs"))), "--",INDIRECT(ADDRESS(B14,A14,1,1,"all_city_parameter_inputs")))} -> 12.56 | I14: =IF(OR(G14="alpha",G14="beta",G14="sd",G14="mean"),"--",VLOOKUP(C14,Default!$B$5:$H$114,7,FALSE)) -> #N/A | J14: =VLOOKUP(F14,Lookup!$C$5:$D$110,2, FALSE) -> #N/A | K14: =VLOOKUP(C14,Default!$B$4:$E$114,4, FALSE) -> #N/A | L14: {=IF(ISNA(VLOOKUP($D14,Grouped_Sources!$C:$C,1,FALSE)),"", INDIRECT(VLOOKUP($D14,Grouped_Sources!$C:$I,5,FALSE)))} | M14: {=IF(ISNA(VLOOKUP($D14,Grouped_Sources!$C:$C,1,FALSE)),"", INDIRECT(VLOOKUP($D14,Grouped_Sources!$C:$I,6,FALSE)))} | N14: {=IF(ISNA(VLOOKUP($D14,Grouped_Sources!$C:$C,1,FALSE)),"", INDIRECT(VLOOKUP($D14,Grouped_Sources!$C:$I,7,FALSE)))}
A15: 3 | B15: 13 | C15: =IF(G15 = "",F15,IF(OR(G15="alpha",G15="beta",G15="constant",G15="sd",G15="mean",G15="sample"),F15,F15&" "&G15)) -> speeds (单位是km/hour) truck | D15: =F15&"_"&E15 -> speeds (单位是km/hour)_南美洲 | E15: {=INDIRECT(ADDRESS(1,A15,1,1,"all_city_parameter_inputs"))} -> 南美洲 | F15: {=IF(AND(ISBLANK(INDIRECT(ADDRESS(B15,2,1,1,"all_city_parameter_inputs"))), ISBLANK(INDIRECT(ADDRESS(B15,1,1,1,"all_city_parameter_inputs")))), "", IF(ISBLANK(INDIRECT(ADDRESS(B15,1,1,1,"all_city_parameter_inputs"))), All_city_list!F14,INDIRECT(ADDRESS(B15,1,1,1,"all_city_parameter_inputs"))))} -> speeds (单位是km/hour) | G15: {=IF(AND(ISBLANK(INDIRECT(ADDRESS(B15,3,1,1,"all_city_parameter_inputs"))),ISBLANK(INDIRECT(ADDRESS(B15,2,1,1,"all_city_parameter_inputs")))),"",IF(ISBLANK(INDIRECT(ADDRESS(B15,2,1,1,"all_city_parameter_inputs"))),"",INDIRECT(ADDRESS(B15,2,1,1,"all_city_parameter_inputs"))))} -> truck | H15: {=IF(ISBLANK(INDIRECT(ADDRESS(B15,A15,1,1,"all_city_parameter_inputs"))), "--",INDIRECT(ADDRESS(B15,A15,1,1,"all_city_parameter_inputs")))} -> 8.1 | I15: =IF(OR(G15="alpha",G15="beta",G15="sd",G15="mean"),"--",VLOOKUP(C15,Default!$B$5:$H$114,7,FALSE)) -> #N/A | J15: =VLOOKUP(F15,Lookup!$C$5:$D$110,2, FALSE) -> #N/A | K15: =VLOOKUP(C15,Default!$B$4:$E$114,4, FALSE) -> #N/A | L15: {=IF(ISNA(VLOOKUP($D15,Grouped_Sources!$C:$C,1,FALSE)),"", INDIRECT(VLOOKUP($D15,Grouped_Sources!$C:$I,5,FALSE)))} | M15: {=IF(ISNA(VLOOKUP($D15,Grouped_Sources!$C:$C,1,FALSE)),"", INDIRECT(VLOOKUP($D15,Grouped_Sources!$C:$I,6,FALSE)))} | N15: {=IF(ISNA(VLOOKUP($D15,Grouped_Sources!$C:$C,1,FALSE)),"", INDIRECT(VLOOKUP($D15,Grouped_Sources!$C:$I,7,FALSE)))}
A16: 3 | B16: 14 | C16: =IF(G16 = "",F16,IF(OR(G16="alpha",G16="beta",G16="constant",G16="sd",G16="mean",G16="sample"),F16,F16&" "&G16)) -> speeds (单位是km/hour) van | D16: =F16&"_"&E16 -> speeds (单位是km/hour)_南美洲 | E16: {=INDIRECT(ADDRESS(1,A16,1,1,"all_city_parameter_inputs"))} -> 南美洲 | F16: {=IF(AND(ISBLANK(INDIRECT(ADDRESS(B16,2,1,1,"all_city_parameter_inputs"))), ISBLANK(INDIRECT(ADDRESS(B16,1,1,1,"all_city_parameter_inputs")))), "", IF(ISBLANK(INDIRECT(ADDRESS(B16,1,1,1,"all_city_parameter_inputs"))), All_city_list!F5,INDIRECT(ADDRESS(B16,1,1,1,"all_city_parameter_inputs"))))} -> speeds (单位是km/hour) | G16: {=IF(AND(ISBLANK(INDIRECT(ADDRESS(B16,3,1,1,"all_city_parameter_inputs"))),ISBLANK(INDIRECT(ADDRESS(B16,2,1,1,"all_city_parameter_inputs")))),"",IF(ISBLANK(INDIRECT(ADDRESS(B16,2,1,1,"all_city_parameter_inputs"))),"",INDIRECT(ADDRESS(B16,2,1,1,"all_city_parameter_inputs"))))} -> van | H16: {=IF(ISBLANK(INDIRECT(ADDRESS(B16,A16,1,1,"all_city_parameter_inputs"))), "--",INDIRECT(ADDRESS(B16,A16,1,1,"all_city_parameter_inputs")))} -> 13.8 | I16: =IF(OR(G16="alpha",G16="beta",G16="sd",G16="mean"),"--",VLOOKUP(C16,Default!$B$5:$H$114,7,FALSE)) -> #N/A | J16: =VLOOKUP(F16,Lookup!$C$5:$D$110,2, FALSE) -> #N/A | K16: =VLOOKUP(C16,Default!$B$4:$E$114,4, FALSE) -> #N/A | L16: https://edgar.jrc.ec.europa.eu/, obtained values based on private correspondence | M16: EDGAR, 2018
A17: 3 | B17: 15 | C17: =IF(G17 = "",F17,IF(OR(G17="alpha",G17="beta",G17="constant",G17="sd",G17="mean",G17="sample"),F17,F17&" "&G17)) -> PM_emission_inventories motorcycle | D17: =F17&"_"&E17 -> PM_emission_inventories_南美洲 | E17: {=INDIRECT(ADDRESS(1,A17,1,1,"all_city_parameter_inputs"))} -> 南美洲 | F17: {=IF(AND(ISBLANK(INDIRECT(ADDRESS(B17,2,1,1,"all_city_parameter_inputs"))), ISBLANK(INDIRECT(ADDRESS(B17,1,1,1,"all_city_parameter_inputs")))), "", IF(ISBLANK(INDIRECT(ADDRESS(B17,1,1,1,"all_city_parameter_inputs"))), All_city_list!F16,INDIRECT(ADDRESS(B17,1,1,1,"all_city_parameter_inputs"))))} -> PM_emission_inventories | G17: {=IF(AND(ISBLANK(INDIRECT(ADDRESS(B17,3,1,1,"all_city_parameter_inputs"))),ISBLANK(INDIRECT(ADDRESS(B17,2,1,1,"all_city_parameter_inputs")))),"",IF(ISBLANK(INDIRECT(ADDRESS(B17,2,1,1,"all_city_parameter_inputs"))),"",INDIRECT(ADDRESS(B17,2,1,1,"all_city_parameter_inputs"))))} -> motorcycle | H17: {=IF(ISBLANK(INDIRECT(ADDRESS(B17,A17,1,1,"all_city_parameter_inputs"))), "--",INDIRECT(ADDRESS(B17,A17,1,1,"all_city_parameter_inputs")))} -> 0.0023031654 | I17: =IF(OR(G17="alpha",G17="beta",G17="sd",G17="mean"),"--",VLOOKUP(C17,Default!$B$5:$H$114,7,FALSE)) -> 0.0023031654 | J17: =VLOOKUP(F17,Lookup!$C$5:$D$110,2, FALSE) -> Pollution values | K17: =VLOOKUP(C17,Default!$B$4:$E$114,4, FALSE) -> - Used to estimate the PM for scenarios (function "scenario_pm_calculations"). - used as reference to compute confidence around it (function "ithim_setup_parameters"). - used to create VEHICLE_INVENTORY, with speeds, PM and CO2 emissions (function "set_vehicle_inventory"). | L17: {=IF(ISNA(VLOOKUP($D17,Grouped_Sources!$C:$C,1,FALSE)),"", INDIRECT(VLOOKUP($D17,Grouped_Sources!$C:$I,5,FALSE)))} | M17: {=IF(ISNA(VLOOKUP($D17,Grouped_Sources!$C:$C,1,FALSE)),"", INDIRECT(VLOOKUP($D17,Grouped_Sources!$C:$I,6,FALSE)))} | N17: {=IF(ISNA(VLOOKUP($D17,Grouped_Sources!$C:$C,1,FALSE)),"", INDIRECT(VLOOKUP($D17,Grouped_Sources!$C:$I,7,FALSE)))}
A18: 3 | B18: 16 | C18: =IF(G18 = "",F18,IF(OR(G18="alpha",G18="beta",G18="constant",G18="sd",G18="mean",G18="sample"),F18,F18&" "&G18)) -> PM_emission_inventories car | D18: =F18&"_"&E18 -> PM_emission_inventories_南美洲 | E18: {=INDIRECT(ADDRESS(1,A18,1,1,"all_city_parameter_inputs"))} -> 南美洲 | F18: {=IF(AND(ISBLANK(INDIRECT(ADDRESS(B18,2,1,1,"all_city_parameter_inputs"))), ISBLANK(INDIRECT(ADDRESS(B18,1,1,1,"all_city_parameter_inputs")))), "", IF(ISBLANK(INDIRECT(ADDRESS(B18,1,1,1,"all_city_parameter_inputs"))), All_city_list!F17,INDIRECT(ADDRESS(B18,1,1,1,"all_city_parameter_inputs"))))} -> PM_emission_inventories | G18: {=IF(AND(ISBLANK(INDIRECT(ADDRESS(B18,3,1,1,"all_city_parameter_inputs"))),ISBLANK(INDIRECT(ADDRESS(B18,2,1,1,"all_city_parameter_inputs")))),"",IF(ISBLANK(INDIRECT(ADDRESS(B18,2,1,1,"all_city_parameter_inputs"))),"",INDIRECT(ADDRESS(B18,2,1,1,"all_city_parameter_inputs"))))} -> car | H18: {=IF(ISBLANK(INDIRECT(ADDRESS(B18,A18,1,1,"all_city_parameter_inputs"))), "--",INDIRECT(ADDRESS(B18,A18,1,1,"all_city_parameter_inputs")))} -> 0.081980353 | I18: =IF(OR(G18="alpha",G18="beta",G18="sd",G18="mean"),"--",VLOOKUP(C18,Default!$B$5:$H$114,7,FALSE)) -> 0.081980353 | J18: =VLOOKUP(F18,Lookup!$C$5:$D$110,2, FALSE) -> Pollution values | K18: =VLOOKUP(C18,Default!$B$4:$E$114,4, FALSE) -> 0 | L18: {=IF(ISNA(VLOOKUP($D18,Grouped_Sources!$C:$C,1,FALSE)),"", INDIRECT(VLOOKUP($D18,Grouped_Sources!$C:$I,5,FALSE)))} | M18: {=IF(ISNA(VLOOKUP($D18,Grouped_Sources!$C:$C,1,FALSE)),"", INDIRECT(VLOOKUP($D18,Grouped_Sources!$C:$I,6,FALSE)))} | N18: {=IF(ISNA(VLOOKUP($D18,Grouped_Sources!$C:$C,1,FALSE)),"", INDIRECT(VLOOKUP($D18,Grouped_Sources!$C:$I,7,FALSE)))}
A19: 3 | B19: 17 | C19: =IF(G19 = "",F19,IF(OR(G19="alpha",G19="beta",G19="constant",G19="sd",G19="mean",G19="sample"),F19,F19&" "&G19)) -> PM_emission_inventories bus_driver | D19: =F19&"_"&E19 -> PM_emission_inventories_南美洲 | E19: {=INDIRECT(ADDRESS(1,A19,1,1,"all_city_parameter_inputs"))} -> 南美洲 | F19: {=IF(AND(ISBLANK(INDIRECT(ADDRESS(B19,2,1,1,"all_city_parameter_inputs"))), ISBLANK(INDIRECT(ADDRESS(B19,1,1,1,"all_city_parameter_inputs")))), "", IF(ISBLANK(INDIRECT(ADDRESS(B19,1,1,1,"all_city_parameter_inputs"))), All_city_list!F18,INDIRECT(ADDRESS(B19,1,1,1,"all_city_parameter_inputs"))))} -> PM_emission_inventories | G19: {=IF(AND(ISBLANK(INDIRECT(ADDRESS(B19,3,1,1,"all_city_parameter_inputs"))),ISBLANK(INDIRECT(ADDRESS(B19,2,1,1,"all_city_parameter_inputs")))),"",IF(ISBLANK(INDIRECT(ADDRESS(B19,2,1,1,"all_city_parameter_inputs"))),"",INDIRECT(ADDRESS(B19,2,1,1,"all_city_parameter_inputs"))))} -> bus_driver | H19: {=IF(ISBLANK(INDIRECT(ADDRESS(B19,A19,1,1,"all_city_parameter_inputs"))), "--",INDIRECT(ADDRESS(B19,A19,1,1,"all_city_parameter_inputs")))} -> 0.12246677 | I19: =IF(OR(G19="alpha",G19="beta",G19="sd",G19="mean"),"--",VLOOKUP(C19,Default!$B$5:$H$114,7,FALSE)) -> 0.12246677 | J19: =VLOOKUP(F19,Lookup!$C$5:$D$110,2, FALSE) -> Pollution values | K19: =VLOOKUP(C19,Default!$B$4:$E$114,4, FALSE) -> 0 | L19: {=IF(ISNA(VLOOKUP($D19,Grouped_Sources!$C:$C,1,FALSE)),"", INDIRECT(VLOOKUP($D19,Grouped_Sources!$C:$I,5,FALSE)))} | M19: {=IF(ISNA(VLOOKUP($D19,Grouped_Sources!$C:$C,1,FALSE)),"", INDIRECT(VLOOKUP($D19,Grouped_Sources!$C:$I,6,FALSE)))} | N19: {=IF(ISNA(VLOOKUP($D19,Grouped_Sources!$C:$C,1,FALSE)),"", INDIRECT(VLOOKUP($D19,Grouped_Sources!$C:$I,7,FALSE)))}
A20: 3 | B20: 18 | C20: =IF(G20 = "",F20,IF(OR(G20="alpha",G20="beta",G20="constant",G20="sd",G20="mean",G20="sample"),F20,F20&" "&G20)) -> PM_emission_inventories heavy_truck | D20: =F20&"_"&E20 -> PM_emission_inventories_南美洲 | E20: {=INDIRECT(ADDRESS(1,A20,1,1,"all_city_parameter_inputs"))} -> 南美洲 | F20: {=IF(AND(ISBLANK(INDIRECT(ADDRESS(B20,2,1,1,"all_city_parameter_inputs"))), ISBLANK(INDIRECT(ADDRESS(B20,1,1,1,"all_city_parameter_inputs")))), "", IF(ISBLANK(INDIRECT(ADDRESS(B20,1,1,1,"all_city_parameter_inputs"))), All_city_list!F19,INDIRECT(ADDRESS(B20,1,1,1,"all_city_parameter_inputs"))))} -> PM_emission_inventories | G20: {=IF(AND(ISBLANK(INDIRECT(ADDRESS(B20,3,1,1,"all_city_parameter_inputs"))),ISBLANK(INDIRECT(ADDRESS(B20,2,1,1,"all_city_parameter_inputs")))),"",IF(ISBLANK(INDIRECT(ADDRESS(B20,2,1,1,"all_city_parameter_inputs"))),"",INDIRECT(ADDRESS(B20,2,1,1,"all_city_parameter_inputs"))))} -> heavy_truck | H20: {=IF(ISBLANK(INDIRECT(ADDRESS(B20,A20,1,1,"all_city_parameter_inputs"))), "--",INDIRECT(ADDRESS(B20,A20,1,1,"all_city_parameter_inputs")))} -> 0.45445404 | I20: =IF(OR(G20="alpha",G20="beta",G20="sd",G20="mean"),"--",VLOOKUP(C20,Default!$B$5:$H$114,7,FALSE)) -> 0.45445404 | J20: =VLOOKUP(F20,Lookup!$C$5:$D$110,2, FALSE) -> Pollution values | K20: =VLOOKUP(C20,Default!$B$4:$E$114,4, FALSE) -> 0 | L20: {=IF(ISNA(VLOOKUP($D20,Grouped_Sources!$C:$C,1,FALSE)),"", INDIRECT(VLOOKUP($D20,Grouped_Sources!$C:$I,5,FALSE)))} | M20: {=IF(ISNA(VLOOKUP($D20,Grouped_Sources!$C:$C,1,FALSE)),"", INDIRECT(VLOOKUP($D20,Grouped_Sources!$C:$I,6,FALSE)))} | N20: {=IF(ISNA(VLOOKUP($D20,Grouped_Sources!$C:$C,1,FALSE)),"", INDIRECT(VLOOKUP($D20,Grouped_Sources!$C:$I,7,FALSE)))}
A21: 3 | B21: 19 | C21: =IF(G21 = "",F21,IF(OR(G21="alpha",G21="beta",G21="constant",G21="sd",G21="mean",G21="sample"),F21,F21&" "&G21)) -> PM_emission_inventories truck | D21: =F21&"_"&E21 -> PM_emission_inventories_南美洲 | E21: {=INDIRECT(ADDRESS(1,A21,1,1,"all_city_parameter_inputs"))} -> 南美洲 | F21: {=IF(AND(ISBLANK(INDIRECT(ADDRESS(B21,2,1,1,"all_city_parameter_inputs"))), ISBLANK(INDIRECT(ADDRESS(B21,1,1,1,"all_city_parameter_inputs")))), "", IF(ISBLANK(INDIRECT(ADDRESS(B21,1,1,1,"all_city_parameter_inputs"))), All_city_list!F20,INDIRECT(ADDRESS(B21,1,1,1,"all_city_parameter_inputs"))))} -> PM_emission_inventories | G21: {=IF(AND(ISBLANK(INDIRECT(ADDRESS(B21,3,1,1,"all_city_parameter_inputs"))),ISBLANK(INDIRECT(ADDRESS(B21,2,1,1,"all_city_parameter_inputs")))),"",IF(ISBLANK(INDIRECT(ADDRESS(B21,2,1,1,"all_city_parameter_inputs"))),"",INDIRECT(ADDRESS(B21,2,1,1,"all_city_parameter_inputs"))))} -> truck | H21: {=IF(ISBLANK(INDIRECT(ADDRESS(B21,A21,1,1,"all_city_parameter_inputs"))), "--",INDIRECT(ADDRESS(B21,A21,1,1,"all_city_parameter_inputs")))} -> 0.33879567 | I21: =IF(OR(G21="alpha",G21="beta",G21="sd",G21="mean"),"--",VLOOKUP(C21,Default!$B$5:$H$114,7,FALSE)) -> 0.33879567 | J21: =VLOOKUP(F21,Lookup!$C$5:$D$110,2, FALSE) -> Pollution values | K21: =VLOOKUP(C21,Default!$B$4:$E$114,4, FALSE) -> 0 | L21: {=IF(ISNA(VLOOKUP($D21,Grouped_Sources!$C:$C,1,FALSE)),"", INDIRECT(VLOOKUP($D21,Grouped_Sources!$C:$I,5,FALSE)))} | M21: {=IF(ISNA(VLOOKUP($D21,Grouped_Sources!$C:$C,1,FALSE)),"", INDIRECT(VLOOKUP($D21,Grouped_Sources!$C:$I,6,FALSE)))} | N21: {=IF(ISNA(VLOOKUP($D21,Grouped_Sources!$C:$C,1,FALSE)),"", INDIRECT(VLOOKUP($D21,Grouped_Sources!$C:$I,7,FALSE)))}
A22: 3 | B22: 20 | C22: =IF(G22 = "",F22,IF(OR(G22="alpha",G22="beta",G22="constant",G22="sd",G22="mean",G22="sample"),F22,F22&" "&G22)) -> PM_emission_inventories van | D22: =F22&"_"&E22 -> PM_emission_inventories_南美洲 | E22: {=INDIRECT(ADDRESS(1,A22,1,1,"all_city_parameter_inputs"))} -> 南美洲 | F22: {=IF(AND(ISBLANK(INDIRECT(ADDRESS(B22,2,1,1,"all_city_parameter_inputs"))), ISBLANK(INDIRECT(ADDRESS(B22,1,1,1,"all_city_parameter_inputs")))), "", IF(ISBLANK(INDIRECT(ADDRESS(B22,1,1,1,"all_city_parameter_inputs"))), All_city_list!F21,INDIRECT(ADDRESS(B22,1,1,1,"all_city_parameter_inputs"))))} -> PM_emission_inventories | G22: {=IF(AND(ISBLANK(INDIRECT(ADDRESS(B22,3,1,1,"all_city_parameter_inputs"))),ISBLANK(INDIRECT(ADDRESS(B22,2,1,1,"all_city_parameter_inputs")))),"",IF(ISBLANK(INDIRECT(ADDRESS(B22,2,1,1,"all_city_parameter_inputs"))),"",INDIRECT(ADDRESS(B22,2,1,1,"all_city_parameter_inputs"))))} -> van | H22: {=IF(ISBLANK(INDIRECT(ADDRESS(B22,A22,1,1,"all_city_parameter_inputs"))), "--",INDIRECT(ADDRESS(B22,A22,1,1,"all_city_parameter_inputs")))} -> 0 | I22: =IF(OR(G22="alpha",G22="beta",G22="sd",G22="mean"),"--",VLOOKUP(C22,Default!$B$5:$H$114,7,FALSE)) -> 0 | J22: =VLOOKUP(F22,Lookup!$C$5:$D$110,2, FALSE) -> Pollution values | K22: =VLOOKUP(C22,Default!$B$4:$E$114,4, FALSE) -> 0 | L22: {=IF(ISNA(VLOOKUP($D22,Grouped_Sources!$C:$C,1,FALSE)),"", INDIRECT(VLOOKUP($D22,Grouped_Sources!$C:$I,5,FALSE)))} | M22: {=IF(ISNA(VLOOKUP($D22,Grouped_Sources!$C:$C,1,FALSE)),"", INDIRECT(VLOOKUP($D22,Grouped_Sources!$C:$I,6,FALSE)))} | N22: {=IF(ISNA(VLOOKUP($D22,Grouped_Sources!$C:$C,1,FALSE)),"", INDIRECT(VLOOKUP($D22,Grouped_Sources!$C:$I,7,FALSE)))}
A23: 3 | B23: 21 | C23: =IF(G23 = "",F23,IF(OR(G23="alpha",G23="beta",G23="constant",G23="sd",G23="mean",G23="sample"),F23,F23&" "&G23)) -> PM_emission_inventories other | D23: =F23&"_"&E23 -> PM_emission_inventories_南美洲 | E23: {=INDIRECT(ADDRESS(1,A23,1,1,"all_city_parameter_inputs"))} -> 南美洲 | F23: {=IF(AND(ISBLANK(INDIRECT(ADDRESS(B23,2,1,1,"all_city_parameter_inputs"))), ISBLANK(INDIRECT(ADDRESS(B23,1,1,1,"all_city_parameter_inputs")))), "", IF(ISBLANK(INDIRECT(ADDRESS(B23,1,1,1,"all_city_parameter_inputs"))), All_city_list!F22,INDIRECT(ADDRESS(B23,1,1,1,"all_city_parameter_inputs"))))} -> PM_emission_inventories | G23: {=IF(AND(ISBLANK(INDIRECT(ADDRESS(B23,3,1,1,"all_city_parameter_inputs"))),ISBLANK(INDIRECT(ADDRESS(B23,2,1,1,"all_city_parameter_inputs")))),"",IF(ISBLANK(INDIRECT(ADDRESS(B23,2,1,1,"all_city_parameter_inputs"))),"",INDIRECT(ADDRESS(B23,2,1,1,"all_city_parameter_inputs"))))} -> other | H23: {=IF(ISBLANK(INDIRECT(ADDRESS(B23,A23,1,1,"all_city_parameter_inputs"))), "--",INDIRECT(ADDRESS(B23,A23,1,1,"all_city_parameter_inputs")))} -> 0 | I23: =IF(OR(G23="alpha",G23="beta",G23="sd",G23="mean"),"--",VLOOKUP(C23,Default!$B$5:$H$114,7,FALSE)) -> 0 | J23: =VLOOKUP(F23,Lookup!$C$5:$D$110,2, FALSE) -> Pollution values | K23: =VLOOKUP(C23,Default!$B$4:$E$114,4, FALSE) -> 0 | L23: {=IF(ISNA(VLOOKUP($D23,Grouped_Sources!$C:$C,1,FALSE)),"", INDIRECT(VLOOKUP($D23,Grouped_Sources!$C:$I,5,FALSE)))} | M23: {=IF(ISNA(VLOOKUP($D23,Grouped_Sources!$C:$C,1,FALSE)),"", INDIRECT(VLOOKUP($D23,Grouped_Sources!$C:$I,6,FALSE)))} | N23: {=IF(ISNA(VLOOKUP($D23,Grouped_Sources!$C:$C,1,FALSE)),"", INDIRECT(VLOOKUP($D23,Grouped_Sources!$C:$I,7,FALSE)))}
A24: 3 | B24: 22 | C24: =IF(G24 = "",F24,IF(OR(G24="alpha",G24="beta",G24="constant",G24="sd",G24="mean",G24="sample"),F24,F24&" "&G24)) -> PM_emission_inventories taxi | D24: =F24&"_"&E24 -> PM_emission_inventories_南美洲 | E24: {=INDIRECT(ADDRESS(1,A24,1,1,"all_city_parameter_inputs"))} -> 南美洲 | F24: {=IF(AND(ISBLANK(INDIRECT(ADDRESS(B24,2,1,1,"all_city_parameter_inputs"))), ISBLANK(INDIRECT(ADDRESS(B24,1,1,1,"all_city_parameter_inputs")))), "", IF(ISBLANK(INDIRECT(ADDRESS(B24,1,1,1,"all_city_parameter_inputs"))), All_city_list!F23,INDIRECT(ADDRESS(B24,1,1,1,"all_city_parameter_inputs"))))} -> PM_emission_inventories | G24: {=IF(AND(ISBLANK(INDIRECT(ADDRESS(B24,3,1,1,"all_city_parameter_inputs"))),ISBLANK(INDIRECT(ADDRESS(B24,2,1,1,"all_city_parameter_inputs")))),"",IF(ISBLANK(INDIRECT(ADDRESS(B24,2,1,1,"all_city_parameter_inputs"))),"",INDIRECT(ADDRESS(B24,2,1,1,"all_city_parameter_inputs"))))} -> taxi | H24: {=IF(ISBLANK(INDIRECT(ADDRESS(B24,A24,1,1,"all_city_parameter_inputs"))), "--",INDIRECT(ADDRESS(B24,A24,1,1,"all_city_parameter_inputs")))} -> 0 | I24: =IF(OR(G24="alpha",G24="beta",G24="sd",G24="mean"),"--",VLOOKUP(C24,Default!$B$5:$H$114,7,FALSE)) -> 0 | J24: =VLOOKUP(F24,Lookup!$C$5:$D$110,2, FALSE) -> Pollution values | K24: =VLOOKUP(C24,Default!$B$4:$E$114,4, FALSE) -> 0 | L24: {=IF(ISNA(VLOOKUP($D24,Grouped_Sources!$C:$C,1,FALSE)),"", INDIRECT(VLOOKUP($D24,Grouped_Sources!$C:$I,5,FALSE)))} | M24: {=IF(ISNA(VLOOKUP($D24,Grouped_Sources!$C:$C,1,FALSE)),"", INDIRECT(VLOOKUP($D24,Grouped_Sources!$C:$I,6,FALSE)))} | N24: {=IF(ISNA(VLOOKUP($D24,Grouped_Sources!$C:$C,1,FALSE)),"", INDIRECT(VLOOKUP($D24,Grouped_Sources!$C:$I,7,FALSE)))}
A25: 3 | B25: 23 | C25: =IF(G25 = "",F25,IF(OR(G25="alpha",G25="beta",G25="constant",G25="sd",G25="mean",G25="sample"),F25,F25&" "&G25)) -> PM_emission_inventories auto_rickshaw | D25: =F25&"_"&E25 -> PM_emission_inventories_南美洲 | E25: {=INDIRECT(ADDRESS(1,A25,1,1,"all_city_parameter_inputs"))} -> 南美洲 | F25: {=IF(AND(ISBLANK(INDIRECT(ADDRESS(B25,2,1,1,"all_city_parameter_inputs"))), ISBLANK(INDIRECT(ADDRESS(B25,1,1,1,"all_city_parameter_inputs")))), "", IF(ISBLANK(INDIRECT(ADDRESS(B25,1,1,1,"all_city_parameter_inputs"))), All_city_list!F24,INDIRECT(ADDRESS(B25,1,1,1,"all_city_parameter_inputs"))))} -> PM_emission_inventories | G25: {=IF(AND(ISBLANK(INDIRECT(ADDRESS(B25,3,1,1,"all_city_parameter_inputs"))),ISBLANK(INDIRECT(ADDRESS(B25,2,1,1,"all_city_parameter_inputs")))),"",IF(ISBLANK(INDIRECT(ADDRESS(B25,2,1,1,"all_city_parameter_inputs"))),"",INDIRECT(ADDRESS(B25,2,1,1,"all_city_parameter_inputs"))))} -> auto_rickshaw | H25: {=IF(ISBLANK(INDIRECT(ADDRESS(B25,A25,1,1,"all_city_parameter_inputs"))), "--",INDIRECT(ADDRESS(B25,A25,1,1,"all_city_parameter_inputs")))} -> 0 | I25: =IF(OR(G25="alpha",G25="beta",G25="sd",G25="mean"),"--",VLOOKUP(C25,Default!$B$5:$H$114,7,FALSE)) -> 0 | J25: =VLOOKUP(F25,Lookup!$C$5:$D$110,2, FALSE) -> Pollution values | K25: =VLOOKUP(C25,Default!$B$4:$E$114,4, FALSE) -> 0 | L25: https://www.who.int/publications/i/item/9789241565684 | M25: WHO report giving reported and estimated injury statistics at a country level. The underreporting for Colombia is approx 20% but we assumed that the underreporting at a city level is half this value, i.e. 10%. So parameter was set to 1-0.1= 0.9
A26: 3 | B26: 24 | C26: =IF(G26 = "",F26,IF(OR(G26="alpha",G26="beta",G26="constant",G26="sd",G26="mean",G26="sample"),F26,F26&" "&G26)) -> injury_reporting_rate | D26: =F26&"_"&E26 -> injury_reporting_rate_南美洲 | E26: {=INDIRECT(ADDRESS(1,A26,1,1,"all_city_parameter_inputs"))} -> 南美洲 | F26: {=IF(AND(ISBLANK(INDIRECT(ADDRESS(B26,2,1,1,"all_city_parameter_inputs"))), ISBLANK(INDIRECT(ADDRESS(B26,1,1,1,"all_city_parameter_inputs")))), "", IF(ISBLANK(INDIRECT(ADDRESS(B26,1,1,1,"all_city_parameter_inputs"))), All_city_list!F25,INDIRECT(ADDRESS(B26,1,1,1,"all_city_parameter_inputs"))))} -> injury_reporting_rate | G26: {=IF(AND(ISBLANK(INDIRECT(ADDRESS(B26,3,1,1,"all_city_parameter_inputs"))),ISBLANK(INDIRECT(ADDRESS(B26,2,1,1,"all_city_parameter_inputs")))),"",IF(ISBLANK(INDIRECT(ADDRESS(B26,2,1,1,"all_city_parameter_inputs"))),"",INDIRECT(ADDRESS(B26,2,1,1,"all_city_parameter_inputs"))))} -> constant | H26: {=IF(ISBLANK(INDIRECT(ADDRESS(B26,A26,1,1,"all_city_parameter_inputs"))), "--",INDIRECT(ADDRESS(B26,A26,1,1,"all_city_parameter_inputs")))} -> 0.8982419 | I26: =IF(OR(G26="alpha",G26="beta",G26="sd",G26="mean"),"--",VLOOKUP(C26,Default!$B$5:$H$114,7,FALSE)) -> 1 | J26: =VLOOKUP(F26,Lookup!$C$5:$D$110,2, FALSE) -> Injury values | K26: =VLOOKUP(C26,Default!$B$4:$E$114,4, FALSE) -> rate at which injuries are reported | L26: {=IF(ISNA(VLOOKUP($D26,Grouped_Sources!$C:$C,1,FALSE)),"", INDIRECT(VLOOKUP($D26,Grouped_Sources!$C:$I,5,FALSE)))} | M26: {=IF(ISNA(VLOOKUP($D26,Grouped_Sources!$C:$C,1,FALSE)),"", INDIRECT(VLOOKUP($D26,Grouped_Sources!$C:$I,6,FALSE)))} | N26: {=IF(ISNA(VLOOKUP($D26,Grouped_Sources!$C:$C,1,FALSE)),"", INDIRECT(VLOOKUP($D26,Grouped_Sources!$C:$I,7,FALSE)))}
A27: 3 | B27: 25 | C27: =IF(G27 = "",F27,IF(OR(G27="alpha",G27="beta",G27="constant",G27="sd",G27="mean",G27="sample"),F27,F27&" "&G27)) -> injury_reporting_rate | D27: =F27&"_"&E27 -> injury_reporting_rate_南美洲 | E27: {=INDIRECT(ADDRESS(1,A27,1,1,"all_city_parameter_inputs"))} -> 南美洲 | F27: {=IF(AND(ISBLANK(INDIRECT(ADDRESS(B27,2,1,1,"all_city_parameter_inputs"))), ISBLANK(INDIRECT(ADDRESS(B27,1,1,1,"all_city_parameter_inputs")))), "", IF(ISBLANK(INDIRECT(ADDRESS(B27,1,1,1,"all_city_parameter_inputs"))), All_city_list!F26,INDIRECT(ADDRESS(B27,1,1,1,"all_city_parameter_inputs"))))} -> injury_reporting_rate | G27: {=IF(AND(ISBLANK(INDIRECT(ADDRESS(B27,3,1,1,"all_city_parameter_inputs"))),ISBLANK(INDIRECT(ADDRESS(B27,2,1,1,"all_city_parameter_inputs")))),"",IF(ISBLANK(INDIRECT(ADDRESS(B27,2,1,1,"all_city_parameter_inputs"))),"",INDIRECT(ADDRESS(B27,2,1,1,"all_city_parameter_inputs"))))} -> alpha | H27: {=IF(ISBLANK(INDIRECT(ADDRESS(B27,A27,1,1,"all_city_parameter_inputs"))), "--",INDIRECT(ADDRESS(B27,A27,1,1,"all_city_parameter_inputs")))} -> -- | I27: =IF(OR(G27="alpha",G27="beta",G27="sd",G27="mean"),"--",VLOOKUP(C27,Default!$B$5:$H$114,7,FALSE)) -> -- | J27: =VLOOKUP(F27,Lookup!$C$5:$D$110,2, FALSE) -> Injury values | K27: =VLOOKUP(C27,Default!$B$4:$E$114,4, FALSE) -> rate at which injuries are reported | L27: {=IF(ISNA(VLOOKUP($D27,Grouped_Sources!$C:$C,1,FALSE)),"", INDIRECT(VLOOKUP($D27,Grouped_Sources!$C:$I,5,FALSE)))} | M27: {=IF(ISNA(VLOOKUP($D27,Grouped_Sources!$C:$C,1,FALSE)),"", INDIRECT(VLOOKUP($D27,Grouped_Sources!$C:$I,6,FALSE)))} | N27: {=IF(ISNA(VLOOKUP($D27,Grouped_Sources!$C:$C,1,FALSE)),"", INDIRECT(VLOOKUP($D27,Grouped_Sources!$C:$I,7,FALSE)))}
A28: 3 | B28: 26 | C28: =IF(G28 = "",F28,IF(OR(G28="alpha",G28="beta",G28="constant",G28="sd",G28="mean",G28="sample"),F28,F28&" "&G28)) -> injury_reporting_rate | D28: =F28&"_"&E28 -> injury_reporting_rate_南美洲 | E28: {=INDIRECT(ADDRESS(1,A28,1,1,"all_city_parameter_inputs"))} -> 南美洲 | F28: {=IF(AND(ISBLANK(INDIRECT(ADDRESS(B28,2,1,1,"all_city_parameter_inputs"))), ISBLANK(INDIRECT(ADDRESS(B28,1,1,1,"all_city_parameter_inputs")))), "", IF(ISBLANK(INDIRECT(ADDRESS(B28,1,1,1,"all_city_parameter_inputs"))), All_city_list!F27,INDIRECT(ADDRESS(B28,1,1,1,"all_city_parameter_inputs"))))} -> injury_reporting_rate | G28: {=IF(AND(ISBLANK(INDIRECT(ADDRESS(B28,3,1,1,"all_city_parameter_inputs"))),ISBLANK(INDIRECT(ADDRESS(B28,2,1,1,"all_city_parameter_inputs")))),"",IF(ISBLANK(INDIRECT(ADDRESS(B28,2,1,1,"all_city_parameter_inputs"))),"",INDIRECT(ADDRESS(B28,2,1,1,"all_city_parameter_inputs"))))} -> beta | H28: {=IF(ISBLANK(INDIRECT(ADDRESS(B28,A28,1,1,"all_city_parameter_inputs"))), "--",INDIRECT(ADDRESS(B28,A28,1,1,"all_city_parameter_inputs")))} -> -- | I28: =IF(OR(G28="alpha",G28="beta",G28="sd",G28="mean"),"--",VLOOKUP(C28,Default!$B$5:$H$114,7,FALSE)) -> -- | J28: =VLOOKUP(F28,Lookup!$C$5:$D$110,2, FALSE) -> Injury values | K28: =VLOOKUP(C28,Default!$B$4:$E$114,4, FALSE) -> rate at which injuries are reported | L28: assumes no bias in the disease data, distribution values need updating
A29: 3 | B29: 27 | C29: =IF(G29 = "",F29,IF(OR(G29="alpha",G29="beta",G29="constant",G29="sd",G29="mean",G29="sample"),F29,F29&" "&G29)) -> chronic_disease_scalar | D29: =F29&"_"&E29 -> chronic_disease_scalar_南美洲 | E29: {=INDIRECT(ADDRESS(1,A29,1,1,"all_city_parameter_inputs"))} -> 南美洲 | F29: {=IF(AND(ISBLANK(INDIRECT(ADDRESS(B29,2,1,1,"all_city_parameter_inputs"))), ISBLANK(INDIRECT(ADDRESS(B29,1,1,1,"all_city_parameter_inputs")))), "", IF(ISBLANK(INDIRECT(ADDRESS(B29,1,1,1,"all_city_parameter_inputs"))), All_city_list!F28,INDIRECT(ADDRESS(B29,1,1,1,"all_city_parameter_inputs"))))} -> chronic_disease_scalar | G29: {=IF(AND(ISBLANK(INDIRECT(ADDRESS(B29,3,1,1,"all_city_parameter_inputs"))),ISBLANK(INDIRECT(ADDRESS(B29,2,1,1,"all_city_parameter_inputs")))),"",IF(ISBLANK(INDIRECT(ADDRESS(B29,2,1,1,"all_city_parameter_inputs"))),"",INDIRECT(ADDRESS(B29,2,1,1,"all_city_parameter_inputs"))))} -> constant | H29: {=IF(ISBLANK(INDIRECT(ADDRESS(B29,A29,1,1,"all_city_parameter_inputs"))), "--",INDIRECT(ADDRESS(B29,A29,1,1,"all_city_parameter_inputs")))} -> 1 | I29: =IF(OR(G29="alpha",G29="beta",G29="sd",G29="mean"),"--",VLOOKUP(C29,Default!$B$5:$H$114,7,FALSE)) -> 1 | J29: =VLOOKUP(F29,Lookup!$C$5:$D$110,2, FALSE) -> Health values | K29: =VLOOKUP(C29,Default!$B$4:$E$114,4, FALSE) -> scalar for GBD data | L29: {=IF(ISNA(VLOOKUP($D29,Grouped_Sources!$C:$C,1,FALSE)),"", INDIRECT(VLOOKUP($D29,Grouped_Sources!$C:$I,5,FALSE)))} | M29: {=IF(ISNA(VLOOKUP($D29,Grouped_Sources!$C:$C,1,FALSE)),"", INDIRECT(VLOOKUP($D29,Grouped_Sources!$C:$I,6,FALSE)))} | N29: {=IF(ISNA(VLOOKUP($D29,Grouped_Sources!$C:$C,1,FALSE)),"", INDIRECT(VLOOKUP($D29,Grouped_Sources!$C:$I,7,FALSE)))}
A30: 3 | B30: 28 | C30: =IF(G30 = "",F30,IF(OR(G30="alpha",G30="beta",G30="constant",G30="sd",G30="mean",G30="sample"),F30,F30&" "&G30)) -> chronic_disease_scalar | D30: =F30&"_"&E30 -> chronic_disease_scalar_南美洲 | E30: {=INDIRECT(ADDRESS(1,A30,1,1,"all_city_parameter_inputs"))} -> 南美洲 | F30: {=IF(AND(ISBLANK(INDIRECT(ADDRESS(B30,2,1,1,"all_city_parameter_inputs"))), ISBLANK(INDIRECT(ADDRESS(B30,1,1,1,"all_city_parameter_inputs")))), "", IF(ISBLANK(INDIRECT(ADDRESS(B30,1,1,1,"all_city_parameter_inputs"))), All_city_list!F29,INDIRECT(ADDRESS(B30,1,1,1,"all_city_parameter_inputs"))))} -> chronic_disease_scalar | G30: {=IF(AND(ISBLANK(INDIRECT(ADDRESS(B30,3,1,1,"all_city_parameter_inputs"))),ISBLANK(INDIRECT(ADDRESS(B30,2,1,1,"all_city_parameter_inputs")))),"",IF(ISBLANK(INDIRECT(ADDRESS(B30,2,1,1,"all_city_parameter_inputs"))),"",INDIRECT(ADDRESS(B30,2,1,1,"all_city_parameter_inputs"))))} -> mean | H30: {=IF(ISBLANK(INDIRECT(ADDRESS(B30,A30,1,1,"all_city_parameter_inputs"))), "--",INDIRECT(ADDRESS(B30,A30,1,1,"all_city_parameter_inputs")))} -> -- | I30: =IF(OR(G30="alpha",G30="beta",G30="sd",G30="mean"),"--",VLOOKUP(C30,Default!$B$5:$H$114,7,FALSE)) -> -- | J30: =VLOOKUP(F30,Lookup!$C$5:$D$110,2, FALSE) -> Health values | K30: =VLOOKUP(C30,Default!$B$4:$E$114,4, FALSE) -> scalar for GBD data | L30: {=IF(ISNA(VLOOKUP($D30,Grouped_Sources!$C:$C,1,FALSE)),"", INDIRECT(VLOOKUP($D30,Grouped_Sources!$C:$I,5,FALSE)))} | M30: {=IF(ISNA(VLOOKUP($D30,Grouped_Sources!$C:$C,1,FALSE)),"", INDIRECT(VLOOKUP($D30,Grouped_Sources!$C:$I,6,FALSE)))} | N30: {=IF(ISNA(VLOOKUP($D30,Grouped_Sources!$C:$C,1,FALSE)),"", INDIRECT(VLOOKUP($D30,Grouped_Sources!$C:$I,7,FALSE)))}
A31: 3 | B31: 29 | C31: =IF(G31 = "",F31,IF(OR(G31="alpha",G31="beta",G31="constant",G31="sd",G31="mean",G31="sample"),F31,F31&" "&G31)) -> chronic_disease_scalar | D31: =F31&"_"&E31 -> chronic_disease_scalar_南美洲 | E31: {=INDIRECT(ADDRESS(1,A31,1,1,"all_city_parameter_inputs"))} -> 南美洲 | F31: {=IF(AND(ISBLANK(INDIRECT(ADDRESS(B31,2,1,1,"all_city_parameter_inputs"))), ISBLANK(INDIRECT(ADDRESS(B31,1,1,1,"all_city_parameter_inputs")))), "", IF(ISBLANK(INDIRECT(ADDRESS(B31,1,1,1,"all_city_parameter_inputs"))), All_city_list!F30,INDIRECT(ADDRESS(B31,1,1,1,"all_city_parameter_inputs"))))} -> chronic_disease_scalar | G31: {=IF(AND(ISBLANK(INDIRECT(ADDRESS(B31,3,1,1,"all_city_parameter_inputs"))),ISBLANK(INDIRECT(ADDRESS(B31,2,1,1,"all_city_parameter_inputs")))),"",IF(ISBLANK(INDIRECT(ADDRESS(B31,2,1,1,"all_city_parameter_inputs"))),"",INDIRECT(ADDRESS(B31,2,1,1,"all_city_parameter_inputs"))))} -> sd | H31: {=IF(ISBLANK(INDIRECT(ADDRESS(B31,A31,1,1,"all_city_parameter_inputs"))), "--",INDIRECT(ADDRESS(B31,A31,1,1,"all_city_parameter_inputs")))} -> -- | I31: =IF(OR(G31="alpha",G31="beta",G31="sd",G31="mean"),"--",VLOOKUP(C31,Default!$B$5:$H$114,7,FALSE)) -> -- | J31: =VLOOKUP(F31,Lookup!$C$5:$D$110,2, FALSE) -> Health values | K31: =VLOOKUP(C31,Default!$B$4:$E$114,4, FALSE) -> scalar for GBD data | L31: https://www.who.int/publications/m/item/who-air-quality-database-2022 | M31: WHO Air Quality Database, Update 2022
A32: 3 | B32: 30 | C32: =IF(G32 = "",F32,IF(OR(G32="alpha",G32="beta",G32="constant",G32="sd",G32="mean",G32="sample"),F32,F32&" "&G32)) -> pm_conc_base (from Edgar) | D32: =F32&"_"&E32 -> pm_conc_base (from Edgar)_南美洲 | E32: {=INDIRECT(ADDRESS(1,A32,1,1,"all_city_parameter_inputs"))} -> 南美洲 | F32: {=IF(AND(ISBLANK(INDIRECT(ADDRESS(B32,2,1,1,"all_city_parameter_inputs"))), ISBLANK(INDIRECT(ADDRESS(B32,1,1,1,"all_city_parameter_inputs")))), "", IF(ISBLANK(INDIRECT(ADDRESS(B32,1,1,1,"all_city_parameter_inputs"))), All_city_list!F31,INDIRECT(ADDRESS(B32,1,1,1,"all_city_parameter_inputs"))))} -> pm_conc_base (from Edgar) | G32: {=IF(AND(ISBLANK(INDIRECT(ADDRESS(B32,3,1,1,"all_city_parameter_inputs"))),ISBLANK(INDIRECT(ADDRESS(B32,2,1,1,"all_city_parameter_inputs")))),"",IF(ISBLANK(INDIRECT(ADDRESS(B32,2,1,1,"all_city_parameter_inputs"))),"",INDIRECT(ADDRESS(B32,2,1,1,"all_city_parameter_inputs"))))} -> constant | H32: {=IF(ISBLANK(INDIRECT(ADDRESS(B32,A32,1,1,"all_city_parameter_inputs"))), "--",INDIRECT(ADDRESS(B32,A32,1,1,"all_city_parameter_inputs")))} -> 12.69 | I32: =IF(OR(G32="alpha",G32="beta",G32="sd",G32="mean"),"--",VLOOKUP(C32,Default!$B$5:$H$114,7,FALSE)) -> #N/A | J32: =VLOOKUP(F32,Lookup!$C$5:$D$110,2, FALSE) -> #N/A | K32: =VLOOKUP(C32,Default!$B$4:$E$114,4, FALSE) -> #N/A | L32: {=IF(ISNA(VLOOKUP($D32,Grouped_Sources!$C:$C,1,FALSE)),"", INDIRECT(VLOOKUP($D32,Grouped_Sources!$C:$I,5,FALSE)))} | M32: {=IF(ISNA(VLOOKUP($D32,Grouped_Sources!$C:$C,1,FALSE)),"", INDIRECT(VLOOKUP($D32,Grouped_Sources!$C:$I,6,FALSE)))} | N32: {=IF(ISNA(VLOOKUP($D32,Grouped_Sources!$C:$C,1,FALSE)),"", INDIRECT(VLOOKUP($D32,Grouped_Sources!$C:$I,7,FALSE)))}
A33: 3 | B33: 31 | C33: =IF(G33 = "",F33,IF(OR(G33="alpha",G33="beta",G33="constant",G33="sd",G33="mean",G33="sample"),F33,F33&" "&G33)) -> pm_conc_base (from Edgar) | D33: =F33&"_"&E33 -> pm_conc_base (from Edgar)_南美洲 | E33: {=INDIRECT(ADDRESS(1,A33,1,1,"all_city_parameter_inputs"))} -> 南美洲 | F33: {=IF(AND(ISBLANK(INDIRECT(ADDRESS(B33,2,1,1,"all_city_parameter_inputs"))), ISBLANK(INDIRECT(ADDRESS(B33,1,1,1,"all_city_parameter_inputs")))), "", IF(ISBLANK(INDIRECT(ADDRESS(B33,1,1,1,"all_city_parameter_inputs"))), All_city_list!F32,INDIRECT(ADDRESS(B33,1,1,1,"all_city_parameter_inputs"))))} -> pm_conc_base (from Edgar) | G33: {=IF(AND(ISBLANK(INDIRECT(ADDRESS(B33,3,1,1,"all_city_parameter_inputs"))),ISBLANK(INDIRECT(ADDRESS(B33,2,1,1,"all_city_parameter_inputs")))),"",IF(ISBLANK(INDIRECT(ADDRESS(B33,2,1,1,"all_city_parameter_inputs"))),"",INDIRECT(ADDRESS(B33,2,1,1,"all_city_parameter_inputs"))))} -> mean | H33: {=IF(ISBLANK(INDIRECT(ADDRESS(B33,A33,1,1,"all_city_parameter_inputs"))), "--",INDIRECT(ADDRESS(B33,A33,1,1,"all_city_parameter_inputs")))} -> -- | I33: =IF(OR(G33="alpha",G33="beta",G33="sd",G33="mean"),"--",VLOOKUP(C33,Default!$B$5:$H$114,7,FALSE)) -> -- | J33: =VLOOKUP(F33,Lookup!$C$5:$D$110,2, FALSE) -> #N/A | K33: =VLOOKUP(C33,Default!$B$4:$E$114,4, FALSE) -> #N/A | L33: {=IF(ISNA(VLOOKUP($D33,Grouped_Sources!$C:$C,1,FALSE)),"", INDIRECT(VLOOKUP($D33,Grouped_Sources!$C:$I,5,FALSE)))} | M33: {=IF(ISNA(VLOOKUP($D33,Grouped_Sources!$C:$C,1,FALSE)),"", INDIRECT(VLOOKUP($D33,Grouped_Sources!$C:$I,6,FALSE)))} | N33: {=IF(ISNA(VLOOKUP($D33,Grouped_Sources!$C:$C,1,FALSE)),"", INDIRECT(VLOOKUP($D33,Grouped_Sources!$C:$I,7,FALSE)))}
A34: 3 | B34: 32 | C34: =IF(G34 = "",F34,IF(OR(G34="alpha",G34="beta",G34="constant",G34="sd",G34="mean",G34="sample"),F34,F34&" "&G34)) -> pm_conc_base (from Edgar) | D34: =F34&"_"&E34 -> pm_conc_base (from Edgar)_南美洲 | E34: {=INDIRECT(ADDRESS(1,A34,1,1,"all_city_parameter_inputs"))} -> 南美洲 | F34: {=IF(AND(ISBLANK(INDIRECT(ADDRESS(B34,2,1,1,"all_city_parameter_inputs"))), ISBLANK(INDIRECT(ADDRESS(B34,1,1,1,"all_city_parameter_inputs")))), "", IF(ISBLANK(INDIRECT(ADDRESS(B34,1,1,1,"all_city_parameter_inputs"))), All_city_list!F33,INDIRECT(ADDRESS(B34,1,1,1,"all_city_parameter_inputs"))))} -> pm_conc_base (from Edgar) | G34: {=IF(AND(ISBLANK(INDIRECT(ADDRESS(B34,3,1,1,"all_city_parameter_inputs"))),ISBLANK(INDIRECT(ADDRESS(B34,2,1,1,"all_city_parameter_inputs")))),"",IF(ISBLANK(INDIRECT(ADDRESS(B34,2,1,1,"all_city_parameter_inputs"))),"",INDIRECT(ADDRESS(B34,2,1,1,"all_city_parameter_inputs"))))} -> sd | H34: {=IF(ISBLANK(INDIRECT(ADDRESS(B34,A34,1,1,"all_city_parameter_inputs"))), "--",INDIRECT(ADDRESS(B34,A34,1,1,"all_city_parameter_inputs")))} -> -- | I34: =IF(OR(G34="alpha",G34="beta",G34="sd",G34="mean"),"--",VLOOKUP(C34,Default!$B$5:$H$114,7,FALSE)) -> -- | J34: =VLOOKUP(F34,Lookup!$C$5:$D$110,2, FALSE) -> #N/A | K34: =VLOOKUP(C34,Default!$B$4:$E$114,4, FALSE) -> #N/A | L34: HEYDARI, S., TAINIO, M., WOODCOCK, J. & DE NAZELLE, A. 2020. Estimating traffic contribution to particulate matter concentration in urban areas using a multilevel Bayesian meta-regression approach. Environment international, 141, 105800. | M34: EDGAR and various other sources, detailed in document | N34: deduced values
A35: 3 | B35: 33 | C35: =IF(G35 = "",F35,IF(OR(G35="alpha",G35="beta",G35="constant",G35="sd",G35="mean",G35="sample"),F35,F35&" "&G35)) -> pm_trans_share (emission ) | D35: =F35&"_"&E35 -> pm_trans_share (emission )_南美洲 | E35: {=INDIRECT(ADDRESS(1,A35,1,1,"all_city_parameter_inputs"))} -> 南美洲 | F35: {=IF(AND(ISBLANK(INDIRECT(ADDRESS(B35,2,1,1,"all_city_parameter_inputs"))), ISBLANK(INDIRECT(ADDRESS(B35,1,1,1,"all_city_parameter_inputs")))), "", IF(ISBLANK(INDIRECT(ADDRESS(B35,1,1,1,"all_city_parameter_inputs"))), All_city_list!F34,INDIRECT(ADDRESS(B35,1,1,1,"all_city_parameter_inputs"))))} -> pm_trans_share (emission ) | G35: {=IF(AND(ISBLANK(INDIRECT(ADDRESS(B35,3,1,1,"all_city_parameter_inputs"))),ISBLANK(INDIRECT(ADDRESS(B35,2,1,1,"all_city_parameter_inputs")))),"",IF(ISBLANK(INDIRECT(ADDRESS(B35,2,1,1,"all_city_parameter_inputs"))),"",INDIRECT(ADDRESS(B35,2,1,1,"all_city_parameter_inputs"))))} -> constant | H35: {=IF(ISBLANK(INDIRECT(ADDRESS(B35,A35,1,1,"all_city_parameter_inputs"))), "--",INDIRECT(ADDRESS(B35,A35,1,1,"all_city_parameter_inputs")))} -> 0.42 | I35: =IF(OR(G35="alpha",G35="beta",G35="sd",G35="mean"),"--",VLOOKUP(C35,Default!$B$5:$H$114,7,FALSE)) -> #N/A | J35: =VLOOKUP(F35,Lookup!$C$5:$D$110,2, FALSE) -> #N/A | K35: =VLOOKUP(C35,Default!$B$4:$E$114,4, FALSE) -> #N/A | L35: {=IF(ISNA(VLOOKUP($D35,Grouped_Sources!$C:$C,1,FALSE)),"", INDIRECT(VLOOKUP($D35,Grouped_Sources!$C:$I,5,FALSE)))} | M35: {=IF(ISNA(VLOOKUP($D35,Grouped_Sources!$C:$C,1,FALSE)),"", INDIRECT(VLOOKUP($D35,Grouped_Sources!$C:$I,6,FALSE)))} | N35: {=IF(ISNA(VLOOKUP($D35,Grouped_Sources!$C:$C,1,FALSE)),"", INDIRECT(VLOOKUP($D35,Grouped_Sources!$C:$I,7,FALSE)))}
A36: 3 | B36: 34 | C36: =IF(G36 = "",F36,IF(OR(G36="alpha",G36="beta",G36="constant",G36="sd",G36="mean",G36="sample"),F36,F36&" "&G36)) -> pm_trans_share (emission ) | D36: =F36&"_"&E36 -> pm_trans_share (emission )_南美洲 | E36: {=INDIRECT(ADDRESS(1,A36,1,1,"all_city_parameter_inputs"))} -> 南美洲 | F36: {=IF(AND(ISBLANK(INDIRECT(ADDRESS(B36,2,1,1,"all_city_parameter_inputs"))), ISBLANK(INDIRECT(ADDRESS(B36,1,1,1,"all_city_parameter_inputs")))), "", IF(ISBLANK(INDIRECT(ADDRESS(B36,1,1,1,"all_city_parameter_inputs"))), All_city_list!F35,INDIRECT(ADDRESS(B36,1,1,1,"all_city_parameter_inputs"))))} -> pm_trans_share (emission ) | G36: {=IF(AND(ISBLANK(INDIRECT(ADDRESS(B36,3,1,1,"all_city_parameter_inputs"))),ISBLANK(INDIRECT(ADDRESS(B36,2,1,1,"all_city_parameter_inputs")))),"",IF(ISBLANK(INDIRECT(ADDRESS(B36,2,1,1,"all_city_parameter_inputs"))),"",INDIRECT(ADDRESS(B36,2,1,1,"all_city_parameter_inputs"))))} -> alpha | H36: {=IF(ISBLANK(INDIRECT(ADDRESS(B36,A36,1,1,"all_city_parameter_inputs"))), "--",INDIRECT(ADDRESS(B36,A36,1,1,"all_city_parameter_inputs")))} -> -- | I36: =IF(OR(G36="alpha",G36="beta",G36="sd",G36="mean"),"--",VLOOKUP(C36,Default!$B$5:$H$114,7,FALSE)) -> -- | J36: =VLOOKUP(F36,Lookup!$C$5:$D$110,2, FALSE) -> #N/A | K36: =VLOOKUP(C36,Default!$B$4:$E$114,4, FALSE) -> #N/A | L36: {=IF(ISNA(VLOOKUP($D36,Grouped_Sources!$C:$C,1,FALSE)),"", INDIRECT(VLOOKUP($D36,Grouped_Sources!$C:$I,5,FALSE)))} | M36: {=IF(ISNA(VLOOKUP($D36,Grouped_Sources!$C:$C,1,FALSE)),"", INDIRECT(VLOOKUP($D36,Grouped_Sources!$C:$I,6,FALSE)))} | N36: {=IF(ISNA(VLOOKUP($D36,Grouped_Sources!$C:$C,1,FALSE)),"", INDIRECT(VLOOKUP($D36,Grouped_Sources!$C:$I,7,FALSE)))}
A37: 3 | B37: 35 | C37: =IF(G37 = "",F37,IF(OR(G37="alpha",G37="beta",G37="constant",G37="sd",G37="mean",G37="sample"),F37,F37&" "&G37)) -> pm_trans_share (emission ) | D37: =F37&"_"&E37 -> pm_trans_share (emission )_南美洲 | E37: {=INDIRECT(ADDRESS(1,A37,1,1,"all_city_parameter_inputs"))} -> 南美洲 | F37: {=IF(AND(ISBLANK(INDIRECT(ADDRESS(B37,2,1,1,"all_city_parameter_inputs"))), ISBLANK(INDIRECT(ADDRESS(B37,1,1,1,"all_city_parameter_inputs")))), "", IF(ISBLANK(INDIRECT(ADDRESS(B37,1,1,1,"all_city_parameter_inputs"))), All_city_list!F36,INDIRECT(ADDRESS(B37,1,1,1,"all_city_parameter_inputs"))))} -> pm_trans_share (emission ) | G37: {=IF(AND(ISBLANK(INDIRECT(ADDRESS(B37,3,1,1,"all_city_parameter_inputs"))),ISBLANK(INDIRECT(ADDRESS(B37,2,1,1,"all_city_parameter_inputs")))),"",IF(ISBLANK(INDIRECT(ADDRESS(B37,2,1,1,"all_city_parameter_inputs"))),"",INDIRECT(ADDRESS(B37,2,1,1,"all_city_parameter_inputs"))))} -> beta | H37: {=IF(ISBLANK(INDIRECT(ADDRESS(B37,A37,1,1,"all_city_parameter_inputs"))), "--",INDIRECT(ADDRESS(B37,A37,1,1,"all_city_parameter_inputs")))} -> -- | I37: =IF(OR(G37="alpha",G37="beta",G37="sd",G37="mean"),"--",VLOOKUP(C37,Default!$B$5:$H$114,7,FALSE)) -> -- | J37: =VLOOKUP(F37,Lookup!$C$5:$D$110,2, FALSE) -> #N/A | K37: =VLOOKUP(C37,Default!$B$4:$E$114,4, FALSE) -> #N/A | L37: assumes no bias in PA data (could be improved by looking at PA surveys)
A38: 3 | B38: 36 | C38: =IF(G38 = "",F38,IF(OR(G38="alpha",G38="beta",G38="constant",G38="sd",G38="mean",G38="sample"),F38,F38&" "&G38)) -> background_pa_scalar | D38: =F38&"_"&E38 -> background_pa_scalar_南美洲 | E38: {=INDIRECT(ADDRESS(1,A38,1,1,"all_city_parameter_inputs"))} -> 南美洲 | F38: {=IF(AND(ISBLANK(INDIRECT(ADDRESS(B38,2,1,1,"all_city_parameter_inputs"))), ISBLANK(INDIRECT(ADDRESS(B38,1,1,1,"all_city_parameter_inputs")))), "", IF(ISBLANK(INDIRECT(ADDRESS(B38,1,1,1,"all_city_parameter_inputs"))), All_city_list!F37,INDIRECT(ADDRESS(B38,1,1,1,"all_city_parameter_inputs"))))} -> background_pa_scalar | G38: {=IF(AND(ISBLANK(INDIRECT(ADDRESS(B38,3,1,1,"all_city_parameter_inputs"))),ISBLANK(INDIRECT(ADDRESS(B38,2,1,1,"all_city_parameter_inputs")))),"",IF(ISBLANK(INDIRECT(ADDRESS(B38,2,1,1,"all_city_parameter_inputs"))),"",INDIRECT(ADDRESS(B38,2,1,1,"all_city_parameter_inputs"))))} -> constant | H38: {=IF(ISBLANK(INDIRECT(ADDRESS(B38,A38,1,1,"all_city_parameter_inputs"))), "--",INDIRECT(ADDRESS(B38,A38,1,1,"all_city_parameter_inputs")))} -> 1 | I38: =IF(OR(G38="alpha",G38="beta",G38="sd",G38="mean"),"--",VLOOKUP(C38,Default!$B$5:$H$114,7,FALSE)) -> 1 | J38: =VLOOKUP(F38,Lookup!$C$5:$D$110,2, FALSE) -> PA values | K38: =VLOOKUP(C38,Default!$B$4:$E$114,4, FALSE) -> scalar for physical activity | L38: {=IF(ISNA(VLOOKUP($D38,Grouped_Sources!$C:$C,1,FALSE)),"", INDIRECT(VLOOKUP($D38,Grouped_Sources!$C:$I,5,FALSE)))} | M38: {=IF(ISNA(VLOOKUP($D38,Grouped_Sources!$C:$C,1,FALSE)),"", INDIRECT(VLOOKUP($D38,Grouped_Sources!$C:$I,6,FALSE)))} | N38: {=IF(ISNA(VLOOKUP($D38,Grouped_Sources!$C:$C,1,FALSE)),"", INDIRECT(VLOOKUP($D38,Grouped_Sources!$C:$I,7,FALSE)))}
A39: 3 | B39: 37 | C39: =IF(G39 = "",F39,IF(OR(G39="alpha",G39="beta",G39="constant",G39="sd",G39="mean",G39="sample"),F39,F39&" "&G39)) -> background_pa_scalar | D39: =F39&"_"&E39 -> background_pa_scalar_南美洲 | E39: {=INDIRECT(ADDRESS(1,A39,1,1,"all_city_parameter_inputs"))} -> 南美洲 | F39: {=IF(AND(ISBLANK(INDIRECT(ADDRESS(B39,2,1,1,"all_city_parameter_inputs"))), ISBLANK(INDIRECT(ADDRESS(B39,1,1,1,"all_city_parameter_inputs")))), "", IF(ISBLANK(INDIRECT(ADDRESS(B39,1,1,1,"all_city_parameter_inputs"))), All_city_list!F38,INDIRECT(ADDRESS(B39,1,1,1,"all_city_parameter_inputs"))))} -> background_pa_scalar | G39: {=IF(AND(ISBLANK(INDIRECT(ADDRESS(B39,3,1,1,"all_city_parameter_inputs"))),ISBLANK(INDIRECT(ADDRESS(B39,2,1,1,"all_city_parameter_inputs")))),"",IF(ISBLANK(INDIRECT(ADDRESS(B39,2,1,1,"all_city_parameter_inputs"))),"",INDIRECT(ADDRESS(B39,2,1,1,"all_city_parameter_inputs"))))} -> mean | H39: {=IF(ISBLANK(INDIRECT(ADDRESS(B39,A39,1,1,"all_city_parameter_inputs"))), "--",INDIRECT(ADDRESS(B39,A39,1,1,"all_city_parameter_inputs")))} -> -- | I39: =IF(OR(G39="alpha",G39="beta",G39="sd",G39="mean"),"--",VLOOKUP(C39,Default!$B$5:$H$114,7,FALSE)) -> -- | J39: =VLOOKUP(F39,Lookup!$C$5:$D$110,2, FALSE) -> PA values | K39: =VLOOKUP(C39,Default!$B$4:$E$114,4, FALSE) -> scalar for physical activity | L39: {=IF(ISNA(VLOOKUP($D39,Grouped_Sources!$C:$C,1,FALSE)),"", INDIRECT(VLOOKUP($D39,Grouped_Sources!$C:$I,5,FALSE)))} | M39: {=IF(ISNA(VLOOKUP($D39,Grouped_Sources!$C:$C,1,FALSE)),"", INDIRECT(VLOOKUP($D39,Grouped_Sources!$C:$I,6,FALSE)))} | N39: {=IF(ISNA(VLOOKUP($D39,Grouped_Sources!$C:$C,1,FALSE)),"", INDIRECT(VLOOKUP($D39,Grouped_Sources!$C:$I,7,FALSE)))}
A40: 3 | B40: 38 | C40: =IF(G40 = "",F40,IF(OR(G40="alpha",G40="beta",G40="constant",G40="sd",G40="mean",G40="sample"),F40,F40&" "&G40)) -> background_pa_scalar | D40: =F40&"_"&E40 -> background_pa_scalar_南美洲 | E40: {=INDIRECT(ADDRESS(1,A40,1,1,"all_city_parameter_inputs"))} -> 南美洲 | F40: {=IF(AND(ISBLANK(INDIRECT(ADDRESS(B40,2,1,1,"all_city_parameter_inputs"))), ISBLANK(INDIRECT(ADDRESS(B40,1,1,1,"all_city_parameter_inputs")))), "", IF(ISBLANK(INDIRECT(ADDRESS(B40,1,1,1,"all_city_parameter_inputs"))), All_city_list!F39,INDIRECT(ADDRESS(B40,1,1,1,"all_city_parameter_inputs"))))} -> background_pa_scalar | G40: {=IF(AND(ISBLANK(INDIRECT(ADDRESS(B40,3,1,1,"all_city_parameter_inputs"))),ISBLANK(INDIRECT(ADDRESS(B40,2,1,1,"all_city_parameter_inputs")))),"",IF(ISBLANK(INDIRECT(ADDRESS(B40,2,1,1,"all_city_parameter_inputs"))),"",INDIRECT(ADDRESS(B40,2,1,1,"all_city_parameter_inputs"))))} -> sd | H40: {=IF(ISBLANK(INDIRECT(ADDRESS(B40,A40,1,1,"all_city_parameter_inputs"))), "--",INDIRECT(ADDRESS(B40,A40,1,1,"all_city_parameter_inputs")))} -> -- | I40: =IF(OR(G40="alpha",G40="beta",G40="sd",G40="mean"),"--",VLOOKUP(C40,Default!$B$5:$H$114,7,FALSE)) -> -- | J40: =VLOOKUP(F40,Lookup!$C$5:$D$110,2, FALSE) -> PA values | K40: =VLOOKUP(C40,Default!$B$4:$E$114,4, FALSE) -> scalar for physical activity | L40: https://www.datos.gov.co/Transporte/Encuesta-de-movilidad-de-Bogot-2015-Caracterizaci-/mvbb-bn7j | M40: median walking stage duration for all bus trips with a walking stage in the Bogota 2019 travel survey
A41: 3 | B41: 39 | C41: =IF(G41 = "",F41,IF(OR(G41="alpha",G41="beta",G41="constant",G41="sd",G41="mean",G41="sample"),F41,F41&" "&G41)) -> bus_walk_time (average walk to bus time) | D41: =F41&"_"&E41 -> bus_walk_time (average walk to bus time) _南美洲 | E41: {=INDIRECT(ADDRESS(1,A41,1,1,"all_city_parameter_inputs"))} -> 南美洲 | F41: {=IF(AND(ISBLANK(INDIRECT(ADDRESS(B41,2,1,1,"all_city_parameter_inputs"))), ISBLANK(INDIRECT(ADDRESS(B41,1,1,1,"all_city_parameter_inputs")))), "", IF(ISBLANK(INDIRECT(ADDRESS(B41,1,1,1,"all_city_parameter_inputs"))), All_city_list!F40,INDIRECT(ADDRESS(B41,1,1,1,"all_city_parameter_inputs"))))} -> bus_walk_time (average walk to bus time) | G41: {=IF(AND(ISBLANK(INDIRECT(ADDRESS(B41,3,1,1,"all_city_parameter_inputs"))),ISBLANK(INDIRECT(ADDRESS(B41,2,1,1,"all_city_parameter_inputs")))),"",IF(ISBLANK(INDIRECT(ADDRESS(B41,2,1,1,"all_city_parameter_inputs"))),"",INDIRECT(ADDRESS(B41,2,1,1,"all_city_parameter_inputs"))))} -> constant | H41: {=IF(ISBLANK(INDIRECT(ADDRESS(B41,A41,1,1,"all_city_parameter_inputs"))), "--",INDIRECT(ADDRESS(B41,A41,1,1,"all_city_parameter_inputs")))} -> 16 | I41: =IF(OR(G41="alpha",G41="beta",G41="sd",G41="mean"),"--",VLOOKUP(C41,Default!$B$5:$H$114,7,FALSE)) -> #N/A | J41: =VLOOKUP(F41,Lookup!$C$5:$D$110,2, FALSE) -> #N/A | K41: =VLOOKUP(C41,Default!$B$4:$E$114,4, FALSE) -> #N/A | L41: {=IF(ISNA(VLOOKUP($D41,Grouped_Sources!$C:$C,1,FALSE)),"", INDIRECT(VLOOKUP($D41,Grouped_Sources!$C:$I,5,FALSE)))} | M41: {=IF(ISNA(VLOOKUP($D41,Grouped_Sources!$C:$C,1,FALSE)),"", INDIRECT(VLOOKUP($D41,Grouped_Sources!$C:$I,6,FALSE)))} | N41: {=IF(ISNA(VLOOKUP($D41,Grouped_Sources!$C:$C,1,FALSE)),"", INDIRECT(VLOOKUP($D41,Grouped_Sources!$C:$I,7,FALSE)))}
A42: 3 | B42: 40 | C42: =IF(G42 = "",F42,IF(OR(G42="alpha",G42="beta",G42="constant",G42="sd",G42="mean",G42="sample"),F42,F42&" "&G42)) -> bus_walk_time (average walk to bus time) | D42: =F42&"_"&E42 -> bus_walk_time (average walk to bus time) _南美洲 | E42: {=INDIRECT(ADDRESS(1,A42,1,1,"all_city_parameter_inputs"))} -> 南美洲 | F42: {=IF(AND(ISBLANK(INDIRECT(ADDRESS(B42,2,1,1,"all_city_parameter_inputs"))), ISBLANK(INDIRECT(ADDRESS(B42,1,1,1,"all_city_parameter_inputs")))), "", IF(ISBLANK(INDIRECT(ADDRESS(B42,1,1,1,"all_city_parameter_inputs"))), All_city_list!F41,INDIRECT(ADDRESS(B42,1,1,1,"all_city_parameter_inputs"))))} -> bus_walk_time (average walk to bus time) | G42: {=IF(AND(ISBLANK(INDIRECT(ADDRESS(B42,3,1,1,"all_city_parameter_inputs"))),ISBLANK(INDIRECT(ADDRESS(B42,2,1,1,"all_city_parameter_inputs")))),"",IF(ISBLANK(INDIRECT(ADDRESS(B42,2,1,1,"all_city_parameter_inputs"))),"",INDIRECT(ADDRESS(B42,2,1,1,"all_city_parameter_inputs"))))} -> mean | H42: {=IF(ISBLANK(INDIRECT(ADDRESS(B42,A42,1,1,"all_city_parameter_inputs"))), "--",INDIRECT(ADDRESS(B42,A42,1,1,"all_city_parameter_inputs")))} -> -- | I42: =IF(OR(G42="alpha",G42="beta",G42="sd",G42="mean"),"--",VLOOKUP(C42,Default!$B$5:$H$114,7,FALSE)) -> -- | J42: =VLOOKUP(F42,Lookup!$C$5:$D$110,2, FALSE) -> #N/A | K42: =VLOOKUP(C42,Default!$B$4:$E$114,4, FALSE) -> #N/A | L42: {=IF(ISNA(VLOOKUP($D42,Grouped_Sources!$C:$C,1,FALSE)),"", INDIRECT(VLOOKUP($D42,Grouped_Sources!$C:$I,5,FALSE)))} | M42: {=IF(ISNA(VLOOKUP($D42,Grouped_Sources!$C:$C,1,FALSE)),"", INDIRECT(VLOOKUP($D42,Grouped_Sources!$C:$I,6,FALSE)))} | N42: {=IF(ISNA(VLOOKUP($D42,Grouped_Sources!$C:$C,1,FALSE)),"", INDIRECT(VLOOKUP($D42,Grouped_Sources!$C:$I,7,FALSE)))}
A43: 3 | B43: 41 | C43: =IF(G43 = "",F43,IF(OR(G43="alpha",G43="beta",G43="constant",G43="sd",G43="mean",G43="sample"),F43,F43&" "&G43)) -> bus_walk_time (average walk to bus time) | D43: =F43&"_"&E43 -> bus_walk_time (average walk to bus time) _南美洲 | E43: {=INDIRECT(ADDRESS(1,A43,1,1,"all_city_parameter_inputs"))} -> 南美洲 | F43: {=IF(AND(ISBLANK(INDIRECT(ADDRESS(B43,2,1,1,"all_city_parameter_inputs"))), ISBLANK(INDIRECT(ADDRESS(B43,1,1,1,"all_city_parameter_inputs")))), "", IF(ISBLANK(INDIRECT(ADDRESS(B43,1,1,1,"all_city_parameter_inputs"))), All_city_list!F42,INDIRECT(ADDRESS(B43,1,1,1,"all_city_parameter_inputs"))))} -> bus_walk_time (average walk to bus time) | G43: {=IF(AND(ISBLANK(INDIRECT(ADDRESS(B43,3,1,1,"all_city_parameter_inputs"))),ISBLANK(INDIRECT(ADDRESS(B43,2,1,1,"all_city_parameter_inputs")))),"",IF(ISBLANK(INDIRECT(ADDRESS(B43,2,1,1,"all_city_parameter_inputs"))),"",INDIRECT(ADDRESS(B43,2,1,1,"all_city_parameter_inputs"))))} -> sd | H43: {=IF(ISBLANK(INDIRECT(ADDRESS(B43,A43,1,1,"all_city_parameter_inputs"))), "--",INDIRECT(ADDRESS(B43,A43,1,1,"all_city_parameter_inputs")))} -> -- | I43: =IF(OR(G43="alpha",G43="beta",G43="sd",G43="mean"),"--",VLOOKUP(C43,Default!$B$5:$H$114,7,FALSE)) -> -- | J43: =VLOOKUP(F43,Lookup!$C$5:$D$110,2, FALSE) -> #N/A | K43: =VLOOKUP(C43,Default!$B$4:$E$114,4, FALSE) -> #N/A | L43: Sao Paulo: https://transparencia.metrosp.com.br/dataset/pesquisa-de-mobilidade-urbana Mexico City: http://www.beta.inegi.org.mx/programas/eod/2017/ | M43: average of median walking stage duration for all rail trips with a walking stage in the Sao Paulo 2017 and the Mexico City 2017 travel surveys
A44: 3 | B44: 42 | C44: =IF(G44 = "",F44,IF(OR(G44="alpha",G44="beta",G44="constant",G44="sd",G44="mean",G44="sample"),F44,F44&" "&G44)) -> rail_walk_time | D44: =F44&"_"&E44 -> rail_walk_time_南美洲 | E44: {=INDIRECT(ADDRESS(1,A44,1,1,"all_city_parameter_inputs"))} -> 南美洲 | F44: {=IF(AND(ISBLANK(INDIRECT(ADDRESS(B44,2,1,1,"all_city_parameter_inputs"))), ISBLANK(INDIRECT(ADDRESS(B44,1,1,1,"all_city_parameter_inputs")))), "", IF(ISBLANK(INDIRECT(ADDRESS(B44,1,1,1,"all_city_parameter_inputs"))), All_city_list!F43,INDIRECT(ADDRESS(B44,1,1,1,"all_city_parameter_inputs"))))} -> rail_walk_time | G44: {=IF(AND(ISBLANK(INDIRECT(ADDRESS(B44,3,1,1,"all_city_parameter_inputs"))),ISBLANK(INDIRECT(ADDRESS(B44,2,1,1,"all_city_parameter_inputs")))),"",IF(ISBLANK(INDIRECT(ADDRESS(B44,2,1,1,"all_city_parameter_inputs"))),"",INDIRECT(ADDRESS(B44,2,1,1,"all_city_parameter_inputs"))))} -> constant | H44: {=IF(ISBLANK(INDIRECT(ADDRESS(B44,A44,1,1,"all_city_parameter_inputs"))), "--",INDIRECT(ADDRESS(B44,A44,1,1,"all_city_parameter_inputs")))} -> 12.5 | I44: =IF(OR(G44="alpha",G44="beta",G44="sd",G44="mean"),"--",VLOOKUP(C44,Default!$B$5:$H$114,7,FALSE)) -> 12.5 | J44: =VLOOKUP(F44,Lookup!$C$5:$D$110,2, FALSE) -> Travel values | K44: =VLOOKUP(C44,Default!$B$4:$E$114,4, FALSE) -> time taken to walk to train station | L44: {=IF(ISNA(VLOOKUP($D44,Grouped_Sources!$C:$C,1,FALSE)),"", INDIRECT(VLOOKUP($D44,Grouped_Sources!$C:$I,5,FALSE)))} | M44: {=IF(ISNA(VLOOKUP($D44,Grouped_Sources!$C:$C,1,FALSE)),"", INDIRECT(VLOOKUP($D44,Grouped_Sources!$C:$I,6,FALSE)))} | N44: {=IF(ISNA(VLOOKUP($D44,Grouped_Sources!$C:$C,1,FALSE)),"", INDIRECT(VLOOKUP($D44,Grouped_Sources!$C:$I,7,FALSE)))}
A45: 3 | B45: 43 | C45: =IF(G45 = "",F45,IF(OR(G45="alpha",G45="beta",G45="constant",G45="sd",G45="mean",G45="sample"),F45,F45&" "&G45)) -> rail_walk_time | D45: =F45&"_"&E45 -> rail_walk_time_南美洲 | E45: {=INDIRECT(ADDRESS(1,A45,1,1,"all_city_parameter_inputs"))} -> 南美洲 | F45: {=IF(AND(ISBLANK(INDIRECT(ADDRESS(B45,2,1,1,"all_city_parameter_inputs"))), ISBLANK(INDIRECT(ADDRESS(B45,1,1,1,"all_city_parameter_inputs")))), "", IF(ISBLANK(INDIRECT(ADDRESS(B45,1,1,1,"all_city_parameter_inputs"))), All_city_list!F44,INDIRECT(ADDRESS(B45,1,1,1,"all_city_parameter_inputs"))))} -> rail_walk_time | G45: {=IF(AND(ISBLANK(INDIRECT(ADDRESS(B45,3,1,1,"all_city_parameter_inputs"))),ISBLANK(INDIRECT(ADDRESS(B45,2,1,1,"all_city_parameter_inputs")))),"",IF(ISBLANK(INDIRECT(ADDRESS(B45,2,1,1,"all_city_parameter_inputs"))),"",INDIRECT(ADDRESS(B45,2,1,1,"all_city_parameter_inputs"))))} -> mean | H45: {=IF(ISBLANK(INDIRECT(ADDRESS(B45,A45,1,1,"all_city_parameter_inputs"))), "--",INDIRECT(ADDRESS(B45,A45,1,1,"all_city_parameter_inputs")))} -> -- | I45: =IF(OR(G45="alpha",G45="beta",G45="sd",G45="mean"),"--",VLOOKUP(C45,Default!$B$5:$H$114,7,FALSE)) -> -- | J45: =VLOOKUP(F45,Lookup!$C$5:$D$110,2, FALSE) -> Travel values | K45: =VLOOKUP(C45,Default!$B$4:$E$114,4, FALSE) -> time taken to walk to train station | L45: {=IF(ISNA(VLOOKUP($D45,Grouped_Sources!$C:$C,1,FALSE)),"", INDIRECT(VLOOKUP($D45,Grouped_Sources!$C:$I,5,FALSE)))} | M45: {=IF(ISNA(VLOOKUP($D45,Grouped_Sources!$C:$C,1,FALSE)),"", INDIRECT(VLOOKUP($D45,Grouped_Sources!$C:$I,6,FALSE)))} | N45: {=IF(ISNA(VLOOKUP($D45,Grouped_Sources!$C:$C,1,FALSE)),"", INDIRECT(VLOOKUP($D45,Grouped_Sources!$C:$I,7,FALSE)))}
A46: 3 | B46: 44 | C46: =IF(G46 = "",F46,IF(OR(G46="alpha",G46="beta",G46="constant",G46="sd",G46="mean",G46="sample"),F46,F46&" "&G46)) -> rail_walk_time | D46: =F46&"_"&E46 -> rail_walk_time_南美洲 | E46: {=INDIRECT(ADDRESS(1,A46,1,1,"all_city_parameter_inputs"))} -> 南美洲 | F46: {=IF(AND(ISBLANK(INDIRECT(ADDRESS(B46,2,1,1,"all_city_parameter_inputs"))), ISBLANK(INDIRECT(ADDRESS(B46,1,1,1,"all_city_parameter_inputs")))), "", IF(ISBLANK(INDIRECT(ADDRESS(B46,1,1,1,"all_city_parameter_inputs"))), All_city_list!F45,INDIRECT(ADDRESS(B46,1,1,1,"all_city_parameter_inputs"))))} -> rail_walk_time | G46: {=IF(AND(ISBLANK(INDIRECT(ADDRESS(B46,3,1,1,"all_city_parameter_inputs"))),ISBLANK(INDIRECT(ADDRESS(B46,2,1,1,"all_city_parameter_inputs")))),"",IF(ISBLANK(INDIRECT(ADDRESS(B46,2,1,1,"all_city_parameter_inputs"))),"",INDIRECT(ADDRESS(B46,2,1,1,"all_city_parameter_inputs"))))} -> sd | H46: {=IF(ISBLANK(INDIRECT(ADDRESS(B46,A46,1,1,"all_city_parameter_inputs"))), "--",INDIRECT(ADDRESS(B46,A46,1,1,"all_city_parameter_inputs")))} -> -- | I46: =IF(OR(G46="alpha",G46="beta",G46="sd",G46="mean"),"--",VLOOKUP(C46,Default!$B$5:$H$114,7,FALSE)) -> -- | J46: =VLOOKUP(F46,Lookup!$C$5:$D$110,2, FALSE) -> Travel values | K46: =VLOOKUP(C46,Default!$B$4:$E$114,4, FALSE) -> time taken to walk to train station | L46: Bogotá travel survey contains motorcycle trips
A47: 3 | B47: 45 | C47: =IF(G47 = "",F47,IF(OR(G47="alpha",G47="beta",G47="constant",G47="sd",G47="mean",G47="sample"),F47,F47&" "&G47)) -> add_personal_motorcycle_trips | D47: =F47&"_"&E47 -> add_personal_motorcycle_trips_南美洲 | E47: {=INDIRECT(ADDRESS(1,A47,1,1,"all_city_parameter_inputs"))} -> 南美洲 | F47: {=IF(AND(ISBLANK(INDIRECT(ADDRESS(B47,2,1,1,"all_city_parameter_inputs"))), ISBLANK(INDIRECT(ADDRESS(B47,1,1,1,"all_city_parameter_inputs")))), "", IF(ISBLANK(INDIRECT(ADDRESS(B47,1,1,1,"all_city_parameter_inputs"))), All_city_list!F46,INDIRECT(ADDRESS(B47,1,1,1,"all_city_parameter_inputs"))))} -> add_personal_motorcycle_trips | G47: {=IF(AND(ISBLANK(INDIRECT(ADDRESS(B47,3,1,1,"all_city_parameter_inputs"))),ISBLANK(INDIRECT(ADDRESS(B47,2,1,1,"all_city_parameter_inputs")))),"",IF(ISBLANK(INDIRECT(ADDRESS(B47,2,1,1,"all_city_parameter_inputs"))),"",INDIRECT(ADDRESS(B47,2,1,1,"all_city_parameter_inputs"))))} | H47: {=IF(ISBLANK(INDIRECT(ADDRESS(B47,A47,1,1,"all_city_parameter_inputs"))), "--",INDIRECT(ADDRESS(B47,A47,1,1,"all_city_parameter_inputs")))} -> no | I47: =IF(OR(G47="alpha",G47="beta",G47="sd",G47="mean"),"--",VLOOKUP(C47,Default!$B$5:$H$114,7,FALSE)) -> no | J47: =VLOOKUP(F47,Lookup!$C$5:$D$110,2, FALSE) -> Travel values | K47: =VLOOKUP(C47,Default!$B$4:$E$114,4, FALSE) -> if set to 'no', does not add any personal journey motorcycle trip. If set to 'Chile' add motorcycle trips based on Chilean data. Used if no motorcycle trips exist in the travel survey at all | L47: Bogotá travel survey contains motorcycle trips
A48: 3 | B48: 46 | C48: =IF(G48 = "",F48,IF(OR(G48="alpha",G48="beta",G48="constant",G48="sd",G48="mean",G48="sample"),F48,F48&" "&G48)) -> proportion_motorcycle_trips | D48: =F48&"_"&E48 -> proportion_motorcycle_trips_南美洲 | E48: {=INDIRECT(ADDRESS(1,A48,1,1,"all_city_parameter_inputs"))} -> 南美洲 | F48: {=IF(AND(ISBLANK(INDIRECT(ADDRESS(B48,2,1,1,"all_city_parameter_inputs"))), ISBLANK(INDIRECT(ADDRESS(B48,1,1,1,"all_city_parameter_inputs")))), "", IF(ISBLANK(INDIRECT(ADDRESS(B48,1,1,1,"all_city_parameter_inputs"))), All_city_list!F47,INDIRECT(ADDRESS(B48,1,1,1,"all_city_parameter_inputs"))))} -> proportion_motorcycle_trips | G48: {=IF(AND(ISBLANK(INDIRECT(ADDRESS(B48,3,1,1,"all_city_parameter_inputs"))),ISBLANK(INDIRECT(ADDRESS(B48,2,1,1,"all_city_parameter_inputs")))),"",IF(ISBLANK(INDIRECT(ADDRESS(B48,2,1,1,"all_city_parameter_inputs"))),"",INDIRECT(ADDRESS(B48,2,1,1,"all_city_parameter_inputs"))))} -> constant | H48: {=IF(ISBLANK(INDIRECT(ADDRESS(B48,A48,1,1,"all_city_parameter_inputs"))), "--",INDIRECT(ADDRESS(B48,A48,1,1,"all_city_parameter_inputs")))} -> 0 | I48: =IF(OR(G48="alpha",G48="beta",G48="sd",G48="mean"),"--",VLOOKUP(C48,Default!$B$5:$H$114,7,FALSE)) -> 0 | J48: =VLOOKUP(F48,Lookup!$C$5:$D$110,2, FALSE) -> Travel values | K48: =VLOOKUP(C48,Default!$B$4:$E$114,4, FALSE) -> proportion of travel survey trips that should be added as motorcycle trips | L48: {=IF(ISNA(VLOOKUP($D48,Grouped_Sources!$C:$C,1,FALSE)),"", INDIRECT(VLOOKUP($D48,Grouped_Sources!$C:$I,5,FALSE)))} | M48: {=IF(ISNA(VLOOKUP($D48,Grouped_Sources!$C:$C,1,FALSE)),"", INDIRECT(VLOOKUP($D48,Grouped_Sources!$C:$I,6,FALSE)))} | N48: {=IF(ISNA(VLOOKUP($D48,Grouped_Sources!$C:$C,1,FALSE)),"", INDIRECT(VLOOKUP($D48,Grouped_Sources!$C:$I,7,FALSE)))}
A49: 3 | B49: 47 | C49: =IF(G49 = "",F49,IF(OR(G49="alpha",G49="beta",G49="constant",G49="sd",G49="mean",G49="sample"),F49,F49&" "&G49)) -> proportion_motorcycle_trips | D49: =F49&"_"&E49 -> proportion_motorcycle_trips_南美洲 | E49: {=INDIRECT(ADDRESS(1,A49,1,1,"all_city_parameter_inputs"))} -> 南美洲 | F49: {=IF(AND(ISBLANK(INDIRECT(ADDRESS(B49,2,1,1,"all_city_parameter_inputs"))), ISBLANK(INDIRECT(ADDRESS(B49,1,1,1,"all_city_parameter_inputs")))), "", IF(ISBLANK(INDIRECT(ADDRESS(B49,1,1,1,"all_city_parameter_inputs"))), All_city_list!F48,INDIRECT(ADDRESS(B49,1,1,1,"all_city_parameter_inputs"))))} -> proportion_motorcycle_trips | G49: {=IF(AND(ISBLANK(INDIRECT(ADDRESS(B49,3,1,1,"all_city_parameter_inputs"))),ISBLANK(INDIRECT(ADDRESS(B49,2,1,1,"all_city_parameter_inputs")))),"",IF(ISBLANK(INDIRECT(ADDRESS(B49,2,1,1,"all_city_parameter_inputs"))),"",INDIRECT(ADDRESS(B49,2,1,1,"all_city_parameter_inputs"))))} -> alpha | H49: {=IF(ISBLANK(INDIRECT(ADDRESS(B49,A49,1,1,"all_city_parameter_inputs"))), "--",INDIRECT(ADDRESS(B49,A49,1,1,"all_city_parameter_inputs")))} -> -- | I49: =IF(OR(G49="alpha",G49="beta",G49="sd",G49="mean"),"--",VLOOKUP(C49,Default!$B$5:$H$114,7,FALSE)) -> -- | J49: =VLOOKUP(F49,Lookup!$C$5:$D$110,2, FALSE) -> Travel values | K49: =VLOOKUP(C49,Default!$B$4:$E$114,4, FALSE) -> proportion of travel survey trips that should be added as motorcycle trips | L49: {=IF(ISNA(VLOOKUP($D49,Grouped_Sources!$C:$C,1,FALSE)),"", INDIRECT(VLOOKUP($D49,Grouped_Sources!$C:$I,5,FALSE)))} | M49: {=IF(ISNA(VLOOKUP($D49,Grouped_Sources!$C:$C,1,FALSE)),"", INDIRECT(VLOOKUP($D49,Grouped_Sources!$C:$I,6,FALSE)))} | N49: {=IF(ISNA(VLOOKUP($D49,Grouped_Sources!$C:$C,1,FALSE)),"", INDIRECT(VLOOKUP($D49,Grouped_Sources!$C:$I,7,FALSE)))}
A50: 3 | B50: 48 | C50: =IF(G50 = "",F50,IF(OR(G50="alpha",G50="beta",G50="constant",G50="sd",G50="mean",G50="sample"),F50,F50&" "&G50)) -> proportion_motorcycle_trips | D50: =F50&"_"&E50 -> proportion_motorcycle_trips_南美洲 | E50: {=INDIRECT(ADDRESS(1,A50,1,1,"all_city_parameter_inputs"))} -> 南美洲 | F50: {=IF(AND(ISBLANK(INDIRECT(ADDRESS(B50,2,1,1,"all_city_parameter_inputs"))), ISBLANK(INDIRECT(ADDRESS(B50,1,1,1,"all_city_parameter_inputs")))), "", IF(ISBLANK(INDIRECT(ADDRESS(B50,1,1,1,"all_city_parameter_inputs"))), All_city_list!F49,INDIRECT(ADDRESS(B50,1,1,1,"all_city_parameter_inputs"))))} -> proportion_motorcycle_trips | G50: {=IF(AND(ISBLANK(INDIRECT(ADDRESS(B50,3,1,1,"all_city_parameter_inputs"))),ISBLANK(INDIRECT(ADDRESS(B50,2,1,1,"all_city_parameter_inputs")))),"",IF(ISBLANK(INDIRECT(ADDRESS(B50,2,1,1,"all_city_parameter_inputs"))),"",INDIRECT(ADDRESS(B50,2,1,1,"all_city_parameter_inputs"))))} -> beta | H50: {=IF(ISBLANK(INDIRECT(ADDRESS(B50,A50,1,1,"all_city_parameter_inputs"))), "--",INDIRECT(ADDRESS(B50,A50,1,1,"all_city_parameter_inputs")))} -> -- | I50: =IF(OR(G50="alpha",G50="beta",G50="sd",G50="mean"),"--",VLOOKUP(C50,Default!$B$5:$H$114,7,FALSE)) -> -- | J50: =VLOOKUP(F50,Lookup!$C$5:$D$110,2, FALSE) -> Travel values | K50: =VLOOKUP(C50,Default!$B$4:$E$114,4, FALSE) -> proportion of travel survey trips that should be added as motorcycle trips | L50: want to add commercial motorcycle trips
A51: 3 | B51: 49 | C51: =IF(G51 = "",F51,IF(OR(G51="alpha",G51="beta",G51="constant",G51="sd",G51="mean",G51="sample"),F51,F51&" "&G51)) -> add_motorcycle_fleet | D51: =F51&"_"&E51 -> add_motorcycle_fleet_南美洲 | E51: {=INDIRECT(ADDRESS(1,A51,1,1,"all_city_parameter_inputs"))} -> 南美洲 | F51: {=IF(AND(ISBLANK(INDIRECT(ADDRESS(B51,2,1,1,"all_city_parameter_inputs"))), ISBLANK(INDIRECT(ADDRESS(B51,1,1,1,"all_city_parameter_inputs")))), "", IF(ISBLANK(INDIRECT(ADDRESS(B51,1,1,1,"all_city_parameter_inputs"))), All_city_list!F50,INDIRECT(ADDRESS(B51,1,1,1,"all_city_parameter_inputs"))))} -> add_motorcycle_fleet | G51: {=IF(AND(ISBLANK(INDIRECT(ADDRESS(B51,3,1,1,"all_city_parameter_inputs"))),ISBLANK(INDIRECT(ADDRESS(B51,2,1,1,"all_city_parameter_inputs")))),"",IF(ISBLANK(INDIRECT(ADDRESS(B51,2,1,1,"all_city_parameter_inputs"))),"",INDIRECT(ADDRESS(B51,2,1,1,"all_city_parameter_inputs"))))} | H51: {=IF(ISBLANK(INDIRECT(ADDRESS(B51,A51,1,1,"all_city_parameter_inputs"))), "--",INDIRECT(ADDRESS(B51,A51,1,1,"all_city_parameter_inputs")))} -> T | I51: =IF(OR(G51="alpha",G51="beta",G51="sd",G51="mean"),"--",VLOOKUP(C51,Default!$B$5:$H$114,7,FALSE)) -> T | J51: =VLOOKUP(F51,Lookup!$C$5:$D$110,2, FALSE) -> Travel values | K51: =VLOOKUP(C51,Default!$B$4:$E$114,4, FALSE) -> whether to add motorcylce ghost trips | L51: https://scioteca.caf.com/bitstream/handle/123456789/754/CAF%20LIBRO%20motos%20digital.pdf?sequence=1&isAllowed=y | M51: Rodríguez 2015
A52: 3 | B52: 50 | C52: =IF(G52 = "",F52,IF(OR(G52="alpha",G52="beta",G52="constant",G52="sd",G52="mean",G52="sample"),F52,F52&" "&G52)) -> fleet_to_motorcycle_ratio | D52: =F52&"_"&E52 -> fleet_to_motorcycle_ratio_南美洲 | E52: {=INDIRECT(ADDRESS(1,A52,1,1,"all_city_parameter_inputs"))} -> 南美洲 | F52: {=IF(AND(ISBLANK(INDIRECT(ADDRESS(B52,2,1,1,"all_city_parameter_inputs"))), ISBLANK(INDIRECT(ADDRESS(B52,1,1,1,"all_city_parameter_inputs")))), "", IF(ISBLANK(INDIRECT(ADDRESS(B52,1,1,1,"all_city_parameter_inputs"))), All_city_list!F51,INDIRECT(ADDRESS(B52,1,1,1,"all_city_parameter_inputs"))))} -> fleet_to_motorcycle_ratio | G52: {=IF(AND(ISBLANK(INDIRECT(ADDRESS(B52,3,1,1,"all_city_parameter_inputs"))),ISBLANK(INDIRECT(ADDRESS(B52,2,1,1,"all_city_parameter_inputs")))),"",IF(ISBLANK(INDIRECT(ADDRESS(B52,2,1,1,"all_city_parameter_inputs"))),"",INDIRECT(ADDRESS(B52,2,1,1,"all_city_parameter_inputs"))))} -> constant | H52: {=IF(ISBLANK(INDIRECT(ADDRESS(B52,A52,1,1,"all_city_parameter_inputs"))), "--",INDIRECT(ADDRESS(B52,A52,1,1,"all_city_parameter_inputs")))} -> 0.44117647 | I52: =IF(OR(G52="alpha",G52="beta",G52="sd",G52="mean"),"--",VLOOKUP(C52,Default!$B$5:$H$114,7,FALSE)) -> 0.44117647 | J52: =VLOOKUP(F52,Lookup!$C$5:$D$110,2, FALSE) -> Travel values | K52: =VLOOKUP(C52,Default!$B$4:$E$114,4, FALSE) -> ratio of missing motorbike trips, e.g. if ratio = 0.6 and total trip distance in survey is 400, then want to add 600 km of motorbike trips. | L52: {=IF(ISNA(VLOOKUP($D52,Grouped_Sources!$C:$C,1,FALSE)),"", INDIRECT(VLOOKUP($D52,Grouped_Sources!$C:$I,5,FALSE)))} | M52: {=IF(ISNA(VLOOKUP($D52,Grouped_Sources!$C:$C,1,FALSE)),"", INDIRECT(VLOOKUP($D52,Grouped_Sources!$C:$I,6,FALSE)))} | N52: {=IF(ISNA(VLOOKUP($D52,Grouped_Sources!$C:$C,1,FALSE)),"", INDIRECT(VLOOKUP($D52,Grouped_Sources!$C:$I,7,FALSE)))}
A53: 3 | B53: 51 | C53: =IF(G53 = "",F53,IF(OR(G53="alpha",G53="beta",G53="constant",G53="sd",G53="mean",G53="sample"),F53,F53&" "&G53)) -> fleet_to_motorcycle_ratio | D53: =F53&"_"&E53 -> fleet_to_motorcycle_ratio_南美洲 | E53: {=INDIRECT(ADDRESS(1,A53,1,1,"all_city_parameter_inputs"))} -> 南美洲 | F53: {=IF(AND(ISBLANK(INDIRECT(ADDRESS(B53,2,1,1,"all_city_parameter_inputs"))), ISBLANK(INDIRECT(ADDRESS(B53,1,1,1,"all_city_parameter_inputs")))), "", IF(ISBLANK(INDIRECT(ADDRESS(B53,1,1,1,"all_city_parameter_inputs"))), All_city_list!F52,INDIRECT(ADDRESS(B53,1,1,1,"all_city_parameter_inputs"))))} -> fleet_to_motorcycle_ratio | G53: {=IF(AND(ISBLANK(INDIRECT(ADDRESS(B53,3,1,1,"all_city_parameter_inputs"))),ISBLANK(INDIRECT(ADDRESS(B53,2,1,1,"all_city_parameter_inputs")))),"",IF(ISBLANK(INDIRECT(ADDRESS(B53,2,1,1,"all_city_parameter_inputs"))),"",INDIRECT(ADDRESS(B53,2,1,1,"all_city_parameter_inputs"))))} -> alpha | H53: {=IF(ISBLANK(INDIRECT(ADDRESS(B53,A53,1,1,"all_city_parameter_inputs"))), "--",INDIRECT(ADDRESS(B53,A53,1,1,"all_city_parameter_inputs")))} -> -- | I53: =IF(OR(G53="alpha",G53="beta",G53="sd",G53="mean"),"--",VLOOKUP(C53,Default!$B$5:$H$114,7,FALSE)) -> -- | J53: =VLOOKUP(F53,Lookup!$C$5:$D$110,2, FALSE) -> Travel values | K53: =VLOOKUP(C53,Default!$B$4:$E$114,4, FALSE) -> ratio of missing motorbike trips, e.g. if ratio = 0.6 and total trip distance in survey is 400, then want to add 600 km of motorbike trips. | L53: {=IF(ISNA(VLOOKUP($D53,Grouped_Sources!$C:$C,1,FALSE)),"", INDIRECT(VLOOKUP($D53,Grouped_Sources!$C:$I,5,FALSE)))} | M53: {=IF(ISNA(VLOOKUP($D53,Grouped_Sources!$C:$C,1,FALSE)),"", INDIRECT(VLOOKUP($D53,Grouped_Sources!$C:$I,6,FALSE)))} | N53: {=IF(ISNA(VLOOKUP($D53,Grouped_Sources!$C:$C,1,FALSE)),"", INDIRECT(VLOOKUP($D53,Grouped_Sources!$C:$I,7,FALSE)))}
A54: 3 | B54: 52 | C54: =IF(G54 = "",F54,IF(OR(G54="alpha",G54="beta",G54="constant",G54="sd",G54="mean",G54="sample"),F54,F54&" "&G54)) -> fleet_to_motorcycle_ratio | D54: =F54&"_"&E54 -> fleet_to_motorcycle_ratio_南美洲 | E54: {=INDIRECT(ADDRESS(1,A54,1,1,"all_city_parameter_inputs"))} -> 南美洲 | F54: {=IF(AND(ISBLANK(INDIRECT(ADDRESS(B54,2,1,1,"all_city_parameter_inputs"))), ISBLANK(INDIRECT(ADDRESS(B54,1,1,1,"all_city_parameter_inputs")))), "", IF(ISBLANK(INDIRECT(ADDRESS(B54,1,1,1,"all_city_parameter_inputs"))), All_city_list!F53,INDIRECT(ADDRESS(B54,1,1,1,"all_city_parameter_inputs"))))} -> fleet_to_motorcycle_ratio | G54: {=IF(AND(ISBLANK(INDIRECT(ADDRESS(B54,3,1,1,"all_city_parameter_inputs"))),ISBLANK(INDIRECT(ADDRESS(B54,2,1,1,"all_city_parameter_inputs")))),"",IF(ISBLANK(INDIRECT(ADDRESS(B54,2,1,1,"all_city_parameter_inputs"))),"",INDIRECT(ADDRESS(B54,2,1,1,"all_city_parameter_inputs"))))} -> beta | H54: {=IF(ISBLANK(INDIRECT(ADDRESS(B54,A54,1,1,"all_city_parameter_inputs"))), "--",INDIRECT(ADDRESS(B54,A54,1,1,"all_city_parameter_inputs")))} -> -- | I54: =IF(OR(G54="alpha",G54="beta",G54="sd",G54="mean"),"--",VLOOKUP(C54,Default!$B$5:$H$114,7,FALSE)) -> -- | J54: =VLOOKUP(F54,Lookup!$C$5:$D$110,2, FALSE) -> Travel values | K54: =VLOOKUP(C54,Default!$B$4:$E$114,4, FALSE) -> ratio of missing motorbike trips, e.g. if ratio = 0.6 and total trip distance in survey is 400, then want to add 600 km of motorbike trips. | L54: Not used for constant run
A55: 3 | B55: 53 | C55: =IF(G55 = "",F55,IF(OR(G55="alpha",G55="beta",G55="constant",G55="sd",G55="mean",G55="sample"),F55,F55&" "&G55)) -> background_pa_confidence | D55: =F55&"_"&E55 -> background_pa_confidence_南美洲 | E55: {=INDIRECT(ADDRESS(1,A55,1,1,"all_city_parameter_inputs"))} -> 南美洲 | F55: {=IF(AND(ISBLANK(INDIRECT(ADDRESS(B55,2,1,1,"all_city_parameter_inputs"))), ISBLANK(INDIRECT(ADDRESS(B55,1,1,1,"all_city_parameter_inputs")))), "", IF(ISBLANK(INDIRECT(ADDRESS(B55,1,1,1,"all_city_parameter_inputs"))), All_city_list!F54,INDIRECT(ADDRESS(B55,1,1,1,"all_city_parameter_inputs"))))} -> background_pa_confidence | G55: {=IF(AND(ISBLANK(INDIRECT(ADDRESS(B55,3,1,1,"all_city_parameter_inputs"))),ISBLANK(INDIRECT(ADDRESS(B55,2,1,1,"all_city_parameter_inputs")))),"",IF(ISBLANK(INDIRECT(ADDRESS(B55,2,1,1,"all_city_parameter_inputs"))),"",INDIRECT(ADDRESS(B55,2,1,1,"all_city_parameter_inputs"))))} -> sample | H55: {=IF(ISBLANK(INDIRECT(ADDRESS(B55,A55,1,1,"all_city_parameter_inputs"))), "--",INDIRECT(ADDRESS(B55,A55,1,1,"all_city_parameter_inputs")))} -> -- | I55: =IF(OR(G55="alpha",G55="beta",G55="sd",G55="mean"),"--",VLOOKUP(C55,Default!$B$5:$H$114,7,FALSE)) -> 1 | J55: =VLOOKUP(F55,Lookup!$C$5:$D$110,2, FALSE) -> PA values | K55: =VLOOKUP(C55,Default!$B$4:$E$114,4, FALSE) -> how confident we are in the PA survey (in terms of number of people who report zero PA) | L55: Want to include all walk to pt trips
A56: 3 | B56: 54 | C56: =IF(G56 = "",F56,IF(OR(G56="alpha",G56="beta",G56="constant",G56="sd",G56="mean",G56="sample"),F56,F56&" "&G56)) -> add_walk_to_pt_trips | D56: =F56&"_"&E56 -> add_walk_to_pt_trips_南美洲 | E56: {=INDIRECT(ADDRESS(1,A56,1,1,"all_city_parameter_inputs"))} -> 南美洲 | F56: {=IF(AND(ISBLANK(INDIRECT(ADDRESS(B56,2,1,1,"all_city_parameter_inputs"))), ISBLANK(INDIRECT(ADDRESS(B56,1,1,1,"all_city_parameter_inputs")))), "", IF(ISBLANK(INDIRECT(ADDRESS(B56,1,1,1,"all_city_parameter_inputs"))), All_city_list!F55,INDIRECT(ADDRESS(B56,1,1,1,"all_city_parameter_inputs"))))} -> add_walk_to_pt_trips | G56: {=IF(AND(ISBLANK(INDIRECT(ADDRESS(B56,3,1,1,"all_city_parameter_inputs"))),ISBLANK(INDIRECT(ADDRESS(B56,2,1,1,"all_city_parameter_inputs")))),"",IF(ISBLANK(INDIRECT(ADDRESS(B56,2,1,1,"all_city_parameter_inputs"))),"",INDIRECT(ADDRESS(B56,2,1,1,"all_city_parameter_inputs"))))} | H56: {=IF(ISBLANK(INDIRECT(ADDRESS(B56,A56,1,1,"all_city_parameter_inputs"))), "--",INDIRECT(ADDRESS(B56,A56,1,1,"all_city_parameter_inputs")))} -> T | I56: =IF(OR(G56="alpha",G56="beta",G56="sd",G56="mean"),"--",VLOOKUP(C56,Default!$B$5:$H$114,7,FALSE)) -> T | J56: =VLOOKUP(F56,Lookup!$C$5:$D$110,2, FALSE) -> Travel values | K56: =VLOOKUP(C56,Default!$B$4:$E$114,4, FALSE) -> whether to add walk component to trips with main mode bus | L56: WRI Mexico: https://www.dtpm.cl/descargas/estudios/Estudio%20evaluaci%C3%B3n%20Transantiago%202016.pdf Camara de comercio: https://bibliotecadigital.ccb.org.co/handle/11520/25083 | M56: Get number of passengers per km, speed and passenger duration from WRI Mèxico, Cámara de comercio de Bogotá gives proportion of each bus type
A57: 3 | B57: 55 | C57: =IF(G57 = "",F57,IF(OR(G57="alpha",G57="beta",G57="constant",G57="sd",G57="mean",G57="sample"),F57,F57&" "&G57)) -> bus_to_passenger_ratio | D57: =F57&"_"&E57 -> bus_to_passenger_ratio_南美洲 | E57: {=INDIRECT(ADDRESS(1,A57,1,1,"all_city_parameter_inputs"))} -> 南美洲 | F57: {=IF(AND(ISBLANK(INDIRECT(ADDRESS(B57,2,1,1,"all_city_parameter_inputs"))), ISBLANK(INDIRECT(ADDRESS(B57,1,1,1,"all_city_parameter_inputs")))), "", IF(ISBLANK(INDIRECT(ADDRESS(B57,1,1,1,"all_city_parameter_inputs"))), All_city_list!F56,INDIRECT(ADDRESS(B57,1,1,1,"all_city_parameter_inputs"))))} -> bus_to_passenger_ratio | G57: {=IF(AND(ISBLANK(INDIRECT(ADDRESS(B57,3,1,1,"all_city_parameter_inputs"))),ISBLANK(INDIRECT(ADDRESS(B57,2,1,1,"all_city_parameter_inputs")))),"",IF(ISBLANK(INDIRECT(ADDRESS(B57,2,1,1,"all_city_parameter_inputs"))),"",INDIRECT(ADDRESS(B57,2,1,1,"all_city_parameter_inputs"))))} -> constant | H57: {=IF(ISBLANK(INDIRECT(ADDRESS(B57,A57,1,1,"all_city_parameter_inputs"))), "--",INDIRECT(ADDRESS(B57,A57,1,1,"all_city_parameter_inputs")))} -> 0.038910506 | I57: =IF(OR(G57="alpha",G57="beta",G57="sd",G57="mean"),"--",VLOOKUP(C57,Default!$B$5:$H$114,7,FALSE)) -> 0.038910506 | J57: =VLOOKUP(F57,Lookup!$C$5:$D$110,2, FALSE) -> Travel values | K57: =VLOOKUP(C57,Default!$B$4:$E$114,4, FALSE) -> number of buses per passenger | L57: {=IF(ISNA(VLOOKUP($D57,Grouped_Sources!$C:$C,1,FALSE)),"", INDIRECT(VLOOKUP($D57,Grouped_Sources!$C:$I,5,FALSE)))} | M57: {=IF(ISNA(VLOOKUP($D57,Grouped_Sources!$C:$C,1,FALSE)),"", INDIRECT(VLOOKUP($D57,Grouped_Sources!$C:$I,6,FALSE)))} | N57: {=IF(ISNA(VLOOKUP($D57,Grouped_Sources!$C:$C,1,FALSE)),"", INDIRECT(VLOOKUP($D57,Grouped_Sources!$C:$I,7,FALSE)))}
A58: 3 | B58: 56 | C58: =IF(G58 = "",F58,IF(OR(G58="alpha",G58="beta",G58="constant",G58="sd",G58="mean",G58="sample"),F58,F58&" "&G58)) -> bus_to_passenger_ratio | D58: =F58&"_"&E58 -> bus_to_passenger_ratio_南美洲 | E58: {=INDIRECT(ADDRESS(1,A58,1,1,"all_city_parameter_inputs"))} -> 南美洲 | F58: {=IF(AND(ISBLANK(INDIRECT(ADDRESS(B58,2,1,1,"all_city_parameter_inputs"))), ISBLANK(INDIRECT(ADDRESS(B58,1,1,1,"all_city_parameter_inputs")))), "", IF(ISBLANK(INDIRECT(ADDRESS(B58,1,1,1,"all_city_parameter_inputs"))), All_city_list!F57,INDIRECT(ADDRESS(B58,1,1,1,"all_city_parameter_inputs"))))} -> bus_to_passenger_ratio | G58: {=IF(AND(ISBLANK(INDIRECT(ADDRESS(B58,3,1,1,"all_city_parameter_inputs"))),ISBLANK(INDIRECT(ADDRESS(B58,2,1,1,"all_city_parameter_inputs")))),"",IF(ISBLANK(INDIRECT(ADDRESS(B58,2,1,1,"all_city_parameter_inputs"))),"",INDIRECT(ADDRESS(B58,2,1,1,"all_city_parameter_inputs"))))} -> alpha | H58: {=IF(ISBLANK(INDIRECT(ADDRESS(B58,A58,1,1,"all_city_parameter_inputs"))), "--",INDIRECT(ADDRESS(B58,A58,1,1,"all_city_parameter_inputs")))} -> -- | I58: =IF(OR(G58="alpha",G58="beta",G58="sd",G58="mean"),"--",VLOOKUP(C58,Default!$B$5:$H$114,7,FALSE)) -> -- | J58: =VLOOKUP(F58,Lookup!$C$5:$D$110,2, FALSE) -> Travel values | K58: =VLOOKUP(C58,Default!$B$4:$E$114,4, FALSE) -> number of buses per passenger | L58: {=IF(ISNA(VLOOKUP($D58,Grouped_Sources!$C:$C,1,FALSE)),"", INDIRECT(VLOOKUP($D58,Grouped_Sources!$C:$I,5,FALSE)))} | M58: {=IF(ISNA(VLOOKUP($D58,Grouped_Sources!$C:$C,1,FALSE)),"", INDIRECT(VLOOKUP($D58,Grouped_Sources!$C:$I,6,FALSE)))} | N58: {=IF(ISNA(VLOOKUP($D58,Grouped_Sources!$C:$C,1,FALSE)),"", INDIRECT(VLOOKUP($D58,Grouped_Sources!$C:$I,7,FALSE)))}
A59: 3 | B59: 57 | C59: =IF(G59 = "",F59,IF(OR(G59="alpha",G59="beta",G59="constant",G59="sd",G59="mean",G59="sample"),F59,F59&" "&G59)) -> bus_to_passenger_ratio | D59: =F59&"_"&E59 -> bus_to_passenger_ratio_南美洲 | E59: {=INDIRECT(ADDRESS(1,A59,1,1,"all_city_parameter_inputs"))} -> 南美洲 | F59: {=IF(AND(ISBLANK(INDIRECT(ADDRESS(B59,2,1,1,"all_city_parameter_inputs"))), ISBLANK(INDIRECT(ADDRESS(B59,1,1,1,"all_city_parameter_inputs")))), "", IF(ISBLANK(INDIRECT(ADDRESS(B59,1,1,1,"all_city_parameter_inputs"))), All_city_list!F58,INDIRECT(ADDRESS(B59,1,1,1,"all_city_parameter_inputs"))))} -> bus_to_passenger_ratio | G59: {=IF(AND(ISBLANK(INDIRECT(ADDRESS(B59,3,1,1,"all_city_parameter_inputs"))),ISBLANK(INDIRECT(ADDRESS(B59,2,1,1,"all_city_parameter_inputs")))),"",IF(ISBLANK(INDIRECT(ADDRESS(B59,2,1,1,"all_city_parameter_inputs"))),"",INDIRECT(ADDRESS(B59,2,1,1,"all_city_parameter_inputs"))))} -> beta | H59: {=IF(ISBLANK(INDIRECT(ADDRESS(B59,A59,1,1,"all_city_parameter_inputs"))), "--",INDIRECT(ADDRESS(B59,A59,1,1,"all_city_parameter_inputs")))} -> -- | I59: =IF(OR(G59="alpha",G59="beta",G59="sd",G59="mean"),"--",VLOOKUP(C59,Default!$B$5:$H$114,7,FALSE)) -> -- | J59: =VLOOKUP(F59,Lookup!$C$5:$D$110,2, FALSE) -> Travel values | K59: =VLOOKUP(C59,Default!$B$4:$E$114,4, FALSE) -> number of buses per passenger | L59: Banco de desarollog: https://publications.iadb.org/publications/spanish/document/Congestion-urbana-en-America-Latina-y-el-Caribe-Caracter%C3%ADsticas-costos-mitigacion.pdf Cano Torres: CANO TORRES, A.M., RODRIGUEZ DURÁN, S. 2018. Influencia de los vehículos de carga pesada en la congestión vial de la ciudad de Bogotá D.C., Colombia | M59: Banco de desarollo to get car vehicle kilometres travelled by car and Cano Torres to get HGV km
A60: 3 | B60: 58 | C60: =IF(G60 = "",F60,IF(OR(G60="alpha",G60="beta",G60="constant",G60="sd",G60="mean",G60="sample"),F60,F60&" "&G60)) -> truck_to_car_ratio | D60: =F60&"_"&E60 -> truck_to_car_ratio_南美洲 | E60: {=INDIRECT(ADDRESS(1,A60,1,1,"all_city_parameter_inputs"))} -> 南美洲 | F60: {=IF(AND(ISBLANK(INDIRECT(ADDRESS(B60,2,1,1,"all_city_parameter_inputs"))), ISBLANK(INDIRECT(ADDRESS(B60,1,1,1,"all_city_parameter_inputs")))), "", IF(ISBLANK(INDIRECT(ADDRESS(B60,1,1,1,"all_city_parameter_inputs"))), All_city_list!F59,INDIRECT(ADDRESS(B60,1,1,1,"all_city_parameter_inputs"))))} -> truck_to_car_ratio | G60: {=IF(AND(ISBLANK(INDIRECT(ADDRESS(B60,3,1,1,"all_city_parameter_inputs"))),ISBLANK(INDIRECT(ADDRESS(B60,2,1,1,"all_city_parameter_inputs")))),"",IF(ISBLANK(INDIRECT(ADDRESS(B60,2,1,1,"all_city_parameter_inputs"))),"",INDIRECT(ADDRESS(B60,2,1,1,"all_city_parameter_inputs"))))} -> constant | H60: {=IF(ISBLANK(INDIRECT(ADDRESS(B60,A60,1,1,"all_city_parameter_inputs"))), "--",INDIRECT(ADDRESS(B60,A60,1,1,"all_city_parameter_inputs")))} -> 0.3 | I60: =IF(OR(G60="alpha",G60="beta",G60="sd",G60="mean"),"--",VLOOKUP(C60,Default!$B$5:$H$114,7,FALSE)) -> 0.3 | J60: =VLOOKUP(F60,Lookup!$C$5:$D$110,2, FALSE) -> Travel values | K60: =VLOOKUP(C60,Default!$B$4:$E$114,4, FALSE) -> ratio of truck kilometers to car km travelled, used to add ghost trips that are not changed between the different scenarios | L60: {=IF(ISNA(VLOOKUP($D60,Grouped_Sources!$C:$C,1,FALSE)),"", INDIRECT(VLOOKUP($D60,Grouped_Sources!$C:$I,5,FALSE)))} | M60: {=IF(ISNA(VLOOKUP($D60,Grouped_Sources!$C:$C,1,FALSE)),"", INDIRECT(VLOOKUP($D60,Grouped_Sources!$C:$I,6,FALSE)))} | N60: {=IF(ISNA(VLOOKUP($D60,Grouped_Sources!$C:$C,1,FALSE)),"", INDIRECT(VLOOKUP($D60,Grouped_Sources!$C:$I,7,FALSE)))}
A61: 3 | B61: 59 | C61: =IF(G61 = "",F61,IF(OR(G61="alpha",G61="beta",G61="constant",G61="sd",G61="mean",G61="sample"),F61,F61&" "&G61)) -> truck_to_car_ratio | D61: =F61&"_"&E61 -> truck_to_car_ratio_南美洲 | E61: {=INDIRECT(ADDRESS(1,A61,1,1,"all_city_parameter_inputs"))} -> 南美洲 | F61: {=IF(AND(ISBLANK(INDIRECT(ADDRESS(B61,2,1,1,"all_city_parameter_inputs"))), ISBLANK(INDIRECT(ADDRESS(B61,1,1,1,"all_city_parameter_inputs")))), "", IF(ISBLANK(INDIRECT(ADDRESS(B61,1,1,1,"all_city_parameter_inputs"))), All_city_list!F60,INDIRECT(ADDRESS(B61,1,1,1,"all_city_parameter_inputs"))))} -> truck_to_car_ratio | G61: {=IF(AND(ISBLANK(INDIRECT(ADDRESS(B61,3,1,1,"all_city_parameter_inputs"))),ISBLANK(INDIRECT(ADDRESS(B61,2,1,1,"all_city_parameter_inputs")))),"",IF(ISBLANK(INDIRECT(ADDRESS(B61,2,1,1,"all_city_parameter_inputs"))),"",INDIRECT(ADDRESS(B61,2,1,1,"all_city_parameter_inputs"))))} -> alpha | H61: {=IF(ISBLANK(INDIRECT(ADDRESS(B61,A61,1,1,"all_city_parameter_inputs"))), "--",INDIRECT(ADDRESS(B61,A61,1,1,"all_city_parameter_inputs")))} -> -- | I61: =IF(OR(G61="alpha",G61="beta",G61="sd",G61="mean"),"--",VLOOKUP(C61,Default!$B$5:$H$114,7,FALSE)) -> -- | J61: =VLOOKUP(F61,Lookup!$C$5:$D$110,2, FALSE) -> Travel values | K61: =VLOOKUP(C61,Default!$B$4:$E$114,4, FALSE) -> ratio of truck kilometers to car km travelled, used to add ghost trips that are not changed between the different scenarios | L61: {=IF(ISNA(VLOOKUP(D61,Grouped_Sources!$C:$C,1,FALSE)),"", INDIRECT(VLOOKUP(D61,Grouped_Sources!$C:$G,5,FALSE)))}
A62: 3 | B62: 60 | C62: =IF(G62 = "",F62,IF(OR(G62="alpha",G62="beta",G62="constant",G62="sd",G62="mean",G62="sample"),F62,F62&" "&G62)) -> truck_to_car_ratio | D62: =F62&"_"&E62 -> truck_to_car_ratio_南美洲 | E62: {=INDIRECT(ADDRESS(1,A62,1,1,"all_city_parameter_inputs"))} -> 南美洲 | F62: {=IF(AND(ISBLANK(INDIRECT(ADDRESS(B62,2,1,1,"all_city_parameter_inputs"))), ISBLANK(INDIRECT(ADDRESS(B62,1,1,1,"all_city_parameter_inputs")))), "", IF(ISBLANK(INDIRECT(ADDRESS(B62,1,1,1,"all_city_parameter_inputs"))), All_city_list!F61,INDIRECT(ADDRESS(B62,1,1,1,"all_city_parameter_inputs"))))} -> truck_to_car_ratio | G62: {=IF(AND(ISBLANK(INDIRECT(ADDRESS(B62,3,1,1,"all_city_parameter_inputs"))),ISBLANK(INDIRECT(ADDRESS(B62,2,1,1,"all_city_parameter_inputs")))),"",IF(ISBLANK(INDIRECT(ADDRESS(B62,2,1,1,"all_city_parameter_inputs"))),"",INDIRECT(ADDRESS(B62,2,1,1,"all_city_parameter_inputs"))))} -> beta | H62: {=IF(ISBLANK(INDIRECT(ADDRESS(B62,A62,1,1,"all_city_parameter_inputs"))), "--",INDIRECT(ADDRESS(B62,A62,1,1,"all_city_parameter_inputs")))} -> -- | I62: =IF(OR(G62="alpha",G62="beta",G62="sd",G62="mean"),"--",VLOOKUP(C62,Default!$B$5:$H$114,7,FALSE)) -> -- | J62: =VLOOKUP(F62,Lookup!$C$5:$D$110,2, FALSE) -> Travel values | K62: =VLOOKUP(C62,Default!$B$4:$E$114,4, FALSE) -> ratio of truck kilometers to car km travelled, used to add ghost trips that are not changed between the different scenarios | L62: Not used for constant run
A63: 3 | B63: 61 | C63: =IF(G63 = "",F63,IF(OR(G63="alpha",G63="beta",G63="constant",G63="sd",G63="mean",G63="sample"),F63,F63&" "&G63)) -> PM_emission_confidence | D63: =F63&"_"&E63 -> PM_emission_confidence_南美洲 | E63: {=INDIRECT(ADDRESS(1,A63,1,1,"all_city_parameter_inputs"))} -> 南美洲 | F63: {=IF(AND(ISBLANK(INDIRECT(ADDRESS(B63,2,1,1,"all_city_parameter_inputs"))), ISBLANK(INDIRECT(ADDRESS(B63,1,1,1,"all_city_parameter_inputs")))), "", IF(ISBLANK(INDIRECT(ADDRESS(B63,1,1,1,"all_city_parameter_inputs"))), All_city_list!F62,INDIRECT(ADDRESS(B63,1,1,1,"all_city_parameter_inputs"))))} -> PM_emission_confidence | G63: {=IF(AND(ISBLANK(INDIRECT(ADDRESS(B63,3,1,1,"all_city_parameter_inputs"))),ISBLANK(INDIRECT(ADDRESS(B63,2,1,1,"all_city_parameter_inputs")))),"",IF(ISBLANK(INDIRECT(ADDRESS(B63,2,1,1,"all_city_parameter_inputs"))),"",INDIRECT(ADDRESS(B63,2,1,1,"all_city_parameter_inputs"))))} -> sample | H63: {=IF(ISBLANK(INDIRECT(ADDRESS(B63,A63,1,1,"all_city_parameter_inputs"))), "--",INDIRECT(ADDRESS(B63,A63,1,1,"all_city_parameter_inputs")))} -> -- | I63: =IF(OR(G63="alpha",G63="beta",G63="sd",G63="mean"),"--",VLOOKUP(C63,Default!$B$5:$H$114,7,FALSE)) -> 1 | J63: =VLOOKUP(F63,Lookup!$C$5:$D$110,2, FALSE) -> Pollution values | K63: =VLOOKUP(C63,Default!$B$4:$E$114,4, FALSE) -> how confident we are about the PM emissions inventory mode split. Used to change the mode emission split. I.e. if cars produce 40% emissions and trucks 60%, then in the VoI run, might sample to get 45% emissions from cars and 55% emissions from trucks. If PM_EMISSION_INVENTORY_CONFIDENCE = 1, no sampling. The higher this parameter, the more confident we are in the mode split | L63: set to 1 as distances in travel survey are expected to be without bias
A64: 3 | B64: 62 | C64: =IF(G64 = "",F64,IF(OR(G64="alpha",G64="beta",G64="constant",G64="sd",G64="mean",G64="sample"),F64,F64&" "&G64)) -> distance_scalar_car_taxi | D64: =F64&"_"&E64 -> distance_scalar_car_taxi_南美洲 | E64: {=INDIRECT(ADDRESS(1,A64,1,1,"all_city_parameter_inputs"))} -> 南美洲 | F64: {=IF(AND(ISBLANK(INDIRECT(ADDRESS(B64,2,1,1,"all_city_parameter_inputs"))), ISBLANK(INDIRECT(ADDRESS(B64,1,1,1,"all_city_parameter_inputs")))), "", IF(ISBLANK(INDIRECT(ADDRESS(B64,1,1,1,"all_city_parameter_inputs"))), All_city_list!F63,INDIRECT(ADDRESS(B64,1,1,1,"all_city_parameter_inputs"))))} -> distance_scalar_car_taxi | G64: {=IF(AND(ISBLANK(INDIRECT(ADDRESS(B64,3,1,1,"all_city_parameter_inputs"))),ISBLANK(INDIRECT(ADDRESS(B64,2,1,1,"all_city_parameter_inputs")))),"",IF(ISBLANK(INDIRECT(ADDRESS(B64,2,1,1,"all_city_parameter_inputs"))),"",INDIRECT(ADDRESS(B64,2,1,1,"all_city_parameter_inputs"))))} -> constant | H64: {=IF(ISBLANK(INDIRECT(ADDRESS(B64,A64,1,1,"all_city_parameter_inputs"))), "--",INDIRECT(ADDRESS(B64,A64,1,1,"all_city_parameter_inputs")))} -> 1 | I64: =IF(OR(G64="alpha",G64="beta",G64="sd",G64="mean"),"--",VLOOKUP(C64,Default!$B$5:$H$114,7,FALSE)) -> 1 | J64: =VLOOKUP(F64,Lookup!$C$5:$D$110,2, FALSE) -> Travel values | K64: =VLOOKUP(C64,Default!$B$4:$E$114,4, FALSE) -> scalar for car/taxi distance, i.e. all car and taxi trips get scaled by this scalar | L64: {=IF(ISNA(VLOOKUP($D64,Grouped_Sources!$C:$C,1,FALSE)),"", INDIRECT(VLOOKUP($D64,Grouped_Sources!$C:$I,5,FALSE)))} | M64: {=IF(ISNA(VLOOKUP($D64,Grouped_Sources!$C:$C,1,FALSE)),"", INDIRECT(VLOOKUP($D64,Grouped_Sources!$C:$I,6,FALSE)))} | N64: {=IF(ISNA(VLOOKUP($D64,Grouped_Sources!$C:$C,1,FALSE)),"", INDIRECT(VLOOKUP($D64,Grouped_Sources!$C:$I,7,FALSE)))}
A65: 3 | B65: 63 | C65: =IF(G65 = "",F65,IF(OR(G65="alpha",G65="beta",G65="constant",G65="sd",G65="mean",G65="sample"),F65,F65&" "&G65)) -> distance_scalar_car_taxi | D65: =F65&"_"&E65 -> distance_scalar_car_taxi_南美洲 | E65: {=INDIRECT(ADDRESS(1,A65,1,1,"all_city_parameter_inputs"))} -> 南美洲 | F65: {=IF(AND(ISBLANK(INDIRECT(ADDRESS(B65,2,1,1,"all_city_parameter_inputs"))), ISBLANK(INDIRECT(ADDRESS(B65,1,1,1,"all_city_parameter_inputs")))), "", IF(ISBLANK(INDIRECT(ADDRESS(B65,1,1,1,"all_city_parameter_inputs"))), All_city_list!F64,INDIRECT(ADDRESS(B65,1,1,1,"all_city_parameter_inputs"))))} -> distance_scalar_car_taxi | G65: {=IF(AND(ISBLANK(INDIRECT(ADDRESS(B65,3,1,1,"all_city_parameter_inputs"))),ISBLANK(INDIRECT(ADDRESS(B65,2,1,1,"all_city_parameter_inputs")))),"",IF(ISBLANK(INDIRECT(ADDRESS(B65,2,1,1,"all_city_parameter_inputs"))),"",INDIRECT(ADDRESS(B65,2,1,1,"all_city_parameter_inputs"))))} -> mean | H65: {=IF(ISBLANK(INDIRECT(ADDRESS(B65,A65,1,1,"all_city_parameter_inputs"))), "--",INDIRECT(ADDRESS(B65,A65,1,1,"all_city_parameter_inputs")))} -> -- | I65: =IF(OR(G65="alpha",G65="beta",G65="sd",G65="mean"),"--",VLOOKUP(C65,Default!$B$5:$H$114,7,FALSE)) -> -- | J65: =VLOOKUP(F65,Lookup!$C$5:$D$110,2, FALSE) -> Travel values | K65: =VLOOKUP(C65,Default!$B$4:$E$114,4, FALSE) -> scalar for car/taxi distance, i.e. all car and taxi trips get scaled by this scalar | L65: {=IF(ISNA(VLOOKUP($D65,Grouped_Sources!$C:$C,1,FALSE)),"", INDIRECT(VLOOKUP($D65,Grouped_Sources!$C:$I,5,FALSE)))} | M65: {=IF(ISNA(VLOOKUP($D65,Grouped_Sources!$C:$C,1,FALSE)),"", INDIRECT(VLOOKUP($D65,Grouped_Sources!$C:$I,6,FALSE)))} | N65: {=IF(ISNA(VLOOKUP($D65,Grouped_Sources!$C:$C,1,FALSE)),"", INDIRECT(VLOOKUP($D65,Grouped_Sources!$C:$I,7,FALSE)))}
A66: 3 | B66: 64 | C66: =IF(G66 = "",F66,IF(OR(G66="alpha",G66="beta",G66="constant",G66="sd",G66="mean",G66="sample"),F66,F66&" "&G66)) -> distance_scalar_car_taxi | D66: =F66&"_"&E66 -> distance_scalar_car_taxi_南美洲 | E66: {=INDIRECT(ADDRESS(1,A66,1,1,"all_city_parameter_inputs"))} -> 南美洲 | F66: {=IF(AND(ISBLANK(INDIRECT(ADDRESS(B66,2,1,1,"all_city_parameter_inputs"))), ISBLANK(INDIRECT(ADDRESS(B66,1,1,1,"all_city_parameter_inputs")))), "", IF(ISBLANK(INDIRECT(ADDRESS(B66,1,1,1,"all_city_parameter_inputs"))), All_city_list!F65,INDIRECT(ADDRESS(B66,1,1,1,"all_city_parameter_inputs"))))} -> distance_scalar_car_taxi | G66: {=IF(AND(ISBLANK(INDIRECT(ADDRESS(B66,3,1,1,"all_city_parameter_inputs"))),ISBLANK(INDIRECT(ADDRESS(B66,2,1,1,"all_city_parameter_inputs")))),"",IF(ISBLANK(INDIRECT(ADDRESS(B66,2,1,1,"all_city_parameter_inputs"))),"",INDIRECT(ADDRESS(B66,2,1,1,"all_city_parameter_inputs"))))} -> sd | H66: {=IF(ISBLANK(INDIRECT(ADDRESS(B66,A66,1,1,"all_city_parameter_inputs"))), "--",INDIRECT(ADDRESS(B66,A66,1,1,"all_city_parameter_inputs")))} -> -- | I66: =IF(OR(G66="alpha",G66="beta",G66="sd",G66="mean"),"--",VLOOKUP(C66,Default!$B$5:$H$114,7,FALSE)) -> -- | J66: =VLOOKUP(F66,Lookup!$C$5:$D$110,2, FALSE) -> Travel values | K66: =VLOOKUP(C66,Default!$B$4:$E$114,4, FALSE) -> scalar for car/taxi distance, i.e. all car and taxi trips get scaled by this scalar | L66: set to 1 as distances in travel survey are expected to be without bias
A67: 3 | B67: 65 | C67: =IF(G67 = "",F67,IF(OR(G67="alpha",G67="beta",G67="constant",G67="sd",G67="mean",G67="sample"),F67,F67&" "&G67)) -> distance_scalar_motorcycle | D67: =F67&"_"&E67 -> distance_scalar_motorcycle_南美洲 | E67: {=INDIRECT(ADDRESS(1,A67,1,1,"all_city_parameter_inputs"))} -> 南美洲 | F67: {=IF(AND(ISBLANK(INDIRECT(ADDRESS(B67,2,1,1,"all_city_parameter_inputs"))), ISBLANK(INDIRECT(ADDRESS(B67,1,1,1,"all_city_parameter_inputs")))), "", IF(ISBLANK(INDIRECT(ADDRESS(B67,1,1,1,"all_city_parameter_inputs"))), All_city_list!F66,INDIRECT(ADDRESS(B67,1,1,1,"all_city_parameter_inputs"))))} -> distance_scalar_motorcycle | G67: {=IF(AND(ISBLANK(INDIRECT(ADDRESS(B67,3,1,1,"all_city_parameter_inputs"))),ISBLANK(INDIRECT(ADDRESS(B67,2,1,1,"all_city_parameter_inputs")))),"",IF(ISBLANK(INDIRECT(ADDRESS(B67,2,1,1,"all_city_parameter_inputs"))),"",INDIRECT(ADDRESS(B67,2,1,1,"all_city_parameter_inputs"))))} -> constant | H67: {=IF(ISBLANK(INDIRECT(ADDRESS(B67,A67,1,1,"all_city_parameter_inputs"))), "--",INDIRECT(ADDRESS(B67,A67,1,1,"all_city_parameter_inputs")))} -> 1 | I67: =IF(OR(G67="alpha",G67="beta",G67="sd",G67="mean"),"--",VLOOKUP(C67,Default!$B$5:$H$114,7,FALSE)) -> 1 | J67: =VLOOKUP(F67,Lookup!$C$5:$D$110,2, FALSE) -> Travel values | K67: =VLOOKUP(C67,Default!$B$4:$E$114,4, FALSE) -> scalar for motorcycle distance, i.e. all motorbike trips are scaled by this scalar | L67: {=IF(ISNA(VLOOKUP($D67,Grouped_Sources!$C:$C,1,FALSE)),"", INDIRECT(VLOOKUP($D67,Grouped_Sources!$C:$I,5,FALSE)))} | M67: {=IF(ISNA(VLOOKUP($D67,Grouped_Sources!$C:$C,1,FALSE)),"", INDIRECT(VLOOKUP($D67,Grouped_Sources!$C:$I,6,FALSE)))} | N67: {=IF(ISNA(VLOOKUP($D67,Grouped_Sources!$C:$C,1,FALSE)),"", INDIRECT(VLOOKUP($D67,Grouped_Sources!$C:$I,7,FALSE)))}
A68: 3 | B68: 66 | C68: =IF(G68 = "",F68,IF(OR(G68="alpha",G68="beta",G68="constant",G68="sd",G68="mean",G68="sample"),F68,F68&" "&G68)) -> distance_scalar_motorcycle | D68: =F68&"_"&E68 -> distance_scalar_motorcycle_南美洲 | E68: {=INDIRECT(ADDRESS(1,A68,1,1,"all_city_parameter_inputs"))} -> 南美洲 | F68: {=IF(AND(ISBLANK(INDIRECT(ADDRESS(B68,2,1,1,"all_city_parameter_inputs"))), ISBLANK(INDIRECT(ADDRESS(B68,1,1,1,"all_city_parameter_inputs")))), "", IF(ISBLANK(INDIRECT(ADDRESS(B68,1,1,1,"all_city_parameter_inputs"))), All_city_list!F67,INDIRECT(ADDRESS(B68,1,1,1,"all_city_parameter_inputs"))))} -> distance_scalar_motorcycle | G68: {=IF(AND(ISBLANK(INDIRECT(ADDRESS(B68,3,1,1,"all_city_parameter_inputs"))),ISBLANK(INDIRECT(ADDRESS(B68,2,1,1,"all_city_parameter_inputs")))),"",IF(ISBLANK(INDIRECT(ADDRESS(B68,2,1,1,"all_city_parameter_inputs"))),"",INDIRECT(ADDRESS(B68,2,1,1,"all_city_parameter_inputs"))))} -> mean | H68: {=IF(ISBLANK(INDIRECT(ADDRESS(B68,A68,1,1,"all_city_parameter_inputs"))), "--",INDIRECT(ADDRESS(B68,A68,1,1,"all_city_parameter_inputs")))} -> -- | I68: =IF(OR(G68="alpha",G68="beta",G68="sd",G68="mean"),"--",VLOOKUP(C68,Default!$B$5:$H$114,7,FALSE)) -> -- | J68: =VLOOKUP(F68,Lookup!$C$5:$D$110,2, FALSE) -> Travel values | K68: =VLOOKUP(C68,Default!$B$4:$E$114,4, FALSE) -> scalar for motorcycle distance, i.e. all motorbike trips are scaled by this scalar | L68: {=IF(ISNA(VLOOKUP($D68,Grouped_Sources!$C:$C,1,FALSE)),"", INDIRECT(VLOOKUP($D68,Grouped_Sources!$C:$I,5,FALSE)))} | M68: {=IF(ISNA(VLOOKUP($D68,Grouped_Sources!$C:$C,1,FALSE)),"", INDIRECT(VLOOKUP($D68,Grouped_Sources!$C:$I,6,FALSE)))} | N68: {=IF(ISNA(VLOOKUP($D68,Grouped_Sources!$C:$C,1,FALSE)),"", INDIRECT(VLOOKUP($D68,Grouped_Sources!$C:$I,7,FALSE)))}
A69: 3 | B69: 67 | C69: =IF(G69 = "",F69,IF(OR(G69="alpha",G69="beta",G69="constant",G69="sd",G69="mean",G69="sample"),F69,F69&" "&G69)) -> distance_scalar_motorcycle | D69: =F69&"_"&E69 -> distance_scalar_motorcycle_南美洲 | E69: {=INDIRECT(ADDRESS(1,A69,1,1,"all_city_parameter_inputs"))} -> 南美洲 | F69: {=IF(AND(ISBLANK(INDIRECT(ADDRESS(B69,2,1,1,"all_city_parameter_inputs"))), ISBLANK(INDIRECT(ADDRESS(B69,1,1,1,"all_city_parameter_inputs")))), "", IF(ISBLANK(INDIRECT(ADDRESS(B69,1,1,1,"all_city_parameter_inputs"))), All_city_list!F68,INDIRECT(ADDRESS(B69,1,1,1,"all_city_parameter_inputs"))))} -> distance_scalar_motorcycle | G69: {=IF(AND(ISBLANK(INDIRECT(ADDRESS(B69,3,1,1,"all_city_parameter_inputs"))),ISBLANK(INDIRECT(ADDRESS(B69,2,1,1,"all_city_parameter_inputs")))),"",IF(ISBLANK(INDIRECT(ADDRESS(B69,2,1,1,"all_city_parameter_inputs"))),"",INDIRECT(ADDRESS(B69,2,1,1,"all_city_parameter_inputs"))))} -> sd | H69: {=IF(ISBLANK(INDIRECT(ADDRESS(B69,A69,1,1,"all_city_parameter_inputs"))), "--",INDIRECT(ADDRESS(B69,A69,1,1,"all_city_parameter_inputs")))} -> -- | I69: =IF(OR(G69="alpha",G69="beta",G69="sd",G69="mean"),"--",VLOOKUP(C69,Default!$B$5:$H$114,7,FALSE)) -> -- | J69: =VLOOKUP(F69,Lookup!$C$5:$D$110,2, FALSE) -> Travel values | K69: =VLOOKUP(C69,Default!$B$4:$E$114,4, FALSE) -> scalar for motorcycle distance, i.e. all motorbike trips are scaled by this scalar | L69: set to 1 as distances in travel survey are expected to be without bias
A70: 3 | B70: 68 | C70: =IF(G70 = "",F70,IF(OR(G70="alpha",G70="beta",G70="constant",G70="sd",G70="mean",G70="sample"),F70,F70&" "&G70)) -> distance_scalar_pt | D70: =F70&"_"&E70 -> distance_scalar_pt_南美洲 | E70: {=INDIRECT(ADDRESS(1,A70,1,1,"all_city_parameter_inputs"))} -> 南美洲 | F70: {=IF(AND(ISBLANK(INDIRECT(ADDRESS(B70,2,1,1,"all_city_parameter_inputs"))), ISBLANK(INDIRECT(ADDRESS(B70,1,1,1,"all_city_parameter_inputs")))), "", IF(ISBLANK(INDIRECT(ADDRESS(B70,1,1,1,"all_city_parameter_inputs"))), All_city_list!F69,INDIRECT(ADDRESS(B70,1,1,1,"all_city_parameter_inputs"))))} -> distance_scalar_pt | G70: {=IF(AND(ISBLANK(INDIRECT(ADDRESS(B70,3,1,1,"all_city_parameter_inputs"))),ISBLANK(INDIRECT(ADDRESS(B70,2,1,1,"all_city_parameter_inputs")))),"",IF(ISBLANK(INDIRECT(ADDRESS(B70,2,1,1,"all_city_parameter_inputs"))),"",INDIRECT(ADDRESS(B70,2,1,1,"all_city_parameter_inputs"))))} -> constant | H70: {=IF(ISBLANK(INDIRECT(ADDRESS(B70,A70,1,1,"all_city_parameter_inputs"))), "--",INDIRECT(ADDRESS(B70,A70,1,1,"all_city_parameter_inputs")))} -> 1 | I70: =IF(OR(G70="alpha",G70="beta",G70="sd",G70="mean"),"--",VLOOKUP(C70,Default!$B$5:$H$114,7,FALSE)) -> 1 | J70: =VLOOKUP(F70,Lookup!$C$5:$D$110,2, FALSE) -> Travel values | K70: =VLOOKUP(C70,Default!$B$4:$E$114,4, FALSE) -> scalar for PT distance, i.e. all public transport journey (incl bus driver if added) are scaled by this scalar | L70: {=IF(ISNA(VLOOKUP($D70,Grouped_Sources!$C:$C,1,FALSE)),"", INDIRECT(VLOOKUP($D70,Grouped_Sources!$C:$I,5,FALSE)))} | M70: {=IF(ISNA(VLOOKUP($D70,Grouped_Sources!$C:$C,1,FALSE)),"", INDIRECT(VLOOKUP($D70,Grouped_Sources!$C:$I,6,FALSE)))} | N70: {=IF(ISNA(VLOOKUP($D70,Grouped_Sources!$C:$C,1,FALSE)),"", INDIRECT(VLOOKUP($D70,Grouped_Sources!$C:$I,7,FALSE)))}
A71: 3 | B71: 69 | C71: =IF(G71 = "",F71,IF(OR(G71="alpha",G71="beta",G71="constant",G71="sd",G71="mean",G71="sample"),F71,F71&" "&G71)) -> distance_scalar_pt | D71: =F71&"_"&E71 -> distance_scalar_pt_南美洲 | E71: {=INDIRECT(ADDRESS(1,A71,1,1,"all_city_parameter_inputs"))} -> 南美洲 | F71: {=IF(AND(ISBLANK(INDIRECT(ADDRESS(B71,2,1,1,"all_city_parameter_inputs"))), ISBLANK(INDIRECT(ADDRESS(B71,1,1,1,"all_city_parameter_inputs")))), "", IF(ISBLANK(INDIRECT(ADDRESS(B71,1,1,1,"all_city_parameter_inputs"))), All_city_list!F70,INDIRECT(ADDRESS(B71,1,1,1,"all_city_parameter_inputs"))))} -> distance_scalar_pt | G71: {=IF(AND(ISBLANK(INDIRECT(ADDRESS(B71,3,1,1,"all_city_parameter_inputs"))),ISBLANK(INDIRECT(ADDRESS(B71,2,1,1,"all_city_parameter_inputs")))),"",IF(ISBLANK(INDIRECT(ADDRESS(B71,2,1,1,"all_city_parameter_inputs"))),"",INDIRECT(ADDRESS(B71,2,1,1,"all_city_parameter_inputs"))))} -> mean | H71: {=IF(ISBLANK(INDIRECT(ADDRESS(B71,A71,1,1,"all_city_parameter_inputs"))), "--",INDIRECT(ADDRESS(B71,A71,1,1,"all_city_parameter_inputs")))} -> -- | I71: =IF(OR(G71="alpha",G71="beta",G71="sd",G71="mean"),"--",VLOOKUP(C71,Default!$B$5:$H$114,7,FALSE)) -> -- | J71: =VLOOKUP(F71,Lookup!$C$5:$D$110,2, FALSE) -> Travel values | K71: =VLOOKUP(C71,Default!$B$4:$E$114,4, FALSE) -> scalar for PT distance, i.e. all public transport journey (incl bus driver if added) are scaled by this scalar | L71: {=IF(ISNA(VLOOKUP($D71,Grouped_Sources!$C:$C,1,FALSE)),"", INDIRECT(VLOOKUP($D71,Grouped_Sources!$C:$I,5,FALSE)))} | M71: {=IF(ISNA(VLOOKUP($D71,Grouped_Sources!$C:$C,1,FALSE)),"", INDIRECT(VLOOKUP($D71,Grouped_Sources!$C:$I,6,FALSE)))} | N71: {=IF(ISNA(VLOOKUP($D71,Grouped_Sources!$C:$C,1,FALSE)),"", INDIRECT(VLOOKUP($D71,Grouped_Sources!$C:$I,7,FALSE)))}
A72: 3 | B72: 70 | C72: =IF(G72 = "",F72,IF(OR(G72="alpha",G72="beta",G72="constant",G72="sd",G72="mean",G72="sample"),F72,F72&" "&G72)) -> distance_scalar_pt | D72: =F72&"_"&E72 -> distance_scalar_pt_南美洲 | E72: {=INDIRECT(ADDRESS(1,A72,1,1,"all_city_parameter_inputs"))} -> 南美洲 | F72: {=IF(AND(ISBLANK(INDIRECT(ADDRESS(B72,2,1,1,"all_city_parameter_inputs"))), ISBLANK(INDIRECT(ADDRESS(B72,1,1,1,"all_city_parameter_inputs")))), "", IF(ISBLANK(INDIRECT(ADDRESS(B72,1,1,1,"all_city_parameter_inputs"))), All_city_list!F71,INDIRECT(ADDRESS(B72,1,1,1,"all_city_parameter_inputs"))))} -> distance_scalar_pt | G72: {=IF(AND(ISBLANK(INDIRECT(ADDRESS(B72,3,1,1,"all_city_parameter_inputs"))),ISBLANK(INDIRECT(ADDRESS(B72,2,1,1,"all_city_parameter_inputs")))),"",IF(ISBLANK(INDIRECT(ADDRESS(B72,2,1,1,"all_city_parameter_inputs"))),"",INDIRECT(ADDRESS(B72,2,1,1,"all_city_parameter_inputs"))))} -> sd | H72: {=IF(ISBLANK(INDIRECT(ADDRESS(B72,A72,1,1,"all_city_parameter_inputs"))), "--",INDIRECT(ADDRESS(B72,A72,1,1,"all_city_parameter_inputs")))} -> -- | I72: =IF(OR(G72="alpha",G72="beta",G72="sd",G72="mean"),"--",VLOOKUP(C72,Default!$B$5:$H$114,7,FALSE)) -> -- | J72: =VLOOKUP(F72,Lookup!$C$5:$D$110,2, FALSE) -> Travel values | K72: =VLOOKUP(C72,Default!$B$4:$E$114,4, FALSE) -> scalar for PT distance, i.e. all public transport journey (incl bus driver if added) are scaled by this scalar | L72: set to 1 as distances in travel survey are expected to be without bias
A73: 3 | B73: 71 | C73: =IF(G73 = "",F73,IF(OR(G73="alpha",G73="beta",G73="constant",G73="sd",G73="mean",G73="sample"),F73,F73&" "&G73)) -> distance_scalar_walking | D73: =F73&"_"&E73 -> distance_scalar_walking_南美洲 | E73: {=INDIRECT(ADDRESS(1,A73,1,1,"all_city_parameter_inputs"))} -> 南美洲 | F73: {=IF(AND(ISBLANK(INDIRECT(ADDRESS(B73,2,1,1,"all_city_parameter_inputs"))), ISBLANK(INDIRECT(ADDRESS(B73,1,1,1,"all_city_parameter_inputs")))), "", IF(ISBLANK(INDIRECT(ADDRESS(B73,1,1,1,"all_city_parameter_inputs"))), All_city_list!F72,INDIRECT(ADDRESS(B73,1,1,1,"all_city_parameter_inputs"))))} -> distance_scalar_walking | G73: {=IF(AND(ISBLANK(INDIRECT(ADDRESS(B73,3,1,1,"all_city_parameter_inputs"))),ISBLANK(INDIRECT(ADDRESS(B73,2,1,1,"all_city_parameter_inputs")))),"",IF(ISBLANK(INDIRECT(ADDRESS(B73,2,1,1,"all_city_parameter_inputs"))),"",INDIRECT(ADDRESS(B73,2,1,1,"all_city_parameter_inputs"))))} -> constant | H73: {=IF(ISBLANK(INDIRECT(ADDRESS(B73,A73,1,1,"all_city_parameter_inputs"))), "--",INDIRECT(ADDRESS(B73,A73,1,1,"all_city_parameter_inputs")))} -> 1 | I73: =IF(OR(G73="alpha",G73="beta",G73="sd",G73="mean"),"--",VLOOKUP(C73,Default!$B$5:$H$114,7,FALSE)) -> 1 | J73: =VLOOKUP(F73,Lookup!$C$5:$D$110,2, FALSE) -> Travel values | K73: =VLOOKUP(C73,Default!$B$4:$E$114,4, FALSE) -> scalar for walking distance, i.e. all walking trips are scaled by this scalar | L73: {=IF(ISNA(VLOOKUP($D73,Grouped_Sources!$C:$C,1,FALSE)),"", INDIRECT(VLOOKUP($D73,Grouped_Sources!$C:$I,5,FALSE)))} | M73: {=IF(ISNA(VLOOKUP($D73,Grouped_Sources!$C:$C,1,FALSE)),"", INDIRECT(VLOOKUP($D73,Grouped_Sources!$C:$I,6,FALSE)))} | N73: {=IF(ISNA(VLOOKUP($D73,Grouped_Sources!$C:$C,1,FALSE)),"", INDIRECT(VLOOKUP($D73,Grouped_Sources!$C:$I,7,FALSE)))}
A74: 3 | B74: 72 | C74: =IF(G74 = "",F74,IF(OR(G74="alpha",G74="beta",G74="constant",G74="sd",G74="mean",G74="sample"),F74,F74&" "&G74)) -> distance_scalar_walking | D74: =F74&"_"&E74 -> distance_scalar_walking_南美洲 | E74: {=INDIRECT(ADDRESS(1,A74,1,1,"all_city_parameter_inputs"))} -> 南美洲 | F74: {=IF(AND(ISBLANK(INDIRECT(ADDRESS(B74,2,1,1,"all_city_parameter_inputs"))), ISBLANK(INDIRECT(ADDRESS(B74,1,1,1,"all_city_parameter_inputs")))), "", IF(ISBLANK(INDIRECT(ADDRESS(B74,1,1,1,"all_city_parameter_inputs"))), All_city_list!F73,INDIRECT(ADDRESS(B74,1,1,1,"all_city_parameter_inputs"))))} -> distance_scalar_walking | G74: {=IF(AND(ISBLANK(INDIRECT(ADDRESS(B74,3,1,1,"all_city_parameter_inputs"))),ISBLANK(INDIRECT(ADDRESS(B74,2,1,1,"all_city_parameter_inputs")))),"",IF(ISBLANK(INDIRECT(ADDRESS(B74,2,1,1,"all_city_parameter_inputs"))),"",INDIRECT(ADDRESS(B74,2,1,1,"all_city_parameter_inputs"))))} -> mean | H74: {=IF(ISBLANK(INDIRECT(ADDRESS(B74,A74,1,1,"all_city_parameter_inputs"))), "--",INDIRECT(ADDRESS(B74,A74,1,1,"all_city_parameter_inputs")))} -> -- | I74: =IF(OR(G74="alpha",G74="beta",G74="sd",G74="mean"),"--",VLOOKUP(C74,Default!$B$5:$H$114,7,FALSE)) -> -- | J74: =VLOOKUP(F74,Lookup!$C$5:$D$110,2, FALSE) -> Travel values | K74: =VLOOKUP(C74,Default!$B$4:$E$114,4, FALSE) -> scalar for walking distance, i.e. all walking trips are scaled by this scalar | L74: {=IF(ISNA(VLOOKUP($D74,Grouped_Sources!$C:$C,1,FALSE)),"", INDIRECT(VLOOKUP($D74,Grouped_Sources!$C:$I,5,FALSE)))} | M74: {=IF(ISNA(VLOOKUP($D74,Grouped_Sources!$C:$C,1,FALSE)),"", INDIRECT(VLOOKUP($D74,Grouped_Sources!$C:$I,6,FALSE)))} | N74: {=IF(ISNA(VLOOKUP($D74,Grouped_Sources!$C:$C,1,FALSE)),"", INDIRECT(VLOOKUP($D74,Grouped_Sources!$C:$I,7,FALSE)))}
A75: 3 | B75: 73 | C75: =IF(G75 = "",F75,IF(OR(G75="alpha",G75="beta",G75="constant",G75="sd",G75="mean",G75="sample"),F75,F75&" "&G75)) -> distance_scalar_walking | D75: =F75&"_"&E75 -> distance_scalar_walking_南美洲 | E75: {=INDIRECT(ADDRESS(1,A75,1,1,"all_city_parameter_inputs"))} -> 南美洲 | F75: {=IF(AND(ISBLANK(INDIRECT(ADDRESS(B75,2,1,1,"all_city_parameter_inputs"))), ISBLANK(INDIRECT(ADDRESS(B75,1,1,1,"all_city_parameter_inputs")))), "", IF(ISBLANK(INDIRECT(ADDRESS(B75,1,1,1,"all_city_parameter_inputs"))), All_city_list!F74,INDIRECT(ADDRESS(B75,1,1,1,"all_city_parameter_inputs"))))} -> distance_scalar_walking | G75: {=IF(AND(ISBLANK(INDIRECT(ADDRESS(B75,3,1,1,"all_city_parameter_inputs"))),ISBLANK(INDIRECT(ADDRESS(B75,2,1,1,"all_city_parameter_inputs")))),"",IF(ISBLANK(INDIRECT(ADDRESS(B75,2,1,1,"all_city_parameter_inputs"))),"",INDIRECT(ADDRESS(B75,2,1,1,"all_city_parameter_inputs"))))} -> sd | H75: {=IF(ISBLANK(INDIRECT(ADDRESS(B75,A75,1,1,"all_city_parameter_inputs"))), "--",INDIRECT(ADDRESS(B75,A75,1,1,"all_city_parameter_inputs")))} -> -- | I75: =IF(OR(G75="alpha",G75="beta",G75="sd",G75="mean"),"--",VLOOKUP(C75,Default!$B$5:$H$114,7,FALSE)) -> -- | J75: =VLOOKUP(F75,Lookup!$C$5:$D$110,2, FALSE) -> Travel values | K75: =VLOOKUP(C75,Default!$B$4:$E$114,4, FALSE) -> scalar for walking distance, i.e. all walking trips are scaled by this scalar | L75: set to 1 as distances in travel survey are expected to be without bias
A76: 3 | B76: 74 | C76: =IF(G76 = "",F76,IF(OR(G76="alpha",G76="beta",G76="constant",G76="sd",G76="mean",G76="sample"),F76,F76&" "&G76)) -> distance_scalar_cycling | D76: =F76&"_"&E76 -> distance_scalar_cycling_南美洲 | E76: {=INDIRECT(ADDRESS(1,A76,1,1,"all_city_parameter_inputs"))} -> 南美洲 | F76: {=IF(AND(ISBLANK(INDIRECT(ADDRESS(B76,2,1,1,"all_city_parameter_inputs"))), ISBLANK(INDIRECT(ADDRESS(B76,1,1,1,"all_city_parameter_inputs")))), "", IF(ISBLANK(INDIRECT(ADDRESS(B76,1,1,1,"all_city_parameter_inputs"))), All_city_list!F75,INDIRECT(ADDRESS(B76,1,1,1,"all_city_parameter_inputs"))))} -> distance_scalar_cycling | G76: {=IF(AND(ISBLANK(INDIRECT(ADDRESS(B76,3,1,1,"all_city_parameter_inputs"))),ISBLANK(INDIRECT(ADDRESS(B76,2,1,1,"all_city_parameter_inputs")))),"",IF(ISBLANK(INDIRECT(ADDRESS(B76,2,1,1,"all_city_parameter_inputs"))),"",INDIRECT(ADDRESS(B76,2,1,1,"all_city_parameter_inputs"))))} -> constant | H76: {=IF(ISBLANK(INDIRECT(ADDRESS(B76,A76,1,1,"all_city_parameter_inputs"))), "--",INDIRECT(ADDRESS(B76,A76,1,1,"all_city_parameter_inputs")))} -> 1 | I76: =IF(OR(G76="alpha",G76="beta",G76="sd",G76="mean"),"--",VLOOKUP(C76,Default!$B$5:$H$114,7,FALSE)) -> 1 | J76: =VLOOKUP(F76,Lookup!$C$5:$D$110,2, FALSE) -> Travel values | K76: =VLOOKUP(C76,Default!$B$4:$E$114,4, FALSE) -> scalar for cycling distance, i.e. all cycling trips are scaled by this scalar | L76: {=IF(ISNA(VLOOKUP($D76,Grouped_Sources!$C:$C,1,FALSE)),"", INDIRECT(VLOOKUP($D76,Grouped_Sources!$C:$I,5,FALSE)))} | M76: {=IF(ISNA(VLOOKUP($D76,Grouped_Sources!$C:$C,1,FALSE)),"", INDIRECT(VLOOKUP($D76,Grouped_Sources!$C:$I,6,FALSE)))} | N76: {=IF(ISNA(VLOOKUP($D76,Grouped_Sources!$C:$C,1,FALSE)),"", INDIRECT(VLOOKUP($D76,Grouped_Sources!$C:$I,7,FALSE)))}
A77: 3 | B77: 75 | C77: =IF(G77 = "",F77,IF(OR(G77="alpha",G77="beta",G77="constant",G77="sd",G77="mean",G77="sample"),F77,F77&" "&G77)) -> distance_scalar_cycling | D77: =F77&"_"&E77 -> distance_scalar_cycling_南美洲 | E77: {=INDIRECT(ADDRESS(1,A77,1,1,"all_city_parameter_inputs"))} -> 南美洲 | F77: {=IF(AND(ISBLANK(INDIRECT(ADDRESS(B77,2,1,1,"all_city_parameter_inputs"))), ISBLANK(INDIRECT(ADDRESS(B77,1,1,1,"all_city_parameter_inputs")))), "", IF(ISBLANK(INDIRECT(ADDRESS(B77,1,1,1,"all_city_parameter_inputs"))), All_city_list!F76,INDIRECT(ADDRESS(B77,1,1,1,"all_city_parameter_inputs"))))} -> distance_scalar_cycling | G77: {=IF(AND(ISBLANK(INDIRECT(ADDRESS(B77,3,1,1,"all_city_parameter_inputs"))),ISBLANK(INDIRECT(ADDRESS(B77,2,1,1,"all_city_parameter_inputs")))),"",IF(ISBLANK(INDIRECT(ADDRESS(B77,2,1,1,"all_city_parameter_inputs"))),"",INDIRECT(ADDRESS(B77,2,1,1,"all_city_parameter_inputs"))))} -> mean | H77: {=IF(ISBLANK(INDIRECT(ADDRESS(B77,A77,1,1,"all_city_parameter_inputs"))), "--",INDIRECT(ADDRESS(B77,A77,1,1,"all_city_parameter_inputs")))} -> -- | I77: =IF(OR(G77="alpha",G77="beta",G77="sd",G77="mean"),"--",VLOOKUP(C77,Default!$B$5:$H$114,7,FALSE)) -> -- | J77: =VLOOKUP(F77,Lookup!$C$5:$D$110,2, FALSE) -> Travel values | K77: =VLOOKUP(C77,Default!$B$4:$E$114,4, FALSE) -> scalar for cycling distance, i.e. all cycling trips are scaled by this scalar | L77: {=IF(ISNA(VLOOKUP($D77,Grouped_Sources!$C:$C,1,FALSE)),"", INDIRECT(VLOOKUP($D77,Grouped_Sources!$C:$I,5,FALSE)))} | M77: {=IF(ISNA(VLOOKUP($D77,Grouped_Sources!$C:$C,1,FALSE)),"", INDIRECT(VLOOKUP($D77,Grouped_Sources!$C:$I,6,FALSE)))} | N77: {=IF(ISNA(VLOOKUP($D77,Grouped_Sources!$C:$C,1,FALSE)),"", INDIRECT(VLOOKUP($D77,Grouped_Sources!$C:$I,7,FALSE)))}
A78: 3 | B78: 76 | C78: =IF(G78 = "",F78,IF(OR(G78="alpha",G78="beta",G78="constant",G78="sd",G78="mean",G78="sample"),F78,F78&" "&G78)) -> distance_scalar_cycling | D78: =F78&"_"&E78 -> distance_scalar_cycling_南美洲 | E78: {=INDIRECT(ADDRESS(1,A78,1,1,"all_city_parameter_inputs"))} -> 南美洲 | F78: {=IF(AND(ISBLANK(INDIRECT(ADDRESS(B78,2,1,1,"all_city_parameter_inputs"))), ISBLANK(INDIRECT(ADDRESS(B78,1,1,1,"all_city_parameter_inputs")))), "", IF(ISBLANK(INDIRECT(ADDRESS(B78,1,1,1,"all_city_parameter_inputs"))), All_city_list!F77,INDIRECT(ADDRESS(B78,1,1,1,"all_city_parameter_inputs"))))} -> distance_scalar_cycling | G78: {=IF(AND(ISBLANK(INDIRECT(ADDRESS(B78,3,1,1,"all_city_parameter_inputs"))),ISBLANK(INDIRECT(ADDRESS(B78,2,1,1,"all_city_parameter_inputs")))),"",IF(ISBLANK(INDIRECT(ADDRESS(B78,2,1,1,"all_city_parameter_inputs"))),"",INDIRECT(ADDRESS(B78,2,1,1,"all_city_parameter_inputs"))))} -> sd | H78: {=IF(ISBLANK(INDIRECT(ADDRESS(B78,A78,1,1,"all_city_parameter_inputs"))), "--",INDIRECT(ADDRESS(B78,A78,1,1,"all_city_parameter_inputs")))} -> -- | I78: =IF(OR(G78="alpha",G78="beta",G78="sd",G78="mean"),"--",VLOOKUP(C78,Default!$B$5:$H$114,7,FALSE)) -> -- | J78: =VLOOKUP(F78,Lookup!$C$5:$D$110,2, FALSE) -> Travel values | K78: =VLOOKUP(C78,Default!$B$4:$E$114,4, FALSE) -> scalar for cycling distance, i.e. all cycling trips are scaled by this scalar | L78: https://edgar.jrc.ec.europa.eu/, obtained values based on private correspondence | M78: EDGAR, 2018
A79: 3 | B79: 77 | C79: =IF(G79 = "",F79,IF(OR(G79="alpha",G79="beta",G79="constant",G79="sd",G79="mean",G79="sample"),F79,F79&" "&G79)) -> CO2_emission_inventories motorcycle | D79: =F79&"_"&E79 -> CO2_emission_inventories_南美洲 | E79: {=INDIRECT(ADDRESS(1,A79,1,1,"all_city_parameter_inputs"))} -> 南美洲 | F79: {=IF(AND(ISBLANK(INDIRECT(ADDRESS(B79,2,1,1,"all_city_parameter_inputs"))), ISBLANK(INDIRECT(ADDRESS(B79,1,1,1,"all_city_parameter_inputs")))), "", IF(ISBLANK(INDIRECT(ADDRESS(B79,1,1,1,"all_city_parameter_inputs"))), All_city_list!F78,INDIRECT(ADDRESS(B79,1,1,1,"all_city_parameter_inputs"))))} -> CO2_emission_inventories | G79: {=IF(AND(ISBLANK(INDIRECT(ADDRESS(B79,3,1,1,"all_city_parameter_inputs"))),ISBLANK(INDIRECT(ADDRESS(B79,2,1,1,"all_city_parameter_inputs")))),"",IF(ISBLANK(INDIRECT(ADDRESS(B79,2,1,1,"all_city_parameter_inputs"))),"",INDIRECT(ADDRESS(B79,2,1,1,"all_city_parameter_inputs"))))} -> motorcycle | H79: {=IF(ISBLANK(INDIRECT(ADDRESS(B79,A79,1,1,"all_city_parameter_inputs"))), "--",INDIRECT(ADDRESS(B79,A79,1,1,"all_city_parameter_inputs")))} -> 3340.8173 | I79: =IF(OR(G79="alpha",G79="beta",G79="sd",G79="mean"),"--",VLOOKUP(C79,Default!$B$5:$H$114,7,FALSE)) -> 30033.572 | J79: =VLOOKUP(F79,Lookup!$C$5:$D$110,2, FALSE) -> Pollution values | K79: =VLOOKUP(C79,Default!$B$4:$E$114,4, FALSE) -> - used to estimate the CO2 for scenarios (function "scenario_co2_calculations"). - used to create the VEHICLE_INVENTORY, with speeds, PM and CO2 emissions (function "set_vehicle_inventory"). | L79: {=IF(ISNA(VLOOKUP($D79,Grouped_Sources!$C:$C,1,FALSE)),"", INDIRECT(VLOOKUP($D79,Grouped_Sources!$C:$I,5,FALSE)))} | M79: {=IF(ISNA(VLOOKUP($D79,Grouped_Sources!$C:$C,1,FALSE)),"", INDIRECT(VLOOKUP($D79,Grouped_Sources!$C:$I,6,FALSE)))} | N79: {=IF(ISNA(VLOOKUP($D79,Grouped_Sources!$C:$C,1,FALSE)),"", INDIRECT(VLOOKUP($D79,Grouped_Sources!$C:$I,7,FALSE)))}
A80: 3 | B80: 78 | C80: =IF(G80 = "",F80,IF(OR(G80="alpha",G80="beta",G80="constant",G80="sd",G80="mean",G80="sample"),F80,F80&" "&G80)) -> CO2_emission_inventories car | D80: =F80&"_"&E80 -> CO2_emission_inventories_南美洲 | E80: {=INDIRECT(ADDRESS(1,A80,1,1,"all_city_parameter_inputs"))} -> 南美洲 | F80: {=IF(AND(ISBLANK(INDIRECT(ADDRESS(B80,2,1,1,"all_city_parameter_inputs"))), ISBLANK(INDIRECT(ADDRESS(B80,1,1,1,"all_city_parameter_inputs")))), "", IF(ISBLANK(INDIRECT(ADDRESS(B80,1,1,1,"all_city_parameter_inputs"))), All_city_list!F79,INDIRECT(ADDRESS(B80,1,1,1,"all_city_parameter_inputs"))))} -> CO2_emission_inventories | G80: {=IF(AND(ISBLANK(INDIRECT(ADDRESS(B80,3,1,1,"all_city_parameter_inputs"))),ISBLANK(INDIRECT(ADDRESS(B80,2,1,1,"all_city_parameter_inputs")))),"",IF(ISBLANK(INDIRECT(ADDRESS(B80,2,1,1,"all_city_parameter_inputs"))),"",INDIRECT(ADDRESS(B80,2,1,1,"all_city_parameter_inputs"))))} -> car | H80: {=IF(ISBLANK(INDIRECT(ADDRESS(B80,A80,1,1,"all_city_parameter_inputs"))), "--",INDIRECT(ADDRESS(B80,A80,1,1,"all_city_parameter_inputs")))} -> 278221.04 | I80: =IF(OR(G80="alpha",G80="beta",G80="sd",G80="mean"),"--",VLOOKUP(C80,Default!$B$5:$H$114,7,FALSE)) -> 1033377.3 | J80: =VLOOKUP(F80,Lookup!$C$5:$D$110,2, FALSE) -> Pollution values | K80: =VLOOKUP(C80,Default!$B$4:$E$114,4, FALSE) -> 0 | L80: {=IF(ISNA(VLOOKUP($D80,Grouped_Sources!$C:$C,1,FALSE)),"", INDIRECT(VLOOKUP($D80,Grouped_Sources!$C:$I,5,FALSE)))} | M80: {=IF(ISNA(VLOOKUP($D80,Grouped_Sources!$C:$C,1,FALSE)),"", INDIRECT(VLOOKUP($D80,Grouped_Sources!$C:$I,6,FALSE)))} | N80: {=IF(ISNA(VLOOKUP($D80,Grouped_Sources!$C:$C,1,FALSE)),"", INDIRECT(VLOOKUP($D80,Grouped_Sources!$C:$I,7,FALSE)))}
A81: 3 | B81: 79 | C81: =IF(G81 = "",F81,IF(OR(G81="alpha",G81="beta",G81="constant",G81="sd",G81="mean",G81="sample"),F81,F81&" "&G81)) -> CO2_emission_inventories bus_driver | D81: =F81&"_"&E81 -> CO2_emission_inventories_南美洲 | E81: {=INDIRECT(ADDRESS(1,A81,1,1,"all_city_parameter_inputs"))} -> 南美洲 | F81: {=IF(AND(ISBLANK(INDIRECT(ADDRESS(B81,2,1,1,"all_city_parameter_inputs"))), ISBLANK(INDIRECT(ADDRESS(B81,1,1,1,"all_city_parameter_inputs")))), "", IF(ISBLANK(INDIRECT(ADDRESS(B81,1,1,1,"all_city_parameter_inputs"))), All_city_list!F80,INDIRECT(ADDRESS(B81,1,1,1,"all_city_parameter_inputs"))))} -> CO2_emission_inventories | G81: {=IF(AND(ISBLANK(INDIRECT(ADDRESS(B81,3,1,1,"all_city_parameter_inputs"))),ISBLANK(INDIRECT(ADDRESS(B81,2,1,1,"all_city_parameter_inputs")))),"",IF(ISBLANK(INDIRECT(ADDRESS(B81,2,1,1,"all_city_parameter_inputs"))),"",INDIRECT(ADDRESS(B81,2,1,1,"all_city_parameter_inputs"))))} -> bus_driver | H81: {=IF(ISBLANK(INDIRECT(ADDRESS(B81,A81,1,1,"all_city_parameter_inputs"))), "--",INDIRECT(ADDRESS(B81,A81,1,1,"all_city_parameter_inputs")))} -> 163823.92 | I81: =IF(OR(G81="alpha",G81="beta",G81="sd",G81="mean"),"--",VLOOKUP(C81,Default!$B$5:$H$114,7,FALSE)) -> 100429.72 | J81: =VLOOKUP(F81,Lookup!$C$5:$D$110,2, FALSE) -> Pollution values | K81: =VLOOKUP(C81,Default!$B$4:$E$114,4, FALSE) -> 0 | L81: {=IF(ISNA(VLOOKUP($D81,Grouped_Sources!$C:$C,1,FALSE)),"", INDIRECT(VLOOKUP($D81,Grouped_Sources!$C:$I,5,FALSE)))} | M81: {=IF(ISNA(VLOOKUP($D81,Grouped_Sources!$C:$C,1,FALSE)),"", INDIRECT(VLOOKUP($D81,Grouped_Sources!$C:$I,6,FALSE)))} | N81: {=IF(ISNA(VLOOKUP($D81,Grouped_Sources!$C:$C,1,FALSE)),"", INDIRECT(VLOOKUP($D81,Grouped_Sources!$C:$I,7,FALSE)))}
A82: 3 | B82: 80 | C82: =IF(G82 = "",F82,IF(OR(G82="alpha",G82="beta",G82="constant",G82="sd",G82="mean",G82="sample"),F82,F82&" "&G82)) -> CO2_emission_inventories heavy_truck | D82: =F82&"_"&E82 -> CO2_emission_inventories_南美洲 | E82: {=INDIRECT(ADDRESS(1,A82,1,1,"all_city_parameter_inputs"))} -> 南美洲 | F82: {=IF(AND(ISBLANK(INDIRECT(ADDRESS(B82,2,1,1,"all_city_parameter_inputs"))), ISBLANK(INDIRECT(ADDRESS(B82,1,1,1,"all_city_parameter_inputs")))), "", IF(ISBLANK(INDIRECT(ADDRESS(B82,1,1,1,"all_city_parameter_inputs"))), All_city_list!F81,INDIRECT(ADDRESS(B82,1,1,1,"all_city_parameter_inputs"))))} -> CO2_emission_inventories | G82: {=IF(AND(ISBLANK(INDIRECT(ADDRESS(B82,3,1,1,"all_city_parameter_inputs"))),ISBLANK(INDIRECT(ADDRESS(B82,2,1,1,"all_city_parameter_inputs")))),"",IF(ISBLANK(INDIRECT(ADDRESS(B82,2,1,1,"all_city_parameter_inputs"))),"",INDIRECT(ADDRESS(B82,2,1,1,"all_city_parameter_inputs"))))} -> heavy_truck | H82: {=IF(ISBLANK(INDIRECT(ADDRESS(B82,A82,1,1,"all_city_parameter_inputs"))), "--",INDIRECT(ADDRESS(B82,A82,1,1,"all_city_parameter_inputs")))} -> 1033752.2 | I82: =IF(OR(G82="alpha",G82="beta",G82="sd",G82="mean"),"--",VLOOKUP(C82,Default!$B$5:$H$114,7,FALSE)) -> 259655.32 | J82: =VLOOKUP(F82,Lookup!$C$5:$D$110,2, FALSE) -> Pollution values | K82: =VLOOKUP(C82,Default!$B$4:$E$114,4, FALSE) -> 0 | L82: {=IF(ISNA(VLOOKUP($D82,Grouped_Sources!$C:$C,1,FALSE)),"", INDIRECT(VLOOKUP($D82,Grouped_Sources!$C:$I,5,FALSE)))} | M82: {=IF(ISNA(VLOOKUP($D82,Grouped_Sources!$C:$C,1,FALSE)),"", INDIRECT(VLOOKUP($D82,Grouped_Sources!$C:$I,6,FALSE)))} | N82: {=IF(ISNA(VLOOKUP($D82,Grouped_Sources!$C:$C,1,FALSE)),"", INDIRECT(VLOOKUP($D82,Grouped_Sources!$C:$I,7,FALSE)))}
A83: 3 | B83: 81 | C83: =IF(G83 = "",F83,IF(OR(G83="alpha",G83="beta",G83="constant",G83="sd",G83="mean",G83="sample"),F83,F83&" "&G83)) -> CO2_emission_inventories truck | D83: =F83&"_"&E83 -> CO2_emission_inventories_南美洲 | E83: {=INDIRECT(ADDRESS(1,A83,1,1,"all_city_parameter_inputs"))} -> 南美洲 | F83: {=IF(AND(ISBLANK(INDIRECT(ADDRESS(B83,2,1,1,"all_city_parameter_inputs"))), ISBLANK(INDIRECT(ADDRESS(B83,1,1,1,"all_city_parameter_inputs")))), "", IF(ISBLANK(INDIRECT(ADDRESS(B83,1,1,1,"all_city_parameter_inputs"))), All_city_list!F82,INDIRECT(ADDRESS(B83,1,1,1,"all_city_parameter_inputs"))))} -> CO2_emission_inventories | G83: {=IF(AND(ISBLANK(INDIRECT(ADDRESS(B83,3,1,1,"all_city_parameter_inputs"))),ISBLANK(INDIRECT(ADDRESS(B83,2,1,1,"all_city_parameter_inputs")))),"",IF(ISBLANK(INDIRECT(ADDRESS(B83,2,1,1,"all_city_parameter_inputs"))),"",INDIRECT(ADDRESS(B83,2,1,1,"all_city_parameter_inputs"))))} -> truck | H83: {=IF(ISBLANK(INDIRECT(ADDRESS(B83,A83,1,1,"all_city_parameter_inputs"))), "--",INDIRECT(ADDRESS(B83,A83,1,1,"all_city_parameter_inputs")))} -> 371604.37 | I83: =IF(OR(G83="alpha",G83="beta",G83="sd",G83="mean"),"--",VLOOKUP(C83,Default!$B$5:$H$114,7,FALSE)) -> 163516.11 | J83: =VLOOKUP(F83,Lookup!$C$5:$D$110,2, FALSE) -> Pollution values | K83: =VLOOKUP(C83,Default!$B$4:$E$114,4, FALSE) -> 0 | L83: {=IF(ISNA(VLOOKUP($D83,Grouped_Sources!$C:$C,1,FALSE)),"", INDIRECT(VLOOKUP($D83,Grouped_Sources!$C:$I,5,FALSE)))} | M83: {=IF(ISNA(VLOOKUP($D83,Grouped_Sources!$C:$C,1,FALSE)),"", INDIRECT(VLOOKUP($D83,Grouped_Sources!$C:$I,6,FALSE)))} | N83: {=IF(ISNA(VLOOKUP($D83,Grouped_Sources!$C:$C,1,FALSE)),"", INDIRECT(VLOOKUP($D83,Grouped_Sources!$C:$I,7,FALSE)))}
A84: 3 | B84: 82 | C84: =IF(G84 = "",F84,IF(OR(G84="alpha",G84="beta",G84="constant",G84="sd",G84="mean",G84="sample"),F84,F84&" "&G84)) -> CO2_emission_inventories van | D84: =F84&"_"&E84 -> CO2_emission_inventories_南美洲 | E84: {=INDIRECT(ADDRESS(1,A84,1,1,"all_city_parameter_inputs"))} -> 南美洲 | F84: {=IF(AND(ISBLANK(INDIRECT(ADDRESS(B84,2,1,1,"all_city_parameter_inputs"))), ISBLANK(INDIRECT(ADDRESS(B84,1,1,1,"all_city_parameter_inputs")))), "", IF(ISBLANK(INDIRECT(ADDRESS(B84,1,1,1,"all_city_parameter_inputs"))), All_city_list!F83,INDIRECT(ADDRESS(B84,1,1,1,"all_city_parameter_inputs"))))} -> CO2_emission_inventories | G84: {=IF(AND(ISBLANK(INDIRECT(ADDRESS(B84,3,1,1,"all_city_parameter_inputs"))),ISBLANK(INDIRECT(ADDRESS(B84,2,1,1,"all_city_parameter_inputs")))),"",IF(ISBLANK(INDIRECT(ADDRESS(B84,2,1,1,"all_city_parameter_inputs"))),"",INDIRECT(ADDRESS(B84,2,1,1,"all_city_parameter_inputs"))))} -> van | H84: {=IF(ISBLANK(INDIRECT(ADDRESS(B84,A84,1,1,"all_city_parameter_inputs"))), "--",INDIRECT(ADDRESS(B84,A84,1,1,"all_city_parameter_inputs")))} -> -- | I84: =IF(OR(G84="alpha",G84="beta",G84="sd",G84="mean"),"--",VLOOKUP(C84,Default!$B$5:$H$114,7,FALSE)) -> 0 | J84: =VLOOKUP(F84,Lookup!$C$5:$D$110,2, FALSE) -> Pollution values | K84: =VLOOKUP(C84,Default!$B$4:$E$114,4, FALSE) -> 0 | L84: {=IF(ISNA(VLOOKUP($D84,Grouped_Sources!$C:$C,1,FALSE)),"", INDIRECT(VLOOKUP($D84,Grouped_Sources!$C:$I,5,FALSE)))} | M84: {=IF(ISNA(VLOOKUP($D84,Grouped_Sources!$C:$C,1,FALSE)),"", INDIRECT(VLOOKUP($D84,Grouped_Sources!$C:$I,6,FALSE)))} | N84: {=IF(ISNA(VLOOKUP($D84,Grouped_Sources!$C:$C,1,FALSE)),"", INDIRECT(VLOOKUP($D84,Grouped_Sources!$C:$I,7,FALSE)))}
A85: 3 | B85: 83 | C85: =IF(G85 = "",F85,IF(OR(G85="alpha",G85="beta",G85="constant",G85="sd",G85="mean",G85="sample"),F85,F85&" "&G85)) -> CO2_emission_inventories other | D85: =F85&"_"&E85 -> CO2_emission_inventories_南美洲 | E85: {=INDIRECT(ADDRESS(1,A85,1,1,"all_city_parameter_inputs"))} -> 南美洲 | F85: {=IF(AND(ISBLANK(INDIRECT(ADDRESS(B85,2,1,1,"all_city_parameter_inputs"))), ISBLANK(INDIRECT(ADDRESS(B85,1,1,1,"all_city_parameter_inputs")))), "", IF(ISBLANK(INDIRECT(ADDRESS(B85,1,1,1,"all_city_parameter_inputs"))), All_city_list!F84,INDIRECT(ADDRESS(B85,1,1,1,"all_city_parameter_inputs"))))} -> CO2_emission_inventories | G85: {=IF(AND(ISBLANK(INDIRECT(ADDRESS(B85,3,1,1,"all_city_parameter_inputs"))),ISBLANK(INDIRECT(ADDRESS(B85,2,1,1,"all_city_parameter_inputs")))),"",IF(ISBLANK(INDIRECT(ADDRESS(B85,2,1,1,"all_city_parameter_inputs"))),"",INDIRECT(ADDRESS(B85,2,1,1,"all_city_parameter_inputs"))))} -> other | H85: {=IF(ISBLANK(INDIRECT(ADDRESS(B85,A85,1,1,"all_city_parameter_inputs"))), "--",INDIRECT(ADDRESS(B85,A85,1,1,"all_city_parameter_inputs")))} -> -- | I85: =IF(OR(G85="alpha",G85="beta",G85="sd",G85="mean"),"--",VLOOKUP(C85,Default!$B$5:$H$114,7,FALSE)) -> 1906.8934 | J85: =VLOOKUP(F85,Lookup!$C$5:$D$110,2, FALSE) -> Pollution values | K85: =VLOOKUP(C85,Default!$B$4:$E$114,4, FALSE) -> 0 | L85: {=IF(ISNA(VLOOKUP($D85,Grouped_Sources!$C:$C,1,FALSE)),"", INDIRECT(VLOOKUP($D85,Grouped_Sources!$C:$I,5,FALSE)))} | M85: {=IF(ISNA(VLOOKUP($D85,Grouped_Sources!$C:$C,1,FALSE)),"", INDIRECT(VLOOKUP($D85,Grouped_Sources!$C:$I,6,FALSE)))} | N85: {=IF(ISNA(VLOOKUP($D85,Grouped_Sources!$C:$C,1,FALSE)),"", INDIRECT(VLOOKUP($D85,Grouped_Sources!$C:$I,7,FALSE)))}
A86: 3 | B86: 84 | C86: =IF(G86 = "",F86,IF(OR(G86="alpha",G86="beta",G86="constant",G86="sd",G86="mean",G86="sample"),F86,F86&" "&G86)) -> CO2_emission_inventories taxi | D86: =F86&"_"&E86 -> CO2_emission_inventories_南美洲 | E86: {=INDIRECT(ADDRESS(1,A86,1,1,"all_city_parameter_inputs"))} -> 南美洲 | F86: {=IF(AND(ISBLANK(INDIRECT(ADDRESS(B86,2,1,1,"all_city_parameter_inputs"))), ISBLANK(INDIRECT(ADDRESS(B86,1,1,1,"all_city_parameter_inputs")))), "", IF(ISBLANK(INDIRECT(ADDRESS(B86,1,1,1,"all_city_parameter_inputs"))), All_city_list!F85,INDIRECT(ADDRESS(B86,1,1,1,"all_city_parameter_inputs"))))} -> CO2_emission_inventories | G86: {=IF(AND(ISBLANK(INDIRECT(ADDRESS(B86,3,1,1,"all_city_parameter_inputs"))),ISBLANK(INDIRECT(ADDRESS(B86,2,1,1,"all_city_parameter_inputs")))),"",IF(ISBLANK(INDIRECT(ADDRESS(B86,2,1,1,"all_city_parameter_inputs"))),"",INDIRECT(ADDRESS(B86,2,1,1,"all_city_parameter_inputs"))))} -> taxi | H86: {=IF(ISBLANK(INDIRECT(ADDRESS(B86,A86,1,1,"all_city_parameter_inputs"))), "--",INDIRECT(ADDRESS(B86,A86,1,1,"all_city_parameter_inputs")))} -> -- | I86: =IF(OR(G86="alpha",G86="beta",G86="sd",G86="mean"),"--",VLOOKUP(C86,Default!$B$5:$H$114,7,FALSE)) -> 0 | J86: =VLOOKUP(F86,Lookup!$C$5:$D$110,2, FALSE) -> Pollution values | K86: =VLOOKUP(C86,Default!$B$4:$E$114,4, FALSE) -> 0 | L86: {=IF(ISNA(VLOOKUP($D86,Grouped_Sources!$C:$C,1,FALSE)),"", INDIRECT(VLOOKUP($D86,Grouped_Sources!$C:$I,5,FALSE)))} | M86: {=IF(ISNA(VLOOKUP($D86,Grouped_Sources!$C:$C,1,FALSE)),"", INDIRECT(VLOOKUP($D86,Grouped_Sources!$C:$I,6,FALSE)))} | N86: {=IF(ISNA(VLOOKUP($D86,Grouped_Sources!$C:$C,1,FALSE)),"", INDIRECT(VLOOKUP($D86,Grouped_Sources!$C:$I,7,FALSE)))}
A87: 3 | B87: 85 | C87: =IF(G87 = "",F87,IF(OR(G87="alpha",G87="beta",G87="constant",G87="sd",G87="mean",G87="sample"),F87,F87&" "&G87)) -> CO2_emission_inventories auto_rickshaw | D87: =F87&"_"&E87 -> CO2_emission_inventories_南美洲 | E87: {=INDIRECT(ADDRESS(1,A87,1,1,"all_city_parameter_inputs"))} -> 南美洲 | F87: {=IF(AND(ISBLANK(INDIRECT(ADDRESS(B87,2,1,1,"all_city_parameter_inputs"))), ISBLANK(INDIRECT(ADDRESS(B87,1,1,1,"all_city_parameter_inputs")))), "", IF(ISBLANK(INDIRECT(ADDRESS(B87,1,1,1,"all_city_parameter_inputs"))), All_city_list!F86,INDIRECT(ADDRESS(B87,1,1,1,"all_city_parameter_inputs"))))} -> CO2_emission_inventories | G87: {=IF(AND(ISBLANK(INDIRECT(ADDRESS(B87,3,1,1,"all_city_parameter_inputs"))),ISBLANK(INDIRECT(ADDRESS(B87,2,1,1,"all_city_parameter_inputs")))),"",IF(ISBLANK(INDIRECT(ADDRESS(B87,2,1,1,"all_city_parameter_inputs"))),"",INDIRECT(ADDRESS(B87,2,1,1,"all_city_parameter_inputs"))))} -> auto_rickshaw | H87: {=IF(ISBLANK(INDIRECT(ADDRESS(B87,A87,1,1,"all_city_parameter_inputs"))), "--",INDIRECT(ADDRESS(B87,A87,1,1,"all_city_parameter_inputs")))} -> -- | I87: =IF(OR(G87="alpha",G87="beta",G87="sd",G87="mean"),"--",VLOOKUP(C87,Default!$B$5:$H$114,7,FALSE)) -> 0 | J87: =VLOOKUP(F87,Lookup!$C$5:$D$110,2, FALSE) -> Pollution values | K87: =VLOOKUP(C87,Default!$B$4:$E$114,4, FALSE) -> 0 | L87: Not used for constant run
A88: 3 | B88: 86 | C88: =IF(G88 = "",F88,IF(OR(G88="alpha",G88="beta",G88="constant",G88="sd",G88="mean",G88="sample"),F88,F88&" "&G88)) -> CO2_emission_confidence | D88: =F88&"_"&E88 -> CO2_emission_confidence_南美洲 | E88: {=INDIRECT(ADDRESS(1,A88,1,1,"all_city_parameter_inputs"))} -> 南美洲 | F88: {=IF(AND(ISBLANK(INDIRECT(ADDRESS(B88,2,1,1,"all_city_parameter_inputs"))), ISBLANK(INDIRECT(ADDRESS(B88,1,1,1,"all_city_parameter_inputs")))), "", IF(ISBLANK(INDIRECT(ADDRESS(B88,1,1,1,"all_city_parameter_inputs"))), All_city_list!F87,INDIRECT(ADDRESS(B88,1,1,1,"all_city_parameter_inputs"))))} -> CO2_emission_confidence | G88: {=IF(AND(ISBLANK(INDIRECT(ADDRESS(B88,3,1,1,"all_city_parameter_inputs"))),ISBLANK(INDIRECT(ADDRESS(B88,2,1,1,"all_city_parameter_inputs")))),"",IF(ISBLANK(INDIRECT(ADDRESS(B88,2,1,1,"all_city_parameter_inputs"))),"",INDIRECT(ADDRESS(B88,2,1,1,"all_city_parameter_inputs"))))} -> sample | H88: {=IF(ISBLANK(INDIRECT(ADDRESS(B88,A88,1,1,"all_city_parameter_inputs"))), "--",INDIRECT(ADDRESS(B88,A88,1,1,"all_city_parameter_inputs")))} -> -- | I88: =IF(OR(G88="alpha",G88="beta",G88="sd",G88="mean"),"--",VLOOKUP(C88,Default!$B$5:$H$114,7,FALSE)) -> 1 | J88: =VLOOKUP(F88,Lookup!$C$5:$D$110,2, FALSE) -> Pollution values | K88: =VLOOKUP(C88,Default!$B$4:$E$114,4, FALSE) -> how confident we are about the CO2 emissions inventory (equivalent to PM_EMISSION_INVENTORY_CONFIDENCE) | L88: https://www.autofact.com.co/blog/mi-carro/actividades/carpooling-colombia | M88: Autofact, 2022
A89: 3 | B89: 87 | C89: =IF(G89 = "",F89,IF(OR(G89="alpha",G89="beta",G89="constant",G89="sd",G89="mean",G89="sample"),F89,F89&" "&G89)) -> car_occupancy_ratio | D89: =F89&"_"&E89 -> car_occupancy_ratio_南美洲 | E89: {=INDIRECT(ADDRESS(1,A89,1,1,"all_city_parameter_inputs"))} -> 南美洲 | F89: {=IF(AND(ISBLANK(INDIRECT(ADDRESS(B89,2,1,1,"all_city_parameter_inputs"))), ISBLANK(INDIRECT(ADDRESS(B89,1,1,1,"all_city_parameter_inputs")))), "", IF(ISBLANK(INDIRECT(ADDRESS(B89,1,1,1,"all_city_parameter_inputs"))), All_city_list!F88,INDIRECT(ADDRESS(B89,1,1,1,"all_city_parameter_inputs"))))} -> car_occupancy_ratio | G89: {=IF(AND(ISBLANK(INDIRECT(ADDRESS(B89,3,1,1,"all_city_parameter_inputs"))),ISBLANK(INDIRECT(ADDRESS(B89,2,1,1,"all_city_parameter_inputs")))),"",IF(ISBLANK(INDIRECT(ADDRESS(B89,2,1,1,"all_city_parameter_inputs"))),"",INDIRECT(ADDRESS(B89,2,1,1,"all_city_parameter_inputs"))))} -> constant | H89: {=IF(ISBLANK(INDIRECT(ADDRESS(B89,A89,1,1,"all_city_parameter_inputs"))), "--",INDIRECT(ADDRESS(B89,A89,1,1,"all_city_parameter_inputs")))} -> 0.625 | I89: =IF(OR(G89="alpha",G89="beta",G89="sd",G89="mean"),"--",VLOOKUP(C89,Default!$B$5:$H$114,7,FALSE)) -> 0.625 | J89: =VLOOKUP(F89,Lookup!$C$5:$D$110,2, FALSE) -> Travel values | K89: =VLOOKUP(C89,Default!$B$4:$E$114,4, FALSE) -> ratio of cars to passengers (incl driver) | L89: {=IF(ISNA(VLOOKUP($D89,Grouped_Sources!$C:$C,1,FALSE)),"", INDIRECT(VLOOKUP($D89,Grouped_Sources!$C:$I,5,FALSE)))} | M89: {=IF(ISNA(VLOOKUP($D89,Grouped_Sources!$C:$C,1,FALSE)),"", INDIRECT(VLOOKUP($D89,Grouped_Sources!$C:$I,6,FALSE)))} | N89: {=IF(ISNA(VLOOKUP($D89,Grouped_Sources!$C:$C,1,FALSE)),"", INDIRECT(VLOOKUP($D89,Grouped_Sources!$C:$I,7,FALSE)))}
A90: 3 | B90: 88 | C90: =IF(G90 = "",F90,IF(OR(G90="alpha",G90="beta",G90="constant",G90="sd",G90="mean",G90="sample"),F90,F90&" "&G90)) -> car_occupancy_ratio | D90: =F90&"_"&E90 -> car_occupancy_ratio_南美洲 | E90: {=INDIRECT(ADDRESS(1,A90,1,1,"all_city_parameter_inputs"))} -> 南美洲 | F90: {=IF(AND(ISBLANK(INDIRECT(ADDRESS(B90,2,1,1,"all_city_parameter_inputs"))), ISBLANK(INDIRECT(ADDRESS(B90,1,1,1,"all_city_parameter_inputs")))), "", IF(ISBLANK(INDIRECT(ADDRESS(B90,1,1,1,"all_city_parameter_inputs"))), All_city_list!F89,INDIRECT(ADDRESS(B90,1,1,1,"all_city_parameter_inputs"))))} -> car_occupancy_ratio | G90: {=IF(AND(ISBLANK(INDIRECT(ADDRESS(B90,3,1,1,"all_city_parameter_inputs"))),ISBLANK(INDIRECT(ADDRESS(B90,2,1,1,"all_city_parameter_inputs")))),"",IF(ISBLANK(INDIRECT(ADDRESS(B90,2,1,1,"all_city_parameter_inputs"))),"",INDIRECT(ADDRESS(B90,2,1,1,"all_city_parameter_inputs"))))} -> alpha | H90: {=IF(ISBLANK(INDIRECT(ADDRESS(B90,A90,1,1,"all_city_parameter_inputs"))), "--",INDIRECT(ADDRESS(B90,A90,1,1,"all_city_parameter_inputs")))} -> -- | I90: =IF(OR(G90="alpha",G90="beta",G90="sd",G90="mean"),"--",VLOOKUP(C90,Default!$B$5:$H$114,7,FALSE)) -> -- | J90: =VLOOKUP(F90,Lookup!$C$5:$D$110,2, FALSE) -> Travel values | K90: =VLOOKUP(C90,Default!$B$4:$E$114,4, FALSE) -> ratio of cars to passengers (incl driver) | L90: {=IF(ISNA(VLOOKUP($D90,Grouped_Sources!$C:$C,1,FALSE)),"", INDIRECT(VLOOKUP($D90,Grouped_Sources!$C:$I,5,FALSE)))} | M90: {=IF(ISNA(VLOOKUP($D90,Grouped_Sources!$C:$C,1,FALSE)),"", INDIRECT(VLOOKUP($D90,Grouped_Sources!$C:$I,6,FALSE)))} | N90: {=IF(ISNA(VLOOKUP($D90,Grouped_Sources!$C:$C,1,FALSE)),"", INDIRECT(VLOOKUP($D90,Grouped_Sources!$C:$I,7,FALSE)))}
A91: 3 | B91: 89 | C91: =IF(G91 = "",F91,IF(OR(G91="alpha",G91="beta",G91="constant",G91="sd",G91="mean",G91="sample"),F91,F91&" "&G91)) -> car_occupancy_ratio | D91: =F91&"_"&E91 -> car_occupancy_ratio_南美洲 | E91: {=INDIRECT(ADDRESS(1,A91,1,1,"all_city_parameter_inputs"))} -> 南美洲 | F91: {=IF(AND(ISBLANK(INDIRECT(ADDRESS(B91,2,1,1,"all_city_parameter_inputs"))), ISBLANK(INDIRECT(ADDRESS(B91,1,1,1,"all_city_parameter_inputs")))), "", IF(ISBLANK(INDIRECT(ADDRESS(B91,1,1,1,"all_city_parameter_inputs"))), All_city_list!F90,INDIRECT(ADDRESS(B91,1,1,1,"all_city_parameter_inputs"))))} -> car_occupancy_ratio | G91: {=IF(AND(ISBLANK(INDIRECT(ADDRESS(B91,3,1,1,"all_city_parameter_inputs"))),ISBLANK(INDIRECT(ADDRESS(B91,2,1,1,"all_city_parameter_inputs")))),"",IF(ISBLANK(INDIRECT(ADDRESS(B91,2,1,1,"all_city_parameter_inputs"))),"",INDIRECT(ADDRESS(B91,2,1,1,"all_city_parameter_inputs"))))} -> beta | H91: {=IF(ISBLANK(INDIRECT(ADDRESS(B91,A91,1,1,"all_city_parameter_inputs"))), "--",INDIRECT(ADDRESS(B91,A91,1,1,"all_city_parameter_inputs")))} -> -- | I91: =IF(OR(G91="alpha",G91="beta",G91="sd",G91="mean"),"--",VLOOKUP(C91,Default!$B$5:$H$114,7,FALSE)) -> -- | J91: =VLOOKUP(F91,Lookup!$C$5:$D$110,2, FALSE) -> Travel values | K91: =VLOOKUP(C91,Default!$B$4:$E$114,4, FALSE) -> ratio of cars to passengers (incl driver) | L91: {=IF(ISNA(VLOOKUP(D91,Grouped_Sources!$C:$C,1,FALSE)),"", INDIRECT(VLOOKUP(D91,Grouped_Sources!$C:$G,5,FALSE)))}
A92: 3 | B92: 90 | C92: =IF(G92 = "",F92,IF(OR(G92="alpha",G92="beta",G92="constant",G92="sd",G92="mean",G92="sample"),F92,F92&" "&G92)) -> country | D92: =F92&"_"&E92 -> country_南美洲 | E92: {=INDIRECT(ADDRESS(1,A92,1,1,"all_city_parameter_inputs"))} -> 南美洲 | F92: {=IF(AND(ISBLANK(INDIRECT(ADDRESS(B92,2,1,1,"all_city_parameter_inputs"))), ISBLANK(INDIRECT(ADDRESS(B92,1,1,1,"all_city_parameter_inputs")))), "", IF(ISBLANK(INDIRECT(ADDRESS(B92,1,1,1,"all_city_parameter_inputs"))), All_city_list!F91,INDIRECT(ADDRESS(B92,1,1,1,"all_city_parameter_inputs"))))} -> country | G92: {=IF(AND(ISBLANK(INDIRECT(ADDRESS(B92,3,1,1,"all_city_parameter_inputs"))),ISBLANK(INDIRECT(ADDRESS(B92,2,1,1,"all_city_parameter_inputs")))),"",IF(ISBLANK(INDIRECT(ADDRESS(B92,2,1,1,"all_city_parameter_inputs"))),"",INDIRECT(ADDRESS(B92,2,1,1,"all_city_parameter_inputs"))))} | H92: {=IF(ISBLANK(INDIRECT(ADDRESS(B92,A92,1,1,"all_city_parameter_inputs"))), "--",INDIRECT(ADDRESS(B92,A92,1,1,"all_city_parameter_inputs")))} -> Colombia | I92: =IF(OR(G92="alpha",G92="beta",G92="sd",G92="mean"),"--",VLOOKUP(C92,Default!$B$5:$H$114,7,FALSE)) -> Bogota | J92: =VLOOKUP(F92,Lookup!$C$5:$D$110,2, FALSE) -> Miscellaneous | K92: =VLOOKUP(C92,Default!$B$4:$E$114,4, FALSE) -> country where city lies in | L92: {=IF(ISNA(VLOOKUP(D92,Grouped_Sources!$C:$C,1,FALSE)),"", INDIRECT(VLOOKUP(D92,Grouped_Sources!$C:$G,5,FALSE)))}
A93: 3 | B93: 91 | C93: =IF(G93 = "",F93,IF(OR(G93="alpha",G93="beta",G93="constant",G93="sd",G93="mean",G93="sample"),F93,F93&" "&G93)) -> continent | D93: =F93&"_"&E93 -> continent_南美洲 | E93: {=INDIRECT(ADDRESS(1,A93,1,1,"all_city_parameter_inputs"))} -> 南美洲 | F93: {=IF(AND(ISBLANK(INDIRECT(ADDRESS(B93,2,1,1,"all_city_parameter_inputs"))), ISBLANK(INDIRECT(ADDRESS(B93,1,1,1,"all_city_parameter_inputs")))), "", IF(ISBLANK(INDIRECT(ADDRESS(B93,1,1,1,"all_city_parameter_inputs"))), All_city_list!F92,INDIRECT(ADDRESS(B93,1,1,1,"all_city_parameter_inputs"))))} -> continent | G93: {=IF(AND(ISBLANK(INDIRECT(ADDRESS(B93,3,1,1,"all_city_parameter_inputs"))),ISBLANK(INDIRECT(ADDRESS(B93,2,1,1,"all_city_parameter_inputs")))),"",IF(ISBLANK(INDIRECT(ADDRESS(B93,2,1,1,"all_city_parameter_inputs"))),"",INDIRECT(ADDRESS(B93,2,1,1,"all_city_parameter_inputs"))))} | H93: {=IF(ISBLANK(INDIRECT(ADDRESS(B93,A93,1,1,"all_city_parameter_inputs"))), "--",INDIRECT(ADDRESS(B93,A93,1,1,"all_city_parameter_inputs")))} -> Latin_America | I93: =IF(OR(G93="alpha",G93="beta",G93="sd",G93="mean"),"--",VLOOKUP(C93,Default!$B$5:$H$114,7,FALSE)) -> Latin_America | J93: =VLOOKUP(F93,Lookup!$C$5:$D$110,2, FALSE) -> Miscellaneous | K93: =VLOOKUP(C93,Default!$B$4:$E$114,4, FALSE) -> continent | L93: https://www.despacio.org/wp-content/uploads/2020/03/mujeresbogotalascuentas20200303web.pdf, p.90 | M93: Moscoso, 2020
A94: 3 | B94: 92 | C94: =IF(G94 = "",F94,IF(OR(G94="alpha",G94="beta",G94="constant",G94="sd",G94="mean",G94="sample"),F94,F94&" "&G94)) -> bus_driver_prop_male | D94: =F94&"_"&E94 -> bus_driver_prop_male_南美洲 | E94: {=INDIRECT(ADDRESS(1,A94,1,1,"all_city_parameter_inputs"))} -> 南美洲 | F94: {=IF(AND(ISBLANK(INDIRECT(ADDRESS(B94,2,1,1,"all_city_parameter_inputs"))), ISBLANK(INDIRECT(ADDRESS(B94,1,1,1,"all_city_parameter_inputs")))), "", IF(ISBLANK(INDIRECT(ADDRESS(B94,1,1,1,"all_city_parameter_inputs"))), All_city_list!F93,INDIRECT(ADDRESS(B94,1,1,1,"all_city_parameter_inputs"))))} -> bus_driver_prop_male | G94: {=IF(AND(ISBLANK(INDIRECT(ADDRESS(B94,3,1,1,"all_city_parameter_inputs"))),ISBLANK(INDIRECT(ADDRESS(B94,2,1,1,"all_city_parameter_inputs")))),"",IF(ISBLANK(INDIRECT(ADDRESS(B94,2,1,1,"all_city_parameter_inputs"))),"",INDIRECT(ADDRESS(B94,2,1,1,"all_city_parameter_inputs"))))} | H94: {=IF(ISBLANK(INDIRECT(ADDRESS(B94,A94,1,1,"all_city_parameter_inputs"))), "--",INDIRECT(ADDRESS(B94,A94,1,1,"all_city_parameter_inputs")))} -> 0.98 | I94: =IF(OR(G94="alpha",G94="beta",G94="sd",G94="mean"),"--",VLOOKUP(C94,Default!$B$5:$H$114,7,FALSE)) -> 0.98 | J94: =VLOOKUP(F94,Lookup!$C$5:$D$110,2, FALSE) -> Travel values | K94: =VLOOKUP(C94,Default!$B$4:$E$114,4, FALSE) -> proportion of bus drivers that are male | L94: Sí hay empleo para ser operadores de TransMilenio, https://www.oecd.org/els/public-pensions/OECD-Pension-Policy-Notes-Colombia.pdf, One year of driving experience is required and you can get your licence with 18, retirement age for men is 62 | M94: Transmilenio, 2019, OECD data explorer, 2020
A95: 3 | B95: 93 | C95: =IF(G95 = "",F95,IF(OR(G95="alpha",G95="beta",G95="constant",G95="sd",G95="mean",G95="sample"),F95,F95&" "&G95)) -> bus_driver_male_agerange | D95: =F95&"_"&E95 -> bus_driver_male_agerange_南美洲 | E95: {=INDIRECT(ADDRESS(1,A95,1,1,"all_city_parameter_inputs"))} -> 南美洲 | F95: {=IF(AND(ISBLANK(INDIRECT(ADDRESS(B95,2,1,1,"all_city_parameter_inputs"))), ISBLANK(INDIRECT(ADDRESS(B95,1,1,1,"all_city_parameter_inputs")))), "", IF(ISBLANK(INDIRECT(ADDRESS(B95,1,1,1,"all_city_parameter_inputs"))), All_city_list!F94,INDIRECT(ADDRESS(B95,1,1,1,"all_city_parameter_inputs"))))} -> bus_driver_male_agerange | G95: {=IF(AND(ISBLANK(INDIRECT(ADDRESS(B95,3,1,1,"all_city_parameter_inputs"))),ISBLANK(INDIRECT(ADDRESS(B95,2,1,1,"all_city_parameter_inputs")))),"",IF(ISBLANK(INDIRECT(ADDRESS(B95,2,1,1,"all_city_parameter_inputs"))),"",INDIRECT(ADDRESS(B95,2,1,1,"all_city_parameter_inputs"))))} | H95: {=IF(ISBLANK(INDIRECT(ADDRESS(B95,A95,1,1,"all_city_parameter_inputs"))), "--",INDIRECT(ADDRESS(B95,A95,1,1,"all_city_parameter_inputs")))} -> 19, 62 | I95: =IF(OR(G95="alpha",G95="beta",G95="sd",G95="mean"),"--",VLOOKUP(C95,Default!$B$5:$H$114,7,FALSE)) -> 19, 65 | J95: =VLOOKUP(F95,Lookup!$C$5:$D$110,2, FALSE) -> Travel values | K95: =VLOOKUP(C95,Default!$B$4:$E$114,4, FALSE) -> age range of male bus drivers | L95: Sí hay empleo para ser operadores de https://www.oecd.org/els/public-pensions/OECD-Pension-Policy-Notes-Colombia.pdf, One year of driving experience is required and you can get your licence with 18, retirement age for women is 57 | M95: Transmilenio, 2019, OECD data explorer, 2020
A96: 3 | B96: 94 | C96: =IF(G96 = "",F96,IF(OR(G96="alpha",G96="beta",G96="constant",G96="sd",G96="mean",G96="sample"),F96,F96&" "&G96)) -> bus_driver_female_agerange | D96: =F96&"_"&E96 -> bus_driver_female_agerange_南美洲 | E96: {=INDIRECT(ADDRESS(1,A96,1,1,"all_city_parameter_inputs"))} -> 南美洲 | F96: {=IF(AND(ISBLANK(INDIRECT(ADDRESS(B96,2,1,1,"all_city_parameter_inputs"))), ISBLANK(INDIRECT(ADDRESS(B96,1,1,1,"all_city_parameter_inputs")))), "", IF(ISBLANK(INDIRECT(ADDRESS(B96,1,1,1,"all_city_parameter_inputs"))), All_city_list!F95,INDIRECT(ADDRESS(B96,1,1,1,"all_city_parameter_inputs"))))} -> bus_driver_female_agerange | G96: {=IF(AND(ISBLANK(INDIRECT(ADDRESS(B96,3,1,1,"all_city_parameter_inputs"))),ISBLANK(INDIRECT(ADDRESS(B96,2,1,1,"all_city_parameter_inputs")))),"",IF(ISBLANK(INDIRECT(ADDRESS(B96,2,1,1,"all_city_parameter_inputs"))),"",INDIRECT(ADDRESS(B96,2,1,1,"all_city_parameter_inputs"))))} | H96: {=IF(ISBLANK(INDIRECT(ADDRESS(B96,A96,1,1,"all_city_parameter_inputs"))), "--",INDIRECT(ADDRESS(B96,A96,1,1,"all_city_parameter_inputs")))} -> 19, 57 | I96: =IF(OR(G96="alpha",G96="beta",G96="sd",G96="mean"),"--",VLOOKUP(C96,Default!$B$5:$H$114,7,FALSE)) -> 19, 65 | J96: =VLOOKUP(F96,Lookup!$C$5:$D$110,2, FALSE) -> Travel values | K96: =VLOOKUP(C96,Default!$B$4:$E$114,4, FALSE) -> age range of female bus drivers | L96: Guesstimate, in 2020, 2.328 females had driving licence for tractocamiones (trucks? https://www.busesycamioneschevrolet.com.co/blog/mujeres-y-madres-transportadoras-un-mundo-que-cada-vez-crece-mas/), used same percentage as for male bus drivers
A97: 3 | B97: 95 | C97: =IF(G97 = "",F97,IF(OR(G97="alpha",G97="beta",G97="constant",G97="sd",G97="mean",G97="sample"),F97,F97&" "&G97)) -> truck_driver_prop_male | D97: =F97&"_"&E97 -> truck_driver_prop_male_南美洲 | E97: {=INDIRECT(ADDRESS(1,A97,1,1,"all_city_parameter_inputs"))} -> 南美洲 | F97: {=IF(AND(ISBLANK(INDIRECT(ADDRESS(B97,2,1,1,"all_city_parameter_inputs"))), ISBLANK(INDIRECT(ADDRESS(B97,1,1,1,"all_city_parameter_inputs")))), "", IF(ISBLANK(INDIRECT(ADDRESS(B97,1,1,1,"all_city_parameter_inputs"))), All_city_list!F96,INDIRECT(ADDRESS(B97,1,1,1,"all_city_parameter_inputs"))))} -> truck_driver_prop_male | G97: {=IF(AND(ISBLANK(INDIRECT(ADDRESS(B97,3,1,1,"all_city_parameter_inputs"))),ISBLANK(INDIRECT(ADDRESS(B97,2,1,1,"all_city_parameter_inputs")))),"",IF(ISBLANK(INDIRECT(ADDRESS(B97,2,1,1,"all_city_parameter_inputs"))),"",INDIRECT(ADDRESS(B97,2,1,1,"all_city_parameter_inputs"))))} | H97: {=IF(ISBLANK(INDIRECT(ADDRESS(B97,A97,1,1,"all_city_parameter_inputs"))), "--",INDIRECT(ADDRESS(B97,A97,1,1,"all_city_parameter_inputs")))} -> 0.98 | I97: =IF(OR(G97="alpha",G97="beta",G97="sd",G97="mean"),"--",VLOOKUP(C97,Default!$B$5:$H$114,7,FALSE)) -> 0.98 | J97: =VLOOKUP(F97,Lookup!$C$5:$D$110,2, FALSE) -> Travel values | K97: =VLOOKUP(C97,Default!$B$4:$E$114,4, FALSE) -> proportion of male truck drivers | L97: https://www.autofact.com.co/blog/mi-carro/licencias/licencia-c3#:~:text=La%20licencia%20C3%20pertenece%20a,identifican%20por%20llevar%20placa%20blanca., https://data-explorer.oecd.org/vis?df[ds]=DisseminateFinalDMZ&df[id]=DSD_PAG%40DF_PAG&df[ag]=OECD.ELS.SPD&dq=.A.CRPLF22%2BFRPLF22%2BGPRR100%2BATRW%2BATRAEP%2BATRPPAE%2BNPRR100%2BGPW100%2BNPW100%2BFR%2BLE%2BER%2BOAWAR%2BELMEA%2BEYLME%2BEDIOP%2BPTOP%2BOCOP%2BCIOP%2BEIOP%2BAWGW%2BOAIP%2BPEP%2BPPEP....&pd=2019%2C2022&to[TIME_PERIOD]=true&ly[cl]=COMBINED_MEASURE%2CCOMBINED_UNIT_MEASURE%2CTIME_PERIOD&ly[rw]=REF_AREA&vw=tb, You can get your licence with 18, retirement age for men is 62 | M97: Autofact, 2024, OECD data explorer, 2020
A98: 3 | B98: 96 | C98: =IF(G98 = "",F98,IF(OR(G98="alpha",G98="beta",G98="constant",G98="sd",G98="mean",G98="sample"),F98,F98&" "&G98)) -> truck_driver_male_agerange | D98: =F98&"_"&E98 -> truck_driver_male_agerange_南美洲 | E98: {=INDIRECT(ADDRESS(1,A98,1,1,"all_city_parameter_inputs"))} -> 南美洲 | F98: {=IF(AND(ISBLANK(INDIRECT(ADDRESS(B98,2,1,1,"all_city_parameter_inputs"))), ISBLANK(INDIRECT(ADDRESS(B98,1,1,1,"all_city_parameter_inputs")))), "", IF(ISBLANK(INDIRECT(ADDRESS(B98,1,1,1,"all_city_parameter_inputs"))), All_city_list!F97,INDIRECT(ADDRESS(B98,1,1,1,"all_city_parameter_inputs"))))} -> truck_driver_male_agerange | G98: {=IF(AND(ISBLANK(INDIRECT(ADDRESS(B98,3,1,1,"all_city_parameter_inputs"))),ISBLANK(INDIRECT(ADDRESS(B98,2,1,1,"all_city_parameter_inputs")))),"",IF(ISBLANK(INDIRECT(ADDRESS(B98,2,1,1,"all_city_parameter_inputs"))),"",INDIRECT(ADDRESS(B98,2,1,1,"all_city_parameter_inputs"))))} | H98: {=IF(ISBLANK(INDIRECT(ADDRESS(B98,A98,1,1,"all_city_parameter_inputs"))), "--",INDIRECT(ADDRESS(B98,A98,1,1,"all_city_parameter_inputs")))} -> 18, 62 | I98: =IF(OR(G98="alpha",G98="beta",G98="sd",G98="mean"),"--",VLOOKUP(C98,Default!$B$5:$H$114,7,FALSE)) -> 18, 65 | J98: =VLOOKUP(F98,Lookup!$C$5:$D$110,2, FALSE) -> Travel values | K98: =VLOOKUP(C98,Default!$B$4:$E$114,4, FALSE) -> age range of male truck drivers | L98: https://www.autofact.com.co/blog/mi-carro/licencias/licencia-c3#:~:text=La%20licencia%20C3%20pertenece%20a,identifican%20por%20llevar%20placa%20blanca., https://data-explorer.oecd.org/vis?df[ds]=DisseminateFinalDMZ&df[id]=DSD_PAG%40DF_PAG&df[ag]=OECD.ELS.SPD&dq=.A.CRPLF22%2BFRPLF22%2BGPRR100%2BATRW%2BATRAEP%2BATRPPAE%2BNPRR100%2BGPW100%2BNPW100%2BFR%2BLE%2BER%2BOAWAR%2BELMEA%2BEYLME%2BEDIOP%2BPTOP%2BOCOP%2BCIOP%2BEIOP%2BAWGW%2BOAIP%2BPEP%2BPPEP....&pd=2019%2C2022&to[TIME_PERIOD]=true&ly[cl]=COMBINED_MEASURE%2CCOMBINED_UNIT_MEASURE%2CTIME_PERIOD&ly[rw]=REF_AREA&vw=tb, you can get your licence with 18, retirement age for women is 57 | M98: Autofact, 2024, OECD data explorer, 2020
A99: 3 | B99: 97 | C99: =IF(G99 = "",F99,IF(OR(G99="alpha",G99="beta",G99="constant",G99="sd",G99="mean",G99="sample"),F99,F99&" "&G99)) -> truck_driver_female_agerange | D99: =F99&"_"&E99 -> truck_driver_female_agerange_南美洲 | E99: {=INDIRECT(ADDRESS(1,A99,1,1,"all_city_parameter_inputs"))} -> 南美洲 | F99: {=IF(AND(ISBLANK(INDIRECT(ADDRESS(B99,2,1,1,"all_city_parameter_inputs"))), ISBLANK(INDIRECT(ADDRESS(B99,1,1,1,"all_city_parameter_inputs")))), "", IF(ISBLANK(INDIRECT(ADDRESS(B99,1,1,1,"all_city_parameter_inputs"))), All_city_list!F98,INDIRECT(ADDRESS(B99,1,1,1,"all_city_parameter_inputs"))))} -> truck_driver_female_agerange | G99: {=IF(AND(ISBLANK(INDIRECT(ADDRESS(B99,3,1,1,"all_city_parameter_inputs"))),ISBLANK(INDIRECT(ADDRESS(B99,2,1,1,"all_city_parameter_inputs")))),"",IF(ISBLANK(INDIRECT(ADDRESS(B99,2,1,1,"all_city_parameter_inputs"))),"",INDIRECT(ADDRESS(B99,2,1,1,"all_city_parameter_inputs"))))} | H99: {=IF(ISBLANK(INDIRECT(ADDRESS(B99,A99,1,1,"all_city_parameter_inputs"))), "--",INDIRECT(ADDRESS(B99,A99,1,1,"all_city_parameter_inputs")))} -> 18, 57 | I99: =IF(OR(G99="alpha",G99="beta",G99="sd",G99="mean"),"--",VLOOKUP(C99,Default!$B$5:$H$114,7,FALSE)) -> 18, 65 | J99: =VLOOKUP(F99,Lookup!$C$5:$D$110,2, FALSE) -> Travel values | K99: =VLOOKUP(C99,Default!$B$4:$E$114,4, FALSE) -> age range of female truck drivers | L99: La motocicleta en América Latina (CAF LIBRO motos digital.pdf) | M99: Rodríguez 2015
A100: 3 | B100: 98 | C100: =IF(G100 = "",F100,IF(OR(G100="alpha",G100="beta",G100="constant",G100="sd",G100="mean",G100="sample"),F100,F100&" "&G100)) -> commerical_mbike_prop_male | D100: =F100&"_"&E100 -> commerical_mbike_prop_male_南美洲 | E100: {=INDIRECT(ADDRESS(1,A100,1,1,"all_city_parameter_inputs"))} -> 南美洲 | F100: {=IF(AND(ISBLANK(INDIRECT(ADDRESS(B100,2,1,1,"all_city_parameter_inputs"))), ISBLANK(INDIRECT(ADDRESS(B100,1,1,1,"all_city_parameter_inputs")))), "", IF(ISBLANK(INDIRECT(ADDRESS(B100,1,1,1,"all_city_parameter_inputs"))), All_city_list!F99,INDIRECT(ADDRESS(B100,1,1,1,"all_city_parameter_inputs"))))} -> commerical_mbike_prop_male | G100: {=IF(AND(ISBLANK(INDIRECT(ADDRESS(B100,3,1,1,"all_city_parameter_inputs"))),ISBLANK(INDIRECT(ADDRESS(B100,2,1,1,"all_city_parameter_inputs")))),"",IF(ISBLANK(INDIRECT(ADDRESS(B100,2,1,1,"all_city_parameter_inputs"))),"",INDIRECT(ADDRESS(B100,2,1,1,"all_city_parameter_inputs"))))} | H100: {=IF(ISBLANK(INDIRECT(ADDRESS(B100,A100,1,1,"all_city_parameter_inputs"))), "--",INDIRECT(ADDRESS(B100,A100,1,1,"all_city_parameter_inputs")))} -> 0.99 | I100: =IF(OR(G100="alpha",G100="beta",G100="sd",G100="mean"),"--",VLOOKUP(C100,Default!$B$5:$H$114,7,FALSE)) -> 0.99 | J100: =VLOOKUP(F100,Lookup!$C$5:$D$110,2, FALSE) -> Travel values | K100: =VLOOKUP(C100,Default!$B$4:$E$114,4, FALSE) -> proportion of male commercial motorcycle drivers | L100: La motocicleta en América Latina (CAF LIBRO motos digital.pdf), https://data-explorer.oecd.org/vis?df[ds]=DisseminateFinalDMZ&df[id]=DSD_PAG%40DF_PAG&df[ag]=OECD.ELS.SPD&dq=.A.CRPLF22%2BFRPLF22%2BGPRR100%2BATRW%2BATRAEP%2BATRPPAE%2BNPRR100%2BGPW100%2BNPW100%2BFR%2BLE%2BER%2BOAWAR%2BELMEA%2BEYLME%2BEDIOP%2BPTOP%2BOCOP%2BCIOP%2BEIOP%2BAWGW%2BOAIP%2BPEP%2BPPEP....&pd=2019%2C2022&to[TIME_PERIOD]=true&ly[cl]=COMBINED_MEASURE%2CCOMBINED_UNIT_MEASURE%2CTIME_PERIOD&ly[rw]=REF_AREA&vw=tb, retirement age for men is 62 | M100: Rodríguez 2015 , OECD data explorer 2020
...

Sheet all_global_parameter_inputs
A1: parameter | B1: detail | C1: global
A2: cycling_mmet | B2: constant | C2: 5.8
B3: mean
B4: sd
A5: walking_mmet | B5: constant | C5: 2.5
B6: mean
B7: sd
A8: passenger_mmet | B8: constant | C8: 0.3
B9: mean
B10: sd
A11: car_driver_mmet | B11: constant | C11: 1.5
B12: mean
B13: sd
A14: motorcyclist_mmet | B14: constant | C14: 1.8
B15: mean
B16: sd
A17: sedentary_activity_mmet | B17: constant | C17: 0.3
B18: mean
B19: sd
A20: light_activity_mmet | B20: constant | C20: 1
B21: mean
B22: sd
A23: moderate_pa_mmet | B23: constant | C23: 3
B24: mean
B25: sd
A26: vigorous_pa_mmet | B26: constant | C26: 7
B27: mean
B28: sd
A29: sin_exponent_sum | B29: constant | C29: 1.7
B30: mean
B31: sd
A32: casualty_exponent_fraction | B32: constant | C32: 0.5
B33: alpha
B34: beta
A35: sin_exponent_sum_nov | B35: constant | C35: 0.8
B36: mean
B37: sd
A38: sin_exponent_sum_cycle | B38: constant | C38: 0.8
B39: mean
B40: sd
A41: casualty_exponent_fraction_cycle | B41: constant | C41: 0.5
B42: alpha
B43: beta
A44: sin_exponent_sum_ped | B44: constant | C44: 0.85
B45: mean
B46: sd
A47: casualty_exponent_fraction_ped | B47: constant | C47: =0.45/0.85 -> 0.52941176
B48: alpha
B49: beta
A50: sin_exponent_sum_veh | B50: constant | C50: 1.05
B51: mean
B52: sd
A53: casualty_exponent_fraction_veh | B53: constant | C53: 0.5
B54: alpha
B55: beta
A56: call_individual_sin | C56: T
A57: add_truck_drivers | C57: T
A58: add_bus_drivers | C58: T
A59: add_car_drivers | C59: T
A60: pa_dr_quantile_city1 | C60: T
A61: ap_dr_quantile_city1 | C61: T
A62: min_age | C62: 15
A63: max_age | C63: 69
A64: dist_cat | C64: 0-2 km, 2-6 km, 6+ km
A65: outcome_age_min | C65: 15, 50
A66: outcome_age_max | C66: 49, 69
A67: outcome_age_groups | C67: 15-49, 50-69
A68: minimum_pt_time | C68: 5
A69: moderate_pa_contribution | C69: 0.5

Sheet All_global_list
B4: Default lookup | C4: Parameter | D4: Detail | E4: Value | F4: Default value | G4: Classification | H4: Description | I4: Location of data (e.g. in v-drive, web link) | J4: Source of data | K4: Comments
B5: cycling_mmet | C5: =IF(all_global_parameter_inputs!A2="",All_global_list!C4,all_global_parameter_inputs!A2) -> cycling_mmet | D5: =IF(all_global_parameter_inputs!B2="","",all_global_parameter_inputs!B2) -> constant | E5: =all_global_parameter_inputs!C2 -> 5.8 | F5: =IF(OR(D5="alpha",D5="beta",D5="sd",D5="mean"),"--",VLOOKUP(B5,Default!$B:$H,7,FALSE)) -> 5.8 | G5: =VLOOKUP(B5,Lookup!$C:$D,2, FALSE) -> PA values | H5: =VLOOKUP(B5,Default!$B:$E,4, FALSE) -> marginal MET value associated with cycling | I5: Compendium of physical activity https://sites.google.com/site/compendiumofphysicalactivities/Activity-Categories/bicycling?authuser=1
B6: cycling_mmet | C6: =IF(all_global_parameter_inputs!A3="",All_global_list!C5,all_global_parameter_inputs!A3) -> cycling_mmet | D6: =IF(all_global_parameter_inputs!B3="","",all_global_parameter_inputs!B3) -> mean | E6: =all_global_parameter_inputs!C3 -> 0 | F6: =IF(OR(D6="alpha",D6="beta",D6="sd",D6="mean"),"--",VLOOKUP(B6,Default!$B:$H,7,FALSE)) -> -- | G6: =VLOOKUP(B6,Lookup!$C:$D,2, FALSE) -> PA values | H6: =VLOOKUP(B6,Default!$B:$E,4, FALSE) -> marginal MET value associated with cycling
B7: cycling_mmet | C7: =IF(all_global_parameter_inputs!A4="",All_global_list!C6,all_global_parameter_inputs!A4) -> cycling_mmet | D7: =IF(all_global_parameter_inputs!B4="","",all_global_parameter_inputs!B4) -> sd | E7: =all_global_parameter_inputs!C4 -> 0 | F7: =IF(OR(D7="alpha",D7="beta",D7="sd",D7="mean"),"--",VLOOKUP(B7,Default!$B:$H,7,FALSE)) -> -- | G7: =VLOOKUP(B7,Lookup!$C:$D,2, FALSE) -> PA values | H7: =VLOOKUP(B7,Default!$B:$E,4, FALSE) -> marginal MET value associated with cycling
B8: walking_mmet | C8: =IF(all_global_parameter_inputs!A5="",All_global_list!C7,all_global_parameter_inputs!A5) -> walking_mmet | D8: =IF(all_global_parameter_inputs!B5="","",all_global_parameter_inputs!B5) -> constant | E8: =all_global_parameter_inputs!C5 -> 2.5 | F8: =IF(OR(D8="alpha",D8="beta",D8="sd",D8="mean"),"--",VLOOKUP(B8,Default!$B:$H,7,FALSE)) -> 2.5 | G8: =VLOOKUP(B8,Lookup!$C:$D,2, FALSE) -> PA values | H8: =VLOOKUP(B8,Default!$B:$E,4, FALSE) -> marginal MET value associated with walking | I8: Compendium of physical activity 16060 https://sites.google.com/site/compendiumofphysicalactivities/Activity-Categories/transportation?authuser=0
B9: walking_mmet | C9: =IF(all_global_parameter_inputs!A6="",All_global_list!C8,all_global_parameter_inputs!A6) -> walking_mmet | D9: =IF(all_global_parameter_inputs!B6="","",all_global_parameter_inputs!B6) -> mean | E9: =all_global_parameter_inputs!C6 -> 0 | F9: =IF(OR(D9="alpha",D9="beta",D9="sd",D9="mean"),"--",VLOOKUP(B9,Default!$B:$H,7,FALSE)) -> -- | G9: =VLOOKUP(B9,Lookup!$C:$D,2, FALSE) -> PA values | H9: =VLOOKUP(B9,Default!$B:$E,4, FALSE) -> marginal MET value associated with walking
B10: walking_mmet | C10: =IF(all_global_parameter_inputs!A7="",All_global_list!C9,all_global_parameter_inputs!A7) -> walking_mmet | D10: =IF(all_global_parameter_inputs!B7="","",all_global_parameter_inputs!B7) -> sd | E10: =all_global_parameter_inputs!C7 -> 0 | F10: =IF(OR(D10="alpha",D10="beta",D10="sd",D10="mean"),"--",VLOOKUP(B10,Default!$B:$H,7,FALSE)) -> -- | G10: =VLOOKUP(B10,Lookup!$C:$D,2, FALSE) -> PA values | H10: =VLOOKUP(B10,Default!$B:$E,4, FALSE) -> marginal MET value associated with walking
B11: passenger_mmet | C11: =IF(all_global_parameter_inputs!A8="",All_global_list!C10,all_global_parameter_inputs!A8) -> passenger_mmet | D11: =IF(all_global_parameter_inputs!B8="","",all_global_parameter_inputs!B8) -> constant | E11: =all_global_parameter_inputs!C8 -> 0.3 | F11: =IF(OR(D11="alpha",D11="beta",D11="sd",D11="mean"),"--",VLOOKUP(B11,Default!$B:$H,7,FALSE)) -> 0.3 | G11: =VLOOKUP(B11,Lookup!$C:$D,2, FALSE) -> PA values | H11: =VLOOKUP(B11,Default!$B:$E,4, FALSE) -> marginal MET value associated with being a passenger on public transport | I11: Compendium of physical activity 16015-15016 https://sites.google.com/site/compendiumofphysicalactivities/Activity-Categories/transportation?authuser=1
B12: passenger_mmet | C12: =IF(all_global_parameter_inputs!A9="",All_global_list!C11,all_global_parameter_inputs!A9) -> passenger_mmet | D12: =IF(all_global_parameter_inputs!B9="","",all_global_parameter_inputs!B9) -> mean | E12: =all_global_parameter_inputs!C9 -> 0 | F12: =IF(OR(D12="alpha",D12="beta",D12="sd",D12="mean"),"--",VLOOKUP(B12,Default!$B:$H,7,FALSE)) -> -- | G12: =VLOOKUP(B12,Lookup!$C:$D,2, FALSE) -> PA values | H12: =VLOOKUP(B12,Default!$B:$E,4, FALSE) -> marginal MET value associated with being a passenger on public transport
B13: passenger_mmet | C13: =IF(all_global_parameter_inputs!A10="",All_global_list!C12,all_global_parameter_inputs!A10) -> passenger_mmet | D13: =IF(all_global_parameter_inputs!B10="","",all_global_parameter_inputs!B10) -> sd | E13: =all_global_parameter_inputs!C10 -> 0 | F13: =IF(OR(D13="alpha",D13="beta",D13="sd",D13="mean"),"--",VLOOKUP(B13,Default!$B:$H,7,FALSE)) -> -- | G13: =VLOOKUP(B13,Lookup!$C:$D,2, FALSE) -> PA values | H13: =VLOOKUP(B13,Default!$B:$E,4, FALSE) -> marginal MET value associated with being a passenger on public transport
B14: car_driver_mmet | C14: =IF(all_global_parameter_inputs!A11="",All_global_list!C13,all_global_parameter_inputs!A11) -> car_driver_mmet | D14: =IF(all_global_parameter_inputs!B11="","",all_global_parameter_inputs!B11) -> constant | E14: =all_global_parameter_inputs!C11 -> 1.5 | F14: =IF(OR(D14="alpha",D14="beta",D14="sd",D14="mean"),"--",VLOOKUP(B14,Default!$B:$H,7,FALSE)) -> 1.5 | G14: =VLOOKUP(B14,Lookup!$C:$D,2, FALSE) -> PA values | H14: =VLOOKUP(B14,Default!$B:$E,4, FALSE) -> marginal MET value associated with being a car driver or passenger | I14: Compendium of physical activity 16010 https://sites.google.com/site/compendiumofphysicalactivities/Activity-Categories/transportation?authuser=2
B15: car_driver_mmet | C15: =IF(all_global_parameter_inputs!A12="",All_global_list!C14,all_global_parameter_inputs!A12) -> car_driver_mmet | D15: =IF(all_global_parameter_inputs!B12="","",all_global_parameter_inputs!B12) -> mean | E15: =all_global_parameter_inputs!C12 -> 0 | F15: =IF(OR(D15="alpha",D15="beta",D15="sd",D15="mean"),"--",VLOOKUP(B15,Default!$B:$H,7,FALSE)) -> -- | G15: =VLOOKUP(B15,Lookup!$C:$D,2, FALSE) -> PA values | H15: =VLOOKUP(B15,Default!$B:$E,4, FALSE) -> marginal MET value associated with being a car driver or passenger
B16: car_driver_mmet | C16: =IF(all_global_parameter_inputs!A13="",All_global_list!C15,all_global_parameter_inputs!A13) -> car_driver_mmet | D16: =IF(all_global_parameter_inputs!B13="","",all_global_parameter_inputs!B13) -> sd | E16: =all_global_parameter_inputs!C13 -> 0 | F16: =IF(OR(D16="alpha",D16="beta",D16="sd",D16="mean"),"--",VLOOKUP(B16,Default!$B:$H,7,FALSE)) -> -- | G16: =VLOOKUP(B16,Lookup!$C:$D,2, FALSE) -> PA values | H16: =VLOOKUP(B16,Default!$B:$E,4, FALSE) -> marginal MET value associated with being a car driver or passenger
B17: motorcyclist_mmet | C17: =IF(all_global_parameter_inputs!A14="",All_global_list!C16,all_global_parameter_inputs!A14) -> motorcyclist_mmet | D17: =IF(all_global_parameter_inputs!B14="","",all_global_parameter_inputs!B14) -> constant | E17: =all_global_parameter_inputs!C14 -> 1.8 | F17: =IF(OR(D17="alpha",D17="beta",D17="sd",D17="mean"),"--",VLOOKUP(B17,Default!$B:$H,7,FALSE)) -> 1.8 | G17: =VLOOKUP(B17,Lookup!$C:$D,2, FALSE) -> PA values | H17: =VLOOKUP(B17,Default!$B:$E,4, FALSE) -> marginal MET value associated with being a motorcyclist | I17: Compendium of physical activity 16030 https://sites.google.com/site/compendiumofphysicalactivities/Activity-Categories/transportation?authuser=3
B18: motorcyclist_mmet | C18: =IF(all_global_parameter_inputs!A15="",All_global_list!C17,all_global_parameter_inputs!A15) -> motorcyclist_mmet | D18: =IF(all_global_parameter_inputs!B15="","",all_global_parameter_inputs!B15) -> mean | E18: =all_global_parameter_inputs!C15 -> 0 | F18: =IF(OR(D18="alpha",D18="beta",D18="sd",D18="mean"),"--",VLOOKUP(B18,Default!$B:$H,7,FALSE)) -> -- | G18: =VLOOKUP(B18,Lookup!$C:$D,2, FALSE) -> PA values | H18: =VLOOKUP(B18,Default!$B:$E,4, FALSE) -> marginal MET value associated with being a motorcyclist
B19: motorcyclist_mmet | C19: =IF(all_global_parameter_inputs!A16="",All_global_list!C18,all_global_parameter_inputs!A16) -> motorcyclist_mmet | D19: =IF(all_global_parameter_inputs!B16="","",all_global_parameter_inputs!B16) -> sd | E19: =all_global_parameter_inputs!C16 -> 0 | F19: =IF(OR(D19="alpha",D19="beta",D19="sd",D19="mean"),"--",VLOOKUP(B19,Default!$B:$H,7,FALSE)) -> -- | G19: =VLOOKUP(B19,Lookup!$C:$D,2, FALSE) -> PA values | H19: =VLOOKUP(B19,Default!$B:$E,4, FALSE) -> marginal MET value associated with being a motorcyclist
B20: sedentary_activity_mmet | C20: =IF(all_global_parameter_inputs!A17="",All_global_list!C19,all_global_parameter_inputs!A17) -> sedentary_activity_mmet | D20: =IF(all_global_parameter_inputs!B17="","",all_global_parameter_inputs!B17) -> constant | E20: =all_global_parameter_inputs!C17 -> 0.3 | F20: =IF(OR(D20="alpha",D20="beta",D20="sd",D20="mean"),"--",VLOOKUP(B20,Default!$B:$H,7,FALSE)) -> 0.3 | G20: =VLOOKUP(B20,Lookup!$C:$D,2, FALSE) -> PA values | H20: =VLOOKUP(B20,Default!$B:$E,4, FALSE) -> marginal MET value associated with sedentary activity | I20: Compendium of physical activity 05080 https://sites.google.com/site/compendiumofphysicalactivities/Activity-Categories/home-activity?authuser=0
B21: sedentary_activity_mmet | C21: =IF(all_global_parameter_inputs!A18="",All_global_list!C20,all_global_parameter_inputs!A18) -> sedentary_activity_mmet | D21: =IF(all_global_parameter_inputs!B18="","",all_global_parameter_inputs!B18) -> mean | E21: =all_global_parameter_inputs!C18 -> 0 | F21: =IF(OR(D21="alpha",D21="beta",D21="sd",D21="mean"),"--",VLOOKUP(B21,Default!$B:$H,7,FALSE)) -> -- | G21: =VLOOKUP(B21,Lookup!$C:$D,2, FALSE) -> PA values | H21: =VLOOKUP(B21,Default!$B:$E,4, FALSE) -> marginal MET value associated with sedentary activity
B22: sedentary_activity_mmet | C22: =IF(all_global_parameter_inputs!A19="",All_global_list!C21,all_global_parameter_inputs!A19) -> sedentary_activity_mmet | D22: =IF(all_global_parameter_inputs!B19="","",all_global_parameter_inputs!B19) -> sd | E22: =all_global_parameter_inputs!C19 -> 0 | F22: =IF(OR(D22="alpha",D22="beta",D22="sd",D22="mean"),"--",VLOOKUP(B22,Default!$B:$H,7,FALSE)) -> -- | G22: =VLOOKUP(B22,Lookup!$C:$D,2, FALSE) -> PA values | H22: =VLOOKUP(B22,Default!$B:$E,4, FALSE) -> marginal MET value associated with sedentary activity
B23: light_activity_mmet | C23: =IF(all_global_parameter_inputs!A20="",All_global_list!C22,all_global_parameter_inputs!A20) -> light_activity_mmet | D23: =IF(all_global_parameter_inputs!B20="","",all_global_parameter_inputs!B20) -> constant | E23: =all_global_parameter_inputs!C20 -> 1 | F23: =IF(OR(D23="alpha",D23="beta",D23="sd",D23="mean"),"--",VLOOKUP(B23,Default!$B:$H,7,FALSE)) -> 1 | G23: =VLOOKUP(B23,Lookup!$C:$D,2, FALSE) -> PA values | H23: =VLOOKUP(B23,Default!$B:$E,4, FALSE) -> marginal MET value associated with light activity | I23: Compendium of physical activity 05160 (https://sites.google.com/site/compendiumofphysicalactivities/Activity-Categories/home-activity?authuser=1
B24: light_activity_mmet | C24: =IF(all_global_parameter_inputs!A21="",All_global_list!C23,all_global_parameter_inputs!A21) -> light_activity_mmet | D24: =IF(all_global_parameter_inputs!B21="","",all_global_parameter_inputs!B21) -> mean | E24: =all_global_parameter_inputs!C21 -> 0 | F24: =IF(OR(D24="alpha",D24="beta",D24="sd",D24="mean"),"--",VLOOKUP(B24,Default!$B:$H,7,FALSE)) -> -- | G24: =VLOOKUP(B24,Lookup!$C:$D,2, FALSE) -> PA values | H24: =VLOOKUP(B24,Default!$B:$E,4, FALSE) -> marginal MET value associated with light activity
B25: light_activity_mmet | C25: =IF(all_global_parameter_inputs!A22="",All_global_list!C24,all_global_parameter_inputs!A22) -> light_activity_mmet | D25: =IF(all_global_parameter_inputs!B22="","",all_global_parameter_inputs!B22) -> sd | E25: =all_global_parameter_inputs!C22 -> 0 | F25: -- | G25: =VLOOKUP(B25,Lookup!$C:$D,2, FALSE) -> PA values | H25: =VLOOKUP(B25,Default!$B:$E,4, FALSE) -> marginal MET value associated with light activity
B26: moderate_pa_mmet | C26: =IF(all_global_parameter_inputs!A23="",All_global_list!C25,all_global_parameter_inputs!A23) -> moderate_pa_mmet | D26: =IF(all_global_parameter_inputs!B23="","",all_global_parameter_inputs!B23) -> constant | E26: =all_global_parameter_inputs!C23 -> 3 | F26: =IF(OR(D26="alpha",D26="beta",D26="sd",D26="mean"),"--",VLOOKUP(B26,Default!$B:$H,7,FALSE)) -> 3 | G26: =VLOOKUP(B26,Lookup!$C:$D,2, FALSE) -> PA values | H26: =VLOOKUP(B26,Default!$B:$E,4, FALSE) -> marginal MET value associated with moderate activity | I26: GPAQ. P3. https://www.who.int/docs/default-source/ncds/ncd-surveillance/gpaq-analysis-guide.pdf
B27: moderate_pa_mmet | C27: =IF(all_global_parameter_inputs!A24="",All_global_list!C26,all_global_parameter_inputs!A24) -> moderate_pa_mmet | D27: =IF(all_global_parameter_inputs!B24="","",all_global_parameter_inputs!B24) -> mean | E27: =all_global_parameter_inputs!C24 -> 0 | F27: =IF(OR(D27="alpha",D27="beta",D27="sd",D27="mean"),"--",VLOOKUP(B27,Default!$B:$H,7,FALSE)) -> -- | G27: =VLOOKUP(B27,Lookup!$C:$D,2, FALSE) -> PA values | H27: =VLOOKUP(B27,Default!$B:$E,4, FALSE) -> marginal MET value associated with moderate activity
B28: moderate_pa_mmet | C28: =IF(all_global_parameter_inputs!A25="",All_global_list!C27,all_global_parameter_inputs!A25) -> moderate_pa_mmet | D28: =IF(all_global_parameter_inputs!B25="","",all_global_parameter_inputs!B25) -> sd | E28: =all_global_parameter_inputs!C25 -> 0 | F28: =IF(OR(D28="alpha",D28="beta",D28="sd",D28="mean"),"--",VLOOKUP(B28,Default!$B:$H,7,FALSE)) -> -- | G28: =VLOOKUP(B28,Lookup!$C:$D,2, FALSE) -> PA values | H28: =VLOOKUP(B28,Default!$B:$E,4, FALSE) -> marginal MET value associated with moderate activity
B29: vigorous_pa_mmet | C29: =IF(all_global_parameter_inputs!A26="",All_global_list!C28,all_global_parameter_inputs!A26) -> vigorous_pa_mmet | D29: =IF(all_global_parameter_inputs!B26="","",all_global_parameter_inputs!B26) -> constant | E29: =all_global_parameter_inputs!C26 -> 7 | F29: =IF(OR(D29="alpha",D29="beta",D29="sd",D29="mean"),"--",VLOOKUP(B29,Default!$B:$H,7,FALSE)) -> 7 | G29: =VLOOKUP(B29,Lookup!$C:$D,2, FALSE) -> PA values | H29: =VLOOKUP(B29,Default!$B:$E,4, FALSE) -> marginal MET value associated with vigorous activity | I29: GPAQ. P3. https://www.who.int/docs/default-source/ncds/ncd-surveillance/gpaq-analysis-guide.pdf
B30: vigorous_pa_mmet | C30: =IF(all_global_parameter_inputs!A27="",All_global_list!C29,all_global_parameter_inputs!A27) -> vigorous_pa_mmet | D30: =IF(all_global_parameter_inputs!B27="","",all_global_parameter_inputs!B27) -> mean | E30: =all_global_parameter_inputs!C27 -> 0 | F30: =IF(OR(D30="alpha",D30="beta",D30="sd",D30="mean"),"--",VLOOKUP(B30,Default!$B:$H,7,FALSE)) -> -- | G30: =VLOOKUP(B30,Lookup!$C:$D,2, FALSE) -> PA values | H30: =VLOOKUP(B30,Default!$B:$E,4, FALSE) -> marginal MET value associated with vigorous activity
B31: vigorous_pa_mmet | C31: =IF(all_global_parameter_inputs!A28="",All_global_list!C30,all_global_parameter_inputs!A28) -> vigorous_pa_mmet | D31: =IF(all_global_parameter_inputs!B28="","",all_global_parameter_inputs!B28) -> sd | E31: =all_global_parameter_inputs!C28 -> 0 | F31: =IF(OR(D31="alpha",D31="beta",D31="sd",D31="mean"),"--",VLOOKUP(B31,Default!$B:$H,7,FALSE)) -> -- | G31: =VLOOKUP(B31,Lookup!$C:$D,2, FALSE) -> PA values | H31: =VLOOKUP(B31,Default!$B:$E,4, FALSE) -> marginal MET value associated with vigorous activity
B32: sin_exponent_sum | C32: =IF(all_global_parameter_inputs!A29="",All_global_list!C10,all_global_parameter_inputs!A29) -> sin_exponent_sum | D32: =IF(all_global_parameter_inputs!B29="","",all_global_parameter_inputs!B29) -> constant | E32: =all_global_parameter_inputs!C29 -> 1.7 | F32: =IF(OR(D32="alpha",D32="beta",D32="sd",D32="mean"),"--",VLOOKUP(B32,Default!$B:$H,7,FALSE)) -> 2 | G32: =VLOOKUP(B32,Lookup!$C:$D,2, FALSE) -> Injury values | H32: =VLOOKUP(B32,Default!$B:$E,4, FALSE) -> linearity of injuries with respect to two modes. SIN_EXPONENT_SUM=2 means no safety in numbers | I32: see Safety in Numbers tab
B33: sin_exponent_sum | C33: =IF(all_global_parameter_inputs!A30="",All_global_list!C32,all_global_parameter_inputs!A30) -> sin_exponent_sum | D33: =IF(all_global_parameter_inputs!B30="","",all_global_parameter_inputs!B30) -> mean | E33: =all_global_parameter_inputs!C30 -> 0 | F33: =IF(OR(D33="alpha",D33="beta",D33="sd",D33="mean"),"--",VLOOKUP(B33,Default!$B:$H,7,FALSE)) -> -- | G33: =VLOOKUP(B33,Lookup!$C:$D,2, FALSE) -> Injury values
B34: sin_exponent_sum | C34: =IF(all_global_parameter_inputs!A31="",All_global_list!C33,all_global_parameter_inputs!A31) -> sin_exponent_sum | D34: =IF(all_global_parameter_inputs!B31="","",all_global_parameter_inputs!B31) -> sd | E34: =all_global_parameter_inputs!C31 -> 0 | F34: =IF(OR(D34="alpha",D34="beta",D34="sd",D34="mean"),"--",VLOOKUP(B34,Default!$B:$H,7,FALSE)) -> -- | G34: =VLOOKUP(B34,Lookup!$C:$D,2, FALSE) -> Injury values
B35: casualty_exponent_fraction | C35: =IF(all_global_parameter_inputs!A32="",All_global_list!C34,all_global_parameter_inputs!A32) -> casualty_exponent_fraction | D35: =IF(all_global_parameter_inputs!B32="","",all_global_parameter_inputs!B32) -> constant | E35: =all_global_parameter_inputs!C32 -> 0.5 | F35: =IF(OR(D35="alpha",D35="beta",D35="sd",D35="mean"),"--",VLOOKUP(B35,Default!$B:$H,7,FALSE)) -> 0.5 | G35: =VLOOKUP(B35,Lookup!$C:$D,2, FALSE) -> Injury values | H35: =VLOOKUP(B35,Default!$B:$E,4, FALSE) -> fraction of SIN_EXPONENT_SUM attributed to casualy mode | I35: see Safety in Numbers tab
B36: casualty_exponent_fraction | C36: =IF(all_global_parameter_inputs!A33="",All_global_list!C35,all_global_parameter_inputs!A33) -> casualty_exponent_fraction | D36: =IF(all_global_parameter_inputs!B33="","",all_global_parameter_inputs!B33) -> alpha | E36: =all_global_parameter_inputs!C33 -> 0 | F36: =IF(OR(D36="alpha",D36="beta",D36="sd",D36="mean"),"--",VLOOKUP(B36,Default!$B:$H,7,FALSE)) -> -- | G36: =VLOOKUP(B36,Lookup!$C:$D,2, FALSE) -> Injury values
B37: casualty_exponent_fraction | C37: =IF(all_global_parameter_inputs!A34="",All_global_list!C36,all_global_parameter_inputs!A34) -> casualty_exponent_fraction | D37: =IF(all_global_parameter_inputs!B34="","",all_global_parameter_inputs!B34) -> beta | E37: =all_global_parameter_inputs!C34 -> 0 | F37: =IF(OR(D37="alpha",D37="beta",D37="sd",D37="mean"),"--",VLOOKUP(B37,Default!$B:$H,7,FALSE)) -> -- | G37: =VLOOKUP(B37,Lookup!$C:$D,2, FALSE) -> Injury values
B38: sin_exponent_sum_nov | C38: =IF(all_global_parameter_inputs!A35="",All_global_list!C37,all_global_parameter_inputs!A35) -> sin_exponent_sum_nov | D38: =IF(all_global_parameter_inputs!B35="","",all_global_parameter_inputs!B35) -> constant | E38: =all_global_parameter_inputs!C35 -> 0.8 | F38: =IF(OR(D38="alpha",D38="beta",D38="sd",D38="mean"),"--",VLOOKUP(B38,Default!$B:$H,7,FALSE)) -> 1 | G38: =VLOOKUP(B38,Lookup!$C:$D,2, FALSE) -> Injury values | H38: =VLOOKUP(B38,Default!$B:$E,4, FALSE) -> same as global SIN_EXPONENT_SUM but only applies to NOV fatalities which means that this coefficient is only relevant for casualty mode and does not get split between cas and str modes. | I38: see Safety in Numbers tab
B39: sin_exponent_sum_nov | C39: =IF(all_global_parameter_inputs!A36="",All_global_list!C38,all_global_parameter_inputs!A36) -> sin_exponent_sum_nov | D39: =IF(all_global_parameter_inputs!B36="","",all_global_parameter_inputs!B36) -> mean | E39: =all_global_parameter_inputs!C36 -> 0 | F39: =IF(OR(D39="alpha",D39="beta",D39="sd",D39="mean"),"--",VLOOKUP(B39,Default!$B:$H,7,FALSE)) -> -- | G39: =VLOOKUP(B39,Lookup!$C:$D,2, FALSE) -> Injury values
B40: sin_exponent_sum_nov | C40: =IF(all_global_parameter_inputs!A37="",All_global_list!C39,all_global_parameter_inputs!A37) -> sin_exponent_sum_nov | D40: =IF(all_global_parameter_inputs!B37="","",all_global_parameter_inputs!B37) -> sd | E40: =all_global_parameter_inputs!C37 -> 0 | F40: =IF(OR(D40="alpha",D40="beta",D40="sd",D40="mean"),"--",VLOOKUP(B40,Default!$B:$H,7,FALSE)) -> -- | G40: =VLOOKUP(B40,Lookup!$C:$D,2, FALSE) -> Injury values
B41: sin_exponent_sum_cycle | C41: =IF(all_global_parameter_inputs!A38="",All_global_list!#REF!,all_global_parameter_inputs!A38) -> sin_exponent_sum_cycle | D41: =IF(all_global_parameter_inputs!B38="","",all_global_parameter_inputs!B38) -> constant | E41: =all_global_parameter_inputs!C38 -> 0.8 | F41: =IF(OR(D41="alpha",D41="beta",D41="sd",D41="mean"),"--",VLOOKUP(B41,Default!$B:$H,7,FALSE)) -> 2 | G41: =VLOOKUP(B41,Lookup!$C:$D,2, FALSE) -> Injury values | H41: =VLOOKUP(B41,Default!$B:$E,4, FALSE) -> same as global SIN_EXPONENT_SUM but only applies to cycle fatalities | I41: see Safety in Numbers tab
B42: sin_exponent_sum_cycle | C42: =IF(all_global_parameter_inputs!A39="",All_global_list!C41,all_global_parameter_inputs!A39) -> sin_exponent_sum_cycle | D42: =IF(all_global_parameter_inputs!B39="","",all_global_parameter_inputs!B39) -> mean | E42: =all_global_parameter_inputs!C39 -> 0 | F42: =IF(OR(D42="alpha",D42="beta",D42="sd",D42="mean"),"--",VLOOKUP(B42,Default!$B:$H,7,FALSE)) -> -- | G42: =VLOOKUP(B42,Lookup!$C:$D,2, FALSE) -> Injury values
B43: sin_exponent_sum_cycle | C43: =IF(all_global_parameter_inputs!A40="",All_global_list!C42,all_global_parameter_inputs!A40) -> sin_exponent_sum_cycle | D43: =IF(all_global_parameter_inputs!B40="","",all_global_parameter_inputs!B40) -> sd | E43: =all_global_parameter_inputs!C40 -> 0 | F43: =IF(OR(D43="alpha",D43="beta",D43="sd",D43="mean"),"--",VLOOKUP(B43,Default!$B:$H,7,FALSE)) -> -- | G43: =VLOOKUP(B43,Lookup!$C:$D,2, FALSE) -> Injury values
B44: casualty_exponent_fraction_cycle | C44: =IF(all_global_parameter_inputs!A41="",All_global_list!C43,all_global_parameter_inputs!A41) -> casualty_exponent_fraction_cycle | D44: =IF(all_global_parameter_inputs!B41="","",all_global_parameter_inputs!B41) -> constant | E44: =all_global_parameter_inputs!C41 -> 0.5 | F44: =IF(OR(D44="alpha",D44="beta",D44="sd",D44="mean"),"--",VLOOKUP(B44,Default!$B:$H,7,FALSE)) -> 0.5 | G44: =VLOOKUP(B44,Lookup!$C:$D,2, FALSE) -> Injury values | H44: =VLOOKUP(B44,Default!$B:$E,4, FALSE) -> same as global CASUALTY_EXPONENT_FRACTION but only applies to cycle fatalities | I44: see Safety in Numbers tab
B45: casualty_exponent_fraction_cycle | C45: =IF(all_global_parameter_inputs!A42="",All_global_list!C44,all_global_parameter_inputs!A42) -> casualty_exponent_fraction_cycle | D45: =IF(all_global_parameter_inputs!B42="","",all_global_parameter_inputs!B42) -> alpha | E45: =all_global_parameter_inputs!C42 -> 0 | F45: =IF(OR(D45="alpha",D45="beta",D45="sd",D45="mean"),"--",VLOOKUP(B45,Default!$B:$H,7,FALSE)) -> -- | G45: =VLOOKUP(B45,Lookup!$C:$D,2, FALSE) -> Injury values
B46: casualty_exponent_fraction_cycle | C46: =IF(all_global_parameter_inputs!A43="",All_global_list!C45,all_global_parameter_inputs!A43) -> casualty_exponent_fraction_cycle | D46: =IF(all_global_parameter_inputs!B43="","",all_global_parameter_inputs!B43) -> beta | E46: =all_global_parameter_inputs!C43 -> 0 | F46: =IF(OR(D46="alpha",D46="beta",D46="sd",D46="mean"),"--",VLOOKUP(B46,Default!$B:$H,7,FALSE)) -> -- | G46: =VLOOKUP(B46,Lookup!$C:$D,2, FALSE) -> Injury values
B47: sin_exponent_sum_ped | C47: =IF(all_global_parameter_inputs!A44="",All_global_list!C46,all_global_parameter_inputs!A44) -> sin_exponent_sum_ped | D47: =IF(all_global_parameter_inputs!B44="","",all_global_parameter_inputs!B44) -> constant | E47: =all_global_parameter_inputs!C44 -> 0.85 | F47: =IF(OR(D47="alpha",D47="beta",D47="sd",D47="mean"),"--",VLOOKUP(B47,Default!$B:$H,7,FALSE)) -> 2 | G47: =VLOOKUP(B47,Lookup!$C:$D,2, FALSE) -> Injury values | H47: =VLOOKUP(B47,Default!$B:$E,4, FALSE) -> same as global SIN_EXPONENT_SUM but only applies to pedestrian fatalities | I47: see Safety in Numbers tab
B48: sin_exponent_sum_ped | C48: =IF(all_global_parameter_inputs!A45="",All_global_list!C47,all_global_parameter_inputs!A45) -> sin_exponent_sum_ped | D48: =IF(all_global_parameter_inputs!B45="","",all_global_parameter_inputs!B45) -> mean | E48: =all_global_parameter_inputs!C45 -> 0 | F48: =IF(OR(D48="alpha",D48="beta",D48="sd",D48="mean"),"--",VLOOKUP(B48,Default!$B:$H,7,FALSE)) -> -- | G48: =VLOOKUP(B48,Lookup!$C:$D,2, FALSE) -> Injury values
B49: sin_exponent_sum_ped | C49: =IF(all_global_parameter_inputs!A46="",All_global_list!C48,all_global_parameter_inputs!A46) -> sin_exponent_sum_ped | D49: =IF(all_global_parameter_inputs!B46="","",all_global_parameter_inputs!B46) -> sd | E49: =all_global_parameter_inputs!C46 -> 0 | F49: =IF(OR(D49="alpha",D49="beta",D49="sd",D49="mean"),"--",VLOOKUP(B49,Default!$B:$H,7,FALSE)) -> -- | G49: =VLOOKUP(B49,Lookup!$C:$D,2, FALSE) -> Injury values
B50: casualty_exponent_fraction_ped | C50: =IF(all_global_parameter_inputs!A47="",All_global_list!C49,all_global_parameter_inputs!A47) -> casualty_exponent_fraction_ped | D50: =IF(all_global_parameter_inputs!B47="","",all_global_parameter_inputs!B47) -> constant | E50: =all_global_parameter_inputs!C47 -> 0.52941176 | F50: =IF(OR(D50="alpha",D50="beta",D50="sd",D50="mean"),"--",VLOOKUP(B50,Default!$B:$H,7,FALSE)) -> 0.5 | G50: =VLOOKUP(B50,Lookup!$C:$D,2, FALSE) -> Injury values | H50: =VLOOKUP(B50,Default!$B:$E,4, FALSE) -> same as global CASUALTY_EXPONENT_FRACTION but only applies to pedestrian fatalities | I50: see Safety in Numbers tab
B51: casualty_exponent_fraction_ped | C51: =IF(all_global_parameter_inputs!A48="",All_global_list!C50,all_global_parameter_inputs!A48) -> casualty_exponent_fraction_ped | D51: =IF(all_global_parameter_inputs!B48="","",all_global_parameter_inputs!B48) -> alpha | E51: =all_global_parameter_inputs!C48 -> 0 | F51: =IF(OR(D51="alpha",D51="beta",D51="sd",D51="mean"),"--",VLOOKUP(B51,Default!$B:$H,7,FALSE)) -> -- | G51: =VLOOKUP(B51,Lookup!$C:$D,2, FALSE) -> Injury values
B52: casualty_exponent_fraction_ped | C52: =IF(all_global_parameter_inputs!A49="",All_global_list!C51,all_global_parameter_inputs!A49) -> casualty_exponent_fraction_ped | D52: =IF(all_global_parameter_inputs!B49="","",all_global_parameter_inputs!B49) -> beta | E52: =all_global_parameter_inputs!C49 -> 0 | F52: =IF(OR(D52="alpha",D52="beta",D52="sd",D52="mean"),"--",VLOOKUP(B52,Default!$B:$H,7,FALSE)) -> -- | G52: =VLOOKUP(B52,Lookup!$C:$D,2, FALSE) -> Injury values
B53: sin_exponent_sum_veh | C53: =IF(all_global_parameter_inputs!A50="",All_global_list!C52,all_global_parameter_inputs!A50) -> sin_exponent_sum_veh | D53: =IF(all_global_parameter_inputs!B50="","",all_global_parameter_inputs!B50) -> constant | E53: =all_global_parameter_inputs!C50 -> 1.05 | F53: =IF(OR(D53="alpha",D53="beta",D53="sd",D53="mean"),"--",VLOOKUP(B53,Default!$B:$H,7,FALSE)) -> 2 | G53: =VLOOKUP(B53,Lookup!$C:$D,2, FALSE) -> Injury values | H53: =VLOOKUP(B53,Default!$B:$E,4, FALSE) -> same as global SIN_EXPONENT_SUM but only applies to vehicle fatalities | I53: see Safety in Numbers tab
