Workbook

Sheet Readme
B3: Spreadsheet giving details about the various input parameters used in the Value of Information script of ITHIM Global
B5: blue cells | C5: contain formula
B6: green cells | C6: need manual filling in
B10: Tab name | C10: Description
B11: all_city_parameter_inputs | C11: Table detailing all the city specific parameters based on the csv file with the same name and used as input into R
B12: All_city_list | C12: List of all city specific parameters including their source and and explanation of what the parameter does. Takes its values from all_city_parameter_inputs and Default tab. Parameter explanations and sources are added manually. To add a new city, add the city to the all_city_parameter_inputs tab and copy down the blue cells of the last populated row. If the structure of all_city_parameter_inputs is changed, add or delete rows for all cities to ensure the parameter descriptions and references are still in line with the correct parameter. The input values from all_city_parameter_inputs are currently being read based on their row and column value.
B13: all_global_parameter_inputs | C13: Details the global parameters, used as input file for ITHIM runs.
B14: All_global_list | C14: Details the values of the global parameters, i.e. the values that are not city specific. Reads values from all_global_parameter_inputs tab and Default tab and gives further information of where these values come from.
B15: Default | C15: List default values for all parameters, parameter explanations added to this tab are used in All_city_list
B16: Further_input_files | C16: Details where the additional input files needed for an ITHIM run can be found within the ITHIM-Global R package
B17: Grouped_sources | C17: Lookup table that shows from which city input parameter information on the all_city_list tab can be copied for other cities
B18: City_xxx | C18: Pivot tables comparing parameter values for different cities for different parameter classifications Pivot tables are set up to allow the inclusion of text values if needed (https://www.howtoexcel.org/pivot-tables/summarizing-text/)
B19: Lookup | C19: table linking different parameter names and classifications
B24: Document history
B25: version | C25: Changes made | D25: Author | E25: Date
B26: v1.0 | C26: Initial set-up | D26: AKS | E26: 44481
B27: v1.1 | C27: Added further info for default parameters | D27: AKS | E27: 44503
B28: v2.0 | C28: Added parameters for Latam Cities PM_emission_inventories values updated for Sao Paulo, Belo Horizonte, Bogota, Santiago, Mexico City, Buenos Aires pm_conc_base updated for Sao Paulo, Bangalore, Vizaq, Santiago, Mexico City pm_trans_share updated for Sao Paulo, Belo Horizonte, Bogota, Santiago | D28: AKS | E28: 44572
B29: v3.0 | C29: Added CO2_emission_confidence to all_city_parameter_inputs tab, also added all_global_parameter_inputs tab used as input when running ITHIM and updated All_global_list from the original Global tab accordingly | D29: AKS | E29: 44608
B30: v3.1 | C30: Added some more description of parameters, added Further_input_files sheet | D30: AKS | E30: 44615
B31: v3.2 | C31: Added additional parameter explanations, added Grouped_Sources tab which fills in the location of the input parameters based on information from other cities | D31: AKS | E31: 44627
B32: v4.0 | C32: Updated truck_to_car_ratio and injury_reporting_rate parameters and also added new car_occupancy_ratio parameter | D32: AKS | E32: 44706
B33: v4.1 | C33: Added further info for car_occupancy_ratio and where default values are defined in ITHIM-R, set add_bus_drivers and add_car_drivers to T, added car driver speed to default values | D33: AKS | E33: 44711
B34: v5.0 | C34: Updated bus_passenger_ratios, added documentation for rail_walk_time and bus_walk_time | D34: AKS | E34: 44728
B35: v6.0 | C35: Changed the values for the parameter: "PM_emission_inventories" to values from EDGAR v6.1 which corresponds to 2018 data. Note that this change is only applicable for the 20 Latin American cities and has not been done for the other cities (yet). Delhi, Bangalore, Vizag, and Cape Town have not been updated. Values from Antofagasta were used for Iquique and Alto Hospicio, and values from Valdivia were used for Temuco due to lack of EDGAR data. | D35: HK | E35: 44734
B36: v7.0 | C36: Double checked and changed some values for the parameters: "pm_conc_base" and "pm_trans_share" including matching the constant to the mean values in rows 19 and 20. Note that this change is only applicable for the 20 Latin American cities and has not been done for the other cities (yet). Delhi, Bangalore, Vizag, and Cape Town have not been updated. These values come from: “…Dropbox\ITHIM Global\Methods and Processes\Air Pollution\Emissions and air pollution calculations - Rahul & Haneen\Databases used\database_source_apport_studies_v2_0_26_9_2015.xls" | D36: HK | E36: 44739
B37: v7.1 | C37: Updated sources for PM_emission_inventories, pm_conc_base and pm_trans_share in All_city_list using info supplied by Haneen | D37: AKS | E37: 44741
... B71: v35.0 | C71: Added additional MET parameters and changed walking and cycling MMETs to METs | D71: AKS | E71: 45164

Sheet all_city_parameter_inputs
A1: parameter | B1: detail | C1: accra | D1: sao_paulo | E1: delhi | F1: bangalore | G1: vizag | H1: belo_horizonte | I1: bogota | J1: santiago | K1: mexico_city | L1: buenos_aires | M1: cape_town | N1: medellin | O1: cali | P1: montevideo | Q1: antofagasta | R1: arica | S1: copiapo | T1: coquimbo_laserena | U1: iquique_altohospicio | V1: osorno | W1: puerto_montt | X1: san_antonio | Y1: temuco_padrelascasas | Z1: valdivia | AA1: gran_valparaiso | AB1: nairobi | AC1: kisumu | AD1: port_louis
A2: speeds | B2: auto_rickshaw | C2: 4 | E2: 4 | F2: 4 | G2: 4 | M2: 4 | AB2: 4 | AC2: 4 | AD2: 4
B3: bus | C3: 12 | D3: 8.1 | E3: 12 | F3: 12 | G3: 12 | H3: 8.1 | I3: 8.1 | J3: 8.1 | K3: 8.1 | L3: 8.1 | M3: 12 | N3: 8.1 | O3: 8.1 | P3: 8.1 | Q3: 13 | R3: 13 | S3: 13 | T3: 13 | U3: 13 | V3: 13 | W3: 13 | X3: 7.1 | Y3: 13 | Z3: 13 | AA3: 7.1 | AB3: 12 | AC3: 12 | AD3: 12
B4: car | C4: 15 | D4: 13.8 | E4: 15 | F4: 15 | G4: 15 | H4: 13.8 | I4: 13.8 | J4: 13.8 | K4: 13.8 | L4: 13.8 | M4: 15 | N4: 13.8 | O4: 13.8 | P4: 13.8 | Q4: 16 | R4: 16 | S4: 16 | T4: 16 | U4: 16 | V4: 16 | W4: 16 | X4: 12.8 | Y4: 16 | Z4: 16 | AA4: 12.8 | AB4: 15 | AC4: 15 | AD4: 15
B5: cycle | C5: 6 | D5: 7.2 | E5: 6 | F5: 6 | G5: 6 | H5: 7.2 | I5: 7.2 | J5: 8.4 | K5: 7.2 | L5: 8.4 | M5: 6 | N5: 8.4 | O5: 8.4 | P5: 8.4 | Q5: 7.2 | R5: 7.2 | S5: 7.2 | T5: 8.9 | U5: 7.2 | V5: 8.9 | W5: 8.9 | X5: 7.9 | Y5: 8.9 | Z5: 8.9 | AA5: 7.9 | AB5: 6 | AC5: 6 | AD5: 6
B6: subway | D6: 18.1 | H6: 18.1 | I6: 18.1 | J6: 18.1 | K6: 18.1 | L6: 18.1 | N6: 18.1 | O6: 18.1 | P6: 18.1
B7: motorcycle | C7: 15 | D7: 15.2 | E7: 15 | F7: 15 | G7: 15 | H7: 15.2 | I7: 15.2 | J7: 18.4 | K7: 15.2 | L7: 18.4 | M7: 15 | N7: 18.4 | O7: 18.4 | P7: 18.4 | Q7: 16 | R7: 16 | S7: 16 | T7: 16 | U7: 16 | V7: 16 | W7: 16 | X7: 17.4 | Y7: 16 | Z7: 16 | AA7: 17.4 | AB7: 15 | AC7: 15 | AD7: 15
B8: other | D8: 9.1 | H8: 9.1 | I8: 9.1 | J8: 9.1 | K8: 9.1 | L8: 9.1 | N8: 9.1 | O8: 9.1 | P8: 9.1 | X8: 8.1 | AA8: 8.1
B9: pedestrian | C9: 2 | D9: 2.5 | E9: 2 | F9: 2 | G9: 2 | H9: 2.5 | I9: 2.5 | J9: 3 | K9: 2.5 | L9: 3 | M9: 2 | N9: 3 | O9: 3 | P9: 3 | Q9: 2.5 | R9: 2.5 | S9: 2.5 | T9: 3.5 | U9: 2.5 | V9: 3.5 | W9: 3.5 | X9: 2.5 | Y9: 3.5 | Z9: 3.5 | AA9: 2.5 | AB9: 2 | AC9: 2 | AD9: 2
B10: rail | C10: 20.6 | D10: 21.9 | E10: 20.6 | F10: 20.6 | G10: 20.6 | H10: 21.9 | I10: 21.9 | J10: 23.2 | K10: 21.9 | L10: 23.2 | M10: 20.6 | N10: 23.2 | O10: 23.2 | P10: 23.2 | Q10: 23.2 | R10: 23.2 | S10: 23.2 | T10: 23.2 | U10: 23.2 | V10: 23.2 | W10: 23.2 | X10: 23.2 | Y10: 23.2 | Z10: 23.2 | AA10: 23.2 | AB10: 20.6 | AC10: 20.6 | AD10: 20.6
B11: taxi | C11: 12 | D11: 12.56 | E11: 12 | F11: 12 | G11: 12 | H11: 12.56 | I11: 12.56 | J11: 13.1 | K11: 12.56 | L11: 13.1 | M11: 12 | N11: 13.1 | O11: 13.1 | P11: 13.1 | Q11: 14.1 | R11: 14.1 | S11: 14.1 | T11: 14.1 | U11: 14.1 | V11: 14.1 | W11: 14.1 | X11: 12.1 | Y11: 14.1 | Z11: 14.1 | AA11: 12.1 | AB11: 12 | AC11: 12 | AD11: 12
B12: truck | C12: 12 | D12: 8.1 | E12: 12 | F12: 12 | G12: 12 | H12: 8.1 | I12: 8.1 | J12: 8.1 | K12: 8.1 | L12: 8.1 | M12: 12 | N12: 8.1 | O12: 8.1 | P12: 8.1 | Q12: 13 | R12: 13 | S12: 13 | T12: 13 | U12: 13 | V12: 13 | W12: 13 | X12: 7.1 | Y12: 13 | Z12: 13 | AA12: 7.1 | AB12: 12 | AC12: 12 | AD12: 12
B13: van | C13: 15 | D13: 13.8 | E13: 15 | F13: 15 | G13: 15 | H13: 13.8 | I13: 13.8 | J13: 13.8 | K13: 13.8 | L13: 13.8 | M13: 15 | N13: 13.8 | O13: 13.8 | P13: 13.8 | Q13: 16 | R13: 16 | S13: 16 | T13: 16 | U13: 16 | V13: 16 | W13: 16 | X13: 12.8 | Y13: 16 | Z13: 16 | AA13: 12.8 | AB13: 15 | AC13: 15 | AD13: 15
A14: PM_emission_inventories | B14: motorcycle | C14: 0.002436234 | D14: 0.039413582 | E14: 0.16982169 | F14: 0.15864142 | G14: 0.11166396 | H14: 0.042782254 | I14: 0.0023031654 | J14: 0.0045315414 | K14: 0.013907217 | L14: 0.0032161983 | M14: 0.00749 | N14: 0.0016582895 | O14: 0.0022620858 | P14: 0.0028496403 | Q14: 0.0044194488 | R14: 0.0053226305 | S14: 0.0037372275 | T14: 0.006158745 | U14: 0.0044194488 | V14: 0.0028141163 | W14: 0.0051396824 | X14: 0.0036966513 | Y14: 0.002292726 | Z14: 0.002292726 | AA14: 0.0037719603 | AB14: 0.002317103 | AC14: 0.001402933 | AD14: 0.001675769
B15: car | C15: 0.5899859 | D15: 0.60887295 | E15: 0.395799 | F15: 0.3697417 | G15: 0.2602528 | H15: 0.66091308 | I15: 0.081980353 | J15: 0.52744651 | K15: 0.37072863 | L15: 0.18876937 | M15: 0.205 | N15: 0.059026312 | O15: 0.080518122 | P15: 0.10124173 | Q15: 0.5143994 | R15: 0.61952493 | S15: 0.43499279 | T15: 0.7168441 | U15: 0.5143994 | V15: 0.3275472 | W15: 0.59823132 | X15: 0.4302698 | Y15: 0.26686052 | Z15: 0.26686052 | AA15: 0.43890721 | AB15: 0.6899423 | AC15: 0.4177371 | AD15: 0.4269001
B16: bus_driver | C16: 0.04993458 | D16: 0.042887964 | E16: 0.18943069 | F16: 0.17631324 | G16: 0.18498184 | H16: 0.037426145 | I16: 0.12246677 | J16: 0.065633874 | K16: 0.0098461421 | L16: 0.094953763 | M16: 0.216 | N16: 0.1324222 | O16: 0.11069152 | P16: 0.11416744 | Q16: 0.064957627 | R16: 0.054413638 | S16: 0.072890653 | T16: 0.039380608 | U16: 0.064957627 | V16: 0.094991495 | W16: 0.059844227 | X16: 0.073106708 | Y16: 0.12672063 | Z16: 0.12672063 | AA16: 0.077462117 | AB16: 0.04216746 | AC16: 0.06723986 | AD16: 0.07158555
B17: big_truck | C17: 0.1924163 | D17: 0.1506294 | E17: 0.2285369 | F17: 0.2800284 | G17: 0.4270751 | H17: 0.12082875 | I17: 0.45445404 | J17: 0.20465102 | K17: 0.41246744 | L17: 0.44637056 | M17: 0.396 | N17: 0.44055714 | O17: 0.50030804 | P17: 0.46368543 | Q17: 0.2205242 | R17: 0.15680528 | S17: 0.26877929 | T17: 0.11897294 | U17: 0.2205242 | V17: 0.28846334 | W17: 0.15649014 | X17: 0.2726754 | Y17: 0.22235078 | Z17: 0.22235078 | AA17: 0.24654564 | AB17: 0.1254658 | AC17: 0.2902066 | AD17: 0.2627118
B18: truck | C18: 0.16522704 | D18: 0.15819611 | E18: 0.0164117 | F18: 0.01527525 | G18: 0.01602626 | H18: 0.13804977 | I18: 0.33879567 | J18: 0.19773705 | K18: 0.19305057 | L18: 0.26669011 | M18: 0.176 | N18: 0.36633606 | O18: 0.30622024 | P18: 0.31805576 | Q18: 0.19569932 | R18: 0.16393352 | S18: 0.21960004 | T18: 0.11864361 | U18: 0.19569932 | V18: 0.28618384 | W18: 0.18029463 | X18: 0.22025144 | Y18: 0.38177534 | Z18: 0.38177534 | AA18: 0.23331307 | AB18: 0.14010734 | AC18: 0.22341354 | AD18: 0.23712676
B19: van | C19: 0 | D19: 0 | E19: 0 | F19: 0 | G19: 0 | H19: 0 | I19: 0 | J19: 0 | K19: 0 | L19: 0 | M19: 0 | N19: 0 | O19: 0 | P19: 0 | Q19: 0 | R19: 0 | S19: 0 | T19: 0 | U19: 0 | V19: 0 | W19: 0 | X19: 0 | Y19: 0 | Z19: 0 | AA19: 0 | AB19: 0 | AC19: 0 | AD19: 0
B20: other | C20: 0 | D20: 0 | E20: 0 | F20: 0 | G20: 0 | H20: 0 | I20: 0 | J20: 0 | K20: 0 | L20: 0 | M20: 0 | N20: 0 | O20: 0 | P20: 0 | Q20: 0 | R20: 0 | S20: 0 | T20: 0 | U20: 0 | V20: 0 | W20: 0 | X20: 0 | Y20: 0 | Z20: 0 | AA20: 0 | AB20: 0 | AC20: 0 | AD20: 0
B21: taxi | C21: 0 | D21: 0 | E21: 0 | F21: 0 | G21: 0 | H21: 0 | I21: 0 | J21: 0 | K21: 0 | L21: 0 | M21: 0 | N21: 0 | O21: 0 | P21: 0 | Q21: 0 | R21: 0 | S21: 0 | T21: 0 | U21: 0 | V21: 0 | W21: 0 | X21: 0 | Y21: 0 | Z21: 0 | AA21: 0 | AB21: 0 | AC21: 0 | AD21: 0
B22: auto_rickshaw | C22: 0 | D22: 0 | E22: 0 | F22: 0 | G22: 0 | H22: 0 | I22: 0 | J22: 0 | K22: 0 | L22: 0 | M22: 0 | N22: 0 | O22: 0 | P22: 0 | Q22: 0 | R22: 0 | S22: 0 | T22: 0 | U22: 0 | V22: 0 | W22: 0 | X22: 0 | Y22: 0 | Z22: 0 | AA22: 0 | AB22: 0 | AC22: 0 | AD22: 0
A23: injury_reporting_rate | B23: constant | C23: 0.61011662 | D23: 0.9712732 | E23: 0.75207211 | F23: 0.75207211 | G23: 0.75207211 | H23: 0.9712732 | I23: 0.8982419 | J23: 0.87305122 | K23: 0.97949178 | L23: 0.95187122 | M23: 0.98497277 | N23: 0.8982419 | O23: 0.8982419 | P23: 0.98478261 | Q23: 0.87305122 | R23: 0.87305122 | S23: 0.87305122 | T23: 0.87305122 | U23: 0.87305122 | V23: 0.87305122 | W23: 0.87305122 | X23: 0.87305122 | Y23: 0.87305122 | Z23: 0.87305122 | AA23: 0.87305122 | AB23: 0.61011662 | AC23: 0.61011662 | AD23: 0.61011662
B24: alpha | C24: 3.0181604 | D24: 9.868747 | E24: 13.271038 | F24: 13.271038 | G24: 13.271038 | H24: 9.868747 | I24: 7.3119932 | J24: 8.8032185 | K24: 6.8907772 | L24: 16.491131 | M24: 4.8466218 | N24: 7.3119932 | O24: 7.3119932 | P24: 4.9183283 | Q24: 8.8032185 | R24: 8.8032185 | S24: 8.8032185 | T24: 8.8032185 | U24: 8.8032185 | V24: 8.8032185 | W24: 8.8032185 | X24: 8.8032185 | Y24: 8.8032185 | Z24: 8.8032185 | AA24: 8.8032185 | AB24: 5.8401537 | AC24: 5.8401537 | AD24: 3.0181604
B25: beta | C25: 1.9286978 | D25: 0.2918824 | E25: 4.3749268 | F25: 4.3749268 | G25: 4.3749268 | H25: 0.2918824 | I25: 0.82834534 | J25: 1.2800598 | K25: 0.14427644 | L25: 0.83382917 | M25: 0.073942442 | N25: 0.82834534 | O25: 0.82834534 | P25: 0.076000658 | Q25: 1.2800598 | R25: 1.2800598 | S25: 1.2800598 | T25: 1.2800598 | U25: 1.2800598 | V25: 1.2800598 | W25: 1.2800598 | X25: 1.2800598 | Y25: 1.2800598 | Z25: 1.2800598 | AA25: 1.2800598 | AB25: 3.7320388 | AC25: 3.7320388 | AD25: 1.9286978
A26: chronic_disease_scalar | B26: constant | C26: 1 | D26: 1 | E26: 1 | F26: 1 | G26: 1 | H26: 1 | I26: 1 | J26: 1 | K26: 1 | L26: 1 | M26: 1 | N26: 1 | O26: 1 | P26: 1 | Q26: 1 | R26: 1 | S26: 1 | T26: 1 | U26: 1 | V26: 1 | W26: 1 | X26: 1 | Y26: 1 | Z26: 1 | AA26: 1 | AB26: 1 | AC26: 1 | AD26: 1
B27: mean | C27: 1 | D27: 1 | E27: 1 | F27: 1 | G27: 1 | H27: 1 | I27: 1 | J27: 1 | K27: 1 | L27: 1 | M27: 1 | N27: 1 | O27: 1 | P27: 1 | Q27: 1 | R27: 1 | S27: 1 | T27: 1 | U27: 1 | V27: 1 | W27: 1 | X27: 1 | Y27: 1 | Z27: 1 | AA27: 1 | AB27: 1 | AC27: 1 | AD27: 1
B28: sd | C28: 1.2 | D28: 1.2 | E28: 1.2 | F28: 1.2 | G28: 1.2 | H28: 1.2 | I28: 1.2 | J28: 1.2 | K28: 1.2 | L28: 1.2 | M28: 1.2 | N28: 1.2 | O28: 1.2 | P28: 1.2 | Q28: 1.2 | R28: 1.2 | S28: 1.2 | T28: 1.2 | U28: 1.2 | V28: 1.2 | W28: 1.2 | X28: 1.2 | Y28: 1.2 | Z28: 1.2 | AA28: 1.2 | AB28: 1.2 | AC28: 1.2 | AD28: 1.2
A29: pm_conc_base | B29: constant | C29: 55 | D29: 28 | E29: 105 | F29: 32.38 | G29: 32.75 | H29: 17 | I29: 12.69 | J29: 32 | K29: 50 | L29: 14 | M29: 14.86 | N29: 21.09 | O29: 24.05 | P29: 15.575 | Q29: 10.492217 | R29: 12.561233 | S29: 15.604417 | T29: 13.883042 | U29: 11.6851 | V29: 38.09715 | W29: 26.3177 | X29: 21.8618 | Y29: 31.897407 | Z29: 34.446843 | AA29: 15.091033 | AB29: 5.91 | AC29: 10.79 | AD29: 14
B30: mean
B31: sd
A32: pm_trans_share | B32: constant | C32: 0.225 | D32: 0.4 | E32: 0.415 | F32: 0.281 | G32: 0.193 | H32: 0.18 | I32: 0.42 | J32: 0.31 | K32: 0.42 | L32: 0.32 | M32: 0.3111 | N32: 0.41 | O32: 0.41 | P32: 0.32 | Q32: 0.32 | R32: 0.32 | S32: 0.32 | T32: 0.32 | U32: 0.32 | V32: 0.32 | W32: 0.32 | X32: 0.32 | Y32: 0.32 | Z32: 0.32 | AA32: 0.32 | AB32: 0.225 | AC32: 0.225 | AD32: 0.225
B33: alpha
B34: beta
A35: background_pa_scalar | B35: constant | C35: 1 | D35: 1 | E35: 1 | F35: 1 | G35: 1 | H35: 1 | I35: 1 | J35: 1 | K35: 1 | L35: 1 | M35: 1 | N35: 1 | O35: 1 | P35: 1 | Q35: 1 | R35: 1 | S35: 1 | T35: 1 | U35: 1 | V35: 1 | W35: 1 | X35: 1 | Y35: 1 | Z35: 1 | AA35: 1 | AB35: 1 | AC35: 1 | AD35: 1
B36: mean | C36: 1 | D36: 1 | E36: 1 | F36: 1 | G36: 1 | H36: 1 | I36: 1 | J36: 1 | K36: 1 | L36: 1 | M36: 1 | N36: 1 | O36: 1 | P36: 1 | Q36: 1 | R36: 1 | S36: 1 | T36: 1 | U36: 1 | V36: 1 | W36: 1 | X36: 1 | Y36: 1 | Z36: 1 | AA36: 1 | AB36: 1 | AC36: 1 | AD36: 1
B37: sd | C37: 1.2 | D37: 1.2 | E37: 1.2 | F37: 1.2 | G37: 1.2 | H37: 1.2 | I37: 1.2 | J37: 1.2 | K37: 1.2 | L37: 1.2 | M37: 1.2 | N37: 1.2 | O37: 1.2 | P37: 1.2 | Q37: 1.2 | R37: 1.2 | S37: 1.2 | T37: 1.2 | U37: 1.2 | V37: 1.2 | W37: 1.2 | X37: 1.2 | Y37: 1.2 | Z37: 1.2 | AA37: 1.2 | AB37: 1.2 | AC37: 1.2 | AD37: 1.2
A38: bus_walk_time | B38: constant | C38: 12 | D38: 10 | E38: 15 | F38: 10 | G38: 12.5 | H38: 10 | I38: 16 | J38: 12 | K38: 10 | L38: 12 | M38: 12 | N38: 12 | O38: 12 | P38: 12 | Q38: 6 | R38: 6 | S38: 7 | T38: 8 | U38: 8 | V38: 7 | W38: 9 | X38: 6 | Y38: 7 | Z38: 8 | AA38: 8 | AB38: 16 | AC38: 10 | AD38: 10
B39: mean | C39: 8.1222313 | D39: 8.6662026 | E39: 12.549215 | F39: 6.4195823 | G39: 7.0932681 | H39: 7.1464217 | I39: 13.090641 | J39: 8.4119517 | K39: 8.032787 | L39: 8.4119517 | M39: 8.1222313 | N39: 8.4119517 | O39: 8.4119517 | P39: 8.4119517 | Q39: 5.1803641 | R39: 5.0279007 | S39: 5.8852037 | T39: 6.4507388 | U39: 4.2421697 | V39: 5.5871303 | W39: 7.5357398 | X39: 4.650155 | Y39: 5.7547474 | Z39: 6.7619 | AA39: 6.7849202 | AB39: 12.6159 | AC39: 7.8460414 | AD39: 8.6806411
B40: sd | C40: 2.4193954 | D40: 1.7075819 | E40: 1.8172314 | F40: 2.5638812 | G40: 2.8993953 | H40: 2.2698722 | I40: 1.8842831 | J40: 2.3231298 | K40: 1.9384653 | L40: 2.3231298 | M40: 2.4193954 | N40: 2.3231298 | O40: 2.3231298 | P40: 2.3231298 | Q40: 1.719449 | R40: 1.8122521 | S40: 1.8022107 | T40: 1.9273003 | U40: 3.0844724 | V40: 1.9571366 | W40: 1.8147218 | X40: 2.0420317 | Y40: 1.8699568 | Z40: 1.7858463 | AA40: 1.7753574 | AB40: 1.9925041 | AC40: 2.0067741 | AD40: 1.7022622
A41: rail_walk_time | B41: constant | C41: 20 | D41: 13 | E41: 20 | F41: 20 | G41: 20 | H41: 13 | I41: 12.5 | J41: 12.5 | K41: 12 | L41: 12.5 | M41: 20 | N41: 12.5 | O41: 12.5 | P41: 12.5 | Q41: 11 | R41: 11 | S41: 11 | T41: 11 | U41: 11 | V41: 11 | W41: 11 | X41: 11 | Y41: 11 | Z41: 11 | AA41: 11 | AB41: 20 | AC41: 20 | AD41: 20
B42: mean | C42: 12.624648 | D42: 11.587748 | E42: 17.59007 | F42: 14.719671 | G42: 14.719671 | H42: 9.834493 | I42: 9.0292418 | J42: 9.0292418 | K42: 10.080659 | L42: 9.0292418 | M42: 12.624648 | N42: 9.0292418 | O42: 9.0292418 | P42: 9.0292418 | Q42: 7.3125795 | R42: 7.3125795 | S42: 7.3125795 | T42: 7.3125795 | U42: 7.3125795 | V42: 7.3125795 | W42: 7.3125795 | X42: 7.3125795 | Y42: 7.3125795 | Z42: 7.3125795 | AA42: 9.1763854 | AB42: 17.04104 | AC42: 12.624648 | AD42: 12.624648
B43: sd | C43: 2.6097408 | D43: 1.6154043 | E43: 1.6598877 | F43: 2.1880349 | G43: 2.1880349 | H43: 2.1107969 | I43: 2.2401627 | J43: 2.2401627 | K43: 1.8047159 | L43: 2.2401627 | M43: 2.6097408 | N43: 2.2401627 | O43: 2.2401627 | P43: 2.2401627 | Q43: 2.4686176 | R43: 2.4686176 | S43: 2.4686176 | T43: 2.4686176 | U43: 2.4686176 | V43: 2.4686176 | W43: 2.4686176 | X43: 2.4686176 | Y43: 2.4686176 | Z43: 2.4686176 | AA43: 1.8259483 | AB43: 1.7609893 | AC43: 2.6097408 | AD43: 2.6097408
A44: add_personal_motorcycle_trips | C44: no | D44: no | E44: no | F44: no | G44: no | H44: no | I44: no | J44: no | K44: no | L44: no | M44: no | N44: no | O44: no | P44: no | Q44: Chile | R44: Chile | S44: Chile | T44: Chile | U44: Chile | V44: Chile | W44: no | X44: no | Y44: Chile | Z44: Chile | AA44: no | AB44: no | AC44: no | AD44: no
A45: proportion_motorcycle_trips | B45: constant | C45: 0 | D45: 0 | E45: 0 | F45: 0 | G45: 0 | H45: 0 | I45: 0 | J45: 0 | K45: 0 | L45: 0 | M45: 0 | N45: 0 | O45: 0 | P45: 0 | Q45: 0.01 | R45: 0.01 | S45: 0.01 | T45: 0.01 | U45: 0.01 | V45: 0.01 | W45: 0 | X45: 0 | Y45: 0.01 | Z45: 0.01 | AA45: 0 | AB45: 0 | AC45: 0 | AD45: 0
B46: alpha | Q46: 10.99 | R46: 10.99 | S46: 10.99 | T46: 10.99 | U46: 10.99 | V46: 10.99 | Y46: 10.99 | Z46: 10.99 | AA46: 10.99
B47: beta | Q47: 1088.01 | R47: 1088.01 | S47: 1088.01 | T47: 1088.01 | U47: 1088.01 | V47: 1088.01 | Y47: 1088.01 | Z47: 1088.01 | AA47: 1088.01
A48: add_motorcycle_fleet | C48: F | D48: T | E48: T | F48: T | G48: T | H48: T | I48: T | J48: T | K48: T | L48: T | M48: T | N48: T | O48: T | P48: T | Q48: T | R48: T | S48: T | T48: T | U48: T | V48: T | W48: T | X48: T | Y48: T | Z48: T | AA48: T | AB48: T | AC48: T | AD48: T
A49: fleet_to_motorcycle_ratio | B49: constant | C49: 0 | D49: 0.53246753 | E49: 0.23449472 | F49: 0.13877149 | G49: 0.25284874 | H49: 0.38225606 | I49: 0.44117647 | J49: 0.257 | K49: 0.43914521 | L49: 0.61971831 | M49: 0.45404519 | N49: 0.16 | O49: 0.305 | P49: 0.40622289 | Q49: 0.44286217 | R49: 0.44286217 | S49: 0.44286217 | T49: 0.44286217 | U49: 0.44286217 | V49: 0.44286217 | W49: 0.45861408 | X49: 0.4553681 | Y49: 0.44286217 | Z49: 0.44286217 | AA49: 0.45707418 | AB49: 0.38807556 | AC49: 0.21741605 | AD49: 0.22928384
B50: alpha | D50: 176.48 | E50: 1.4470447 | F50: 0.52376778 | G50: 1.6553467 | H50: 5.1824959 | I50: 245.8 | J50: 295.522 | K50: 5.2225004 | L50: 182.72 | M50: 4.0421751 | N50: 1.3081936 | O50: 4.109165 | P50: 4.7227238 | Q50: 8.129974 | R50: 8.129974 | S50: 8.129974 | T50: 8.129974 | U50: 8.129974 | V50: 8.129974 | W50: 8.4749845 | X50: 8.4050249 | Y50: 8.129974 | Z50: 8.129974 | AA50: 8.4418721 | AB50: 3.2934101 | AC50: 1.260354 | AD50: 1.3892959
B51: beta | D51: 155.08 | E51: 4.7238605 | F51: 3.2505506 | G51: 4.8914396 | H51: 8.3751596 | I51: 311.08 | J51: 852.478 | K51: 6.6699221 | L51: 112.51 | M51: 4.8604081 | N51: 6.8680164 | O51: 9.363507 | P51: 6.9032182 | Q51: 10.227823 | R51: 10.227823 | S51: 10.227823 | T51: 10.227823 | U51: 10.227823 | V51: 10.227823 | W51: 10.004571 | X51: 10.052625 | Y51: 10.227823 | Z51: 10.227823 | AA51: 10.027498 | AB51: 5.1931075 | AC51: 4.5366146 | AD51: 4.6699879
A52: background_pa_confidence | B52: sample | C52: 0.5 | D52: 0.7 | E52: 0.3 | F52: 0.3 | G52: 0.3 | H52: 0.3 | I52: 0.3 | J52: 0.3 | K52: 0.3 | L52: 0.3 | M52: 0.7 | N52: 0.3 | O52: 0.3 | P52: 0.3 | Q52: 0.3 | R52: 0.3 | S52: 0.3 | T52: 0.3 | U52: 0.3 | V52: 0.3 | W52: 0.3 | X52: 0.3 | Y52: 0.3 | Z52: 0.3 | AA52: 0.3 | AB52: 0.5 | AC52: 0.5 | AD52: 0.5
A53: add_walk_to_pt_trips | C53: T | D53: T | E53: T | F53: T | G53: T | H53: T | I53: T | J53: T | K53: T | L53: T | M53: T | N53: T | O53: T | P53: T | Q53: T | R53: T | S53: T | T53: T | U53: T | V53: T | W53: T | X53: T | Y53: T | Z53: T | AA53: T | AB53: T | AC53: T | AD53: T
A54: bus_to_passenger_ratio | B54: constant | C54: 0.05 | D54: 0.043478261 | E54: 0.023148148 | F54: 0.022874571 | G54: 0.023010547 | H54: 0.043478261 | I54: 0.038910506 | J54: 0.049261084 | K54: 0.043478261 | L54: 0.043478261 | M54: 0.05 | N54: 0.038910506 | O54: 0.038910506 | P54: 0.043478261 | Q54: 0.066666667 | R54: 0.066666667 | S54: 0.066666667 | T54: 0.066666667 | U54: 0.066666667 | V54: 0.066666667 | W54: 0.066666667 | X54: 0.066666667 | Y54: 0.066666667 | Z54: 0.066666667 | AA54: 0.066666667 | AB54: 0.05 | AC54: 0.05 | AD54: 0.05
B55: alpha | C55: 12.262 | D55: 14.061009 | E55: 58.800526 | F55: 59.86661 | G55: 29.280692 | H55: 14.061009 | I55: 48.957047 | J55: 34.865295 | K55: 14.061009 | L55: 14.061009 | M55: 20.638889 | N55: 28.263936 | O55: 28.263936 | P55: 14.061009 | Q55: 14.866667 | R55: 14.866667 | S55: 14.866667 | T55: 14.866667 | U55: 14.866667 | V55: 14.866667 | W55: 14.866667 | X55: 14.866667 | Y55: 14.866667 | Z55: 14.866667 | AA55: 14.866667 | AB55: 12.262 | AC55: 12.262 | AD55: 12.262
B56: beta | C56: 232.978 | D56: 309.34219 | E56: 2481.3822 | F56: 2557.302 | G56: 1243.2094 | H56: 309.34219 | I56: 1209.2391 | J56: 672.90019 | K56: 309.34219 | L56: 309.34219 | M56: 392.13889 | N56: 698.11923 | O56: 698.11923 | P56: 309.34219 | Q56: 208.13333 | R56: 208.13333 | S56: 208.13333 | T56: 208.13333 | U56: 208.13333 | V56: 208.13333 | W56: 208.13333 | X56: 208.13333 | Y56: 208.13333 | Z56: 208.13333 | AA56: 208.13333 | AB56: 232.978 | AC56: 232.978 | AD56: 232.978
A57: truck_to_car_ratio | B57: constant | C57: 0.3 | D57: 0.3 | E57: 0.3 | F57: 0.3 | G57: 0.3 | H57: 0.3 | I57: 0.3 | J57: 0.3 | K57: 0.3 | L57: 0.3 | M57: 0.3 | N57: 0.3 | O57: 0.3 | P57: 0.3 | Q57: 0.3 | R57: 0.3 | S57: 0.3 | T57: 0.3 | U57: 0.3 | V57: 0.3 | W57: 0.3 | X57: 0.3 | Y57: 0.3 | Z57: 0.3 | AA57: 0.3 | AB57: 0.3 | AC57: 0.3 | AD57: 0.3
B58: alpha | C58: 3.732 | D58: 3.732 | E58: 3.732 | F58: 3.732 | G58: 3.732 | H58: 3.732 | I58: 10.9 | J58: 3.732 | K58: 3.732 | L58: 3.732 | M58: 3.732 | N58: 3.732 | O58: 3.732 | P58: 3.732 | Q58: 3.732 | R58: 3.732 | S58: 3.732 | T58: 3.732 | U58: 3.732 | V58: 3.732 | W58: 3.732 | X58: 3.732 | Y58: 3.732 | Z58: 3.732 | AA58: 3.732 | AB58: 3.732 | AC58: 3.732 | AD58: 3.732
B59: beta | C59: 8.708 | D59: 8.708 | E59: 8.708 | F59: 8.708 | G59: 8.708 | H59: 8.708 | I59: 25.433333 | J59: 8.708 | K59: 8.708 | L59: 8.708 | M59: 8.708 | N59: 8.708 | O59: 8.708 | P59: 8.708 | Q59: 8.708 | R59: 8.708 | S59: 8.708 | T59: 8.708 | U59: 8.708 | V59: 8.708 | W59: 8.708 | X59: 8.708 | Y59: 8.708 | Z59: 8.708 | AA59: 8.708 | AB59: 8.708 | AC59: 8.708 | AD59: 8.708
A60: PM_emission_confidence | B60: sample | C60: 0.5 | D60: 0.7 | E60: 0.9 | F60: 0.9 | G60: 0.9 | H60: 0.5 | I60: 0.8 | J60: 0.5 | K60: 0.5 | L60: 0.8 | M60: 0.7 | N60: 0.8 | O60: 0.8 | P60: 0.8 | Q60: 0.8 | R60: 0.8 | S60: 0.8 | T60: 0.8 | U60: 0.8 | V60: 0.8 | W60: 0.8 | X60: 0.8 | Y60: 0.8 | Z60: 0.8 | AA60: 0.8 | AB60: 0.5 | AC60: 0.5 | AD60: 0.5
A61: distance_scalar_car_taxi | B61: constant | C61: 1 | D61: 1 | E61: 1 | F61: 1 | G61: 1 | H61: 1 | I61: 1 | J61: 1 | K61: 1 | L61: 1 | M61: 1 | N61: 1 | O61: 1 | P61: 1 | Q61: 1 | R61: 1 | S61: 1 | T61: 1 | U61: 1 | V61: 1 | W61: 1 | X61: 1 | Y61: 1 | Z61: 1 | AA61: 1 | AB61: 1 | AC61: 1 | AD61: 1
B62: mean | C62: 0.99986167 | D62: 0.99998878 | E62: 0.99911614 | F62: 0.99989594 | G62: 0.99635777 | H62: 0.99998711 | I62: 0.99995721 | J62: 0.99998435 | K62: 0.99999487 | L62: 0.99993 | M62: 0.99950346 | N62: 0.99995996 | O62: 0.99982297 | P62: 0.99985556 | Q62: 0.9999007 | R62: 0.99991879 | S62: 0.99985818 | T62: 0.99976365 | U62: 0.99989267 | V62: 0.99994267 | W62: 0.99994485 | X62: 0.99991589 | Y62: 0.99987887 | Z62: 0.99995222 | AA62: 0.99997949 | AB62: 0.99993715 | AC62: 0.99865737 | AD62: 0.99863656
B63: sd | C63: 1.0167725 | D63: 1.0047494 | E63: 1.0429503 | F63: 1.0145315 | G63: 1.0891819 | H63: 1.0050905 | I63: 1.0092937 | J63: 1.0056107 | K63: 1.0032071 | L63: 1.0119029 | M63: 1.0320191 | N63: 1.0089889 | O63: 1.0189954 | P63: 1.0171425 | Q63: 1.0141925 | R63: 1.0128262 | S63: 1.016985 | T63: 1.021981 | U63: 1.0147593 | V63: 1.0107659 | W63: 1.0105583 | X63: 1.0130547 | Y63: 1.0156867 | Z63: 1.0098232 | AA63: 1.0064247 | AB63: 1.0112746 | AC63: 1.0532039 | AD63: 1.0536257
A64: distance_scalar_motorcycle | B64: constant | C64: 1 | D64: 1 | E64: 1 | F64: 1 | G64: 1 | H64: 1 | I64: 1 | J64: 1 | K64: 1 | L64: 1 | M64: 1 | N64: 1 | O64: 1 | P64: 1 | Q64: 1 | R64: 1 | S64: 1 | T64: 1 | U64: 1 | V64: 1 | W64: 1 | X64: 1 | Y64: 1 | Z64: 1 | AA64: 1 | AB64: 1 | AC64: 1 | AD64: 1
B65: mean | C65: 0.99888914 | D65: 0.99985129 | E65: 0.9997465 | F65: 0.9999912 | G65: 0.99984312 | H65: 0.9999314 | I65: 0.99985379 | J65: 0.99972615 | K65: 0.9998815 | L65: 0.99927738 | M65: 0.95398753 | N65: 0.99996114 | O65: 0.99973622 | P65: 0.99879787 | Q65: 0.99934712 | R65: 0.99908095 | S65: 0.99899333 | T65: 0.99941468 | U65: 0.99927936 | V65: 0.99896493 | W65: 0.9875676 | X65: 0.99152882 | Y65: 0.99941768 | Z65: 0.99908095 | AA65: 0.99832509 | AB65: 0.99978155 | AC65: 0.99981126 | AD65: 0.99815301
B66: sd | C66: 1.0482775 | D66: 1.017396 | E66: 1.0227736 | F66: 1.0042037 | G66: 1.0178716 | H66: 1.0117827 | I66: 1.0172479 | J66: 1.0236804 | K66: 1.0155142 | L66: 1.0387554 | M66: 1.3592532 | N66: 1.0088548 | O66: 1.023236 | P66: 1.0502707 | Q66: 1.0368022 | R66: 1.0438157 | S66: 1.045904 | T66: 1.0348117 | U66: 1.038701 | V66: 1.046562 | W66: 1.1713761 | X66: 1.1393293 | Y66: 1.0347209 | Z66: 1.0438157 | AA66: 1.059611 | AB66: 1.0211232 | AC66: 1.0196198 | AD66: 1.062693
A67: distance_scalar_pt | B67: constant | C67: 1 | D67: 1 | E67: 1 | F67: 1 | G67: 1 | H67: 1 | I67: 1 | J67: 1 | K67: 1 | L67: 1 | M67: 1 | N67: 1 | O67: 1 | P67: 1 | Q67: 1 | R67: 1 | S67: 1 | T67: 1 | U67: 1 | V67: 1 | W67: 1 | X67: 1 | Y67: 1 | Z67: 1 | AA67: 1 | AB67: 1 | AC67: 1 | AD67: 1
B68: mean | C68: 0.99994786 | D68: 0.99999441 | E68: 0.99969453 | F68: 0.99997539 | G68: 0.99992698 | H68: 0.99998541 | I68: 0.99999058 | J68: 0.99998723 | K68: 0.99999703 | L68: 0.99990348 | M68: 0.99940171 | N68: 0.99996734 | O68: 0.99990147 | P68: 0.99987686 | Q68: 0.99993034 | R68: 0.99979451 | S68: 0.9998152 | T68: 0.99981312 | U68: 0.9998703 | V68: 0.99993949 | W68: 0.99994281 | X68: 0.99983449 | Y68: 0.99995483 | Z68: 0.99988777 | AA68: 0.99997818 | AB68: 0.99998622 | AC68: 0.99931894 | AD68: 0.99853831
B69: sd | C69: 1.0102643 | D69: 1.0033501 | E69: 1.0250269 | F69: 1.0070409 | G69: 1.0121584 | H69: 1.0054156 | I69: 1.0043505 | J69: 1.005066 | K69: 1.0024391 | L69: 1.0139915 | M69: 1.0352022 | N69: 1.0081143 | O69: 1.0141368 | P69: 1.0158179 | Q69: 1.0118734 | R69: 1.0204805 | S69: 1.0194116 | T69: 1.0195221 | U69: 1.0162371 | V69: 1.0110621 | W69: 1.010752 | X69: 1.0183611 | Y69: 1.0095506 | Z69: 1.015095 | AA69: 1.0066277 | AB69: 1.005264 | AC69: 1.037603 | AD69: 1.0555776
A70: distance_scalar_walking | B70: constant | C70: 1 | D70: 1 | E70: 1 | F70: 1 | G70: 1 | H70: 1 | I70: 1 | J70: 1 | K70: 1 | L70: 1 | M70: 1 | N70: 1 | O70: 1 | P70: 1 | Q70: 1 | R70: 1 | S70: 1 | T70: 1 | U70: 1 | V70: 1 | W70: 1 | X70: 1 | Y70: 1 | Z70: 1 | AA70: 1 | AB70: 1 | AC70: 1 | AD70: 1
B71: mean | C71: 0.99995458 | D71: 0.99999527 | E71: 0.99984887 | F71: 0.99998977 | G71: 0.9999623 | H71: 0.99998483 | I71: 0.99998285 | J71: 0.99999102 | K71: 0.99999844 | L71: 0.99998477 | M71: 0.9993414 | N71: 0.9999828 | O71: 0.99976883 | P71: 0.99985587 | Q71: 0.99993689 | R71: 0.99988232 | S71: 0.99989911 | T71: 0.99942843 | U71: 0.99992345 | V71: 0.99990339 | W71: 0.99991039 | X71: 0.99989745 | Y71: 0.99995484 | Z71: 0.99990188 | AA71: 0.99998307 | AB71: 0.99997371 | AC71: 0.99986924 | AD71: 0.99956001
B72: sd | C72: 1.0095764 | D72: 1.0030799 | E72: 1.0175385 | F72: 1.0045337 | G72: 1.008721 | H72: 1.0055229 | I72: 1.0058732 | J72: 1.0042474 | K72: 1.001767 | L72: 1.005534 | M72: 1.0369661 | N72: 1.0058826 | O72: 1.0217362 | P72: 1.0171237 | Q72: 1.0112987 | R72: 1.0154599 | S72: 1.0143065 | T72: 1.0343934 | U72: 1.0124501 | V72: 1.013998 | W72: 1.0134773 | X72: 1.0144244 | Y72: 1.009549 | Z72: 1.0141075 | AA72: 1.0058357 | AB72: 1.0072776 | AC72: 1.0163038 | AD72: 1.0301123
A73: distance_scalar_cycling | B73: constant | C73: 1 | D73: 1 | E73: 1 | F73: 1 | G73: 1 | H73: 1 | I73: 1 | J73: 1 | K73: 1 | L73: 1 | M73: 1 | N73: 1 | O73: 1 | P73: 1 | Q73: 1 | R73: 1 | S73: 1 | T73: 1 | U73: 1 | V73: 1 | W73: 1 | X73: 1 | Y73: 1 | Z73: 1 | AA73: 1 | AB73: 1 | AC73: 1 | AD73: 1
B74: mean | C74: 0.9983027 | D74: 0.99966903 | E74: 0.99944875 | F74: 0.99990923 | G74: 0.99928682 | H74: 0.99977234 | I74: 0.99979659 | J74: 0.99981632 | K74: 0.99990357 | L74: 0.9998581 | M74: 0.99398855 | N74: 0.99943289 | O74: 0.99915004 | P74: 0.99759766 | Q74: 0.9979763 | R74: 0.99925944 | S74: 0.99874718 | T74: 0.9990543 | U74: 0.99642738 | V74: 0.99909983 | W74: 0.98916419 | X74: 0.99603435 | Y74: 0.99961996 | Z74: 0.9995866 | AA74: 0.99903282 | AB74: 0.99961438 | AC74: 0.99951638 | AD74: 0.98210257
B75: sd | C75: 1.0600202 | D75: 1.0260643 | E75: 1.0337659 | F75: 1.0135652 | G75: 1.0384964 | H75: 1.0215687 | I75: 1.0203757 | J75: 1.0193525 | K75: 1.0139846 | L75: 1.0169898 | M75: 1.1160708 | N75: 1.0342568 | O75: 1.0421009 | P75: 1.0718193 | Q75: 1.0657208 | R75: 1.039243 | S75: 1.0513469 | T75: 1.0444605 | U75: 1.0882872 | V75: 1.0433535 | W75: 1.1590654 | X75: 1.0932406 | Y75: 1.0279559 | Z75: 1.0291747 | AA75: 1.0449739 | AB75: 1.0281633 | AC75: 1.0315929 | AD75: 1.2093102
A76: CO2_emission_inventories | B76: motorcycle | C76: 2095 | D76: 521589.58 | E76: 1309302 | F76: 671112 | G76: 49113 | H76: 114080.9 | I76: 30033.572 | J76: 13545.85 | K76: 40731.942 | L76: 59219.653 | M76: 6781 | N76: 8322.564 | O76: 9613.918 | P76: 6814.98 | Q76: 1653.3351 | R76: 1920.827 | S76: 142.629 | T76: 1612.03 | U76: 1653.3351 | V76: 554.594 | W76: 3254.952 | X76: 1703.42 | Y76: 131.362 | Z76: 131.362 | AA76: 32712.247 | AB76: 2900 | AC76: 24.4 | AD76: 1523
B77: car | C77: 226219 | D77: 1163589.3 | E77: 970469 | F77: 497436 | G77: 36403 | H77: 254418.52 | I77: 1033377.3 | J77: 167773.21 | K77: 2385489.6 | L77: 2160443.4 | M77: 587445 | N77: 285718.27 | O77: 330051.88 | P77: 218233.8 | Q77: 20508.793 | R77: 23826.86 | S77: 1769.23 | T77: 19996.4 | U77: 20508.793 | V77: 6879.44 | W77: 40375.94 | X77: 21130 | Y77: 1629.47 | Z77: 1629.47 | AA77: 406321.94 | AB77: 339981 | AC77: 2857 | AD77: 167643
B78: bus_driver | C78: 15951 | D78: 288646.66 | E78: 700041 | F78: 357512 | G78: 38997 | H78: 59032.34 | I78: 100429.72 | J78: 7600.9628 | K78: 159589.09 | L78: 91744.437 | M78: 271718 | N78: 40742.45 | O78: 28840.123 | P78: 15013.01 | Q78: 809.4926 | R78: 654.122 | S78: 92.6657 | T78: 343.363 | U78: 809.4926 | V78: 623.6 | W78: 1262.464 | X78: 1122.18 | Y78: 241.855 | Z78: 241.855 | AA78: 22446.682 | AB78: 19191 | AC78: 425 | AD78: 24033
B79: big_truck | C79: 112887 | D79: 533124.19 | E79: 956451 | F79: 621336 | G79: 95127 | H79: 111787.21 | I79: 259655.32 | J79: 72102.988 | K79: 389290.53 | L79: 307758.09 | M79: 744992 | N79: 95885.74 | O79: 92211.45 | P79: 42834.66 | Q79: 8546.196 | R79: 5862.003 | S79: 1062.62 | T79: 3225.91 | U79: 8546.196 | V79: 5889.05 | W79: 10266.421 | X79: 13016.1 | Y79: 1319.71 | Z79: 1319.71 | AA79: 220770.09 | AB79: 93027 | AC79: 2687 | AD79: 157499
B80: truck | C80: 42408 | D80: 241664.21 | E80: 97446 | F80: 49766 | G80: 5428 | H80: 49495.418 | I80: 163516.11 | J80: 160766.73 | K80: 356571.43 | L80: 208035.88 | M80: 186038 | N80: 66331.57 | O80: 46953.71 | P80: 20428.92 | Q80: 17077.611 | R80: 13799.81 | S80: 1954.94 | T80: 7243.82 | U80: 17077.611 | V80: 13155.9 | W80: 26633.9 | X80: 23674.2 | Y80: 5102.33 | Z80: 5102.33 | AA80: 470632.33 | AB80: 46158 | AC80: 1021 | AD80: 62313
B81: van
B82: other | C82: 0 | D82: 64706.366 | E82: 0 | F82: 0 | G82: 0 | H82: 14848.625 | I82: 1906.8934 | J82: 2802.5896 | K82: 7345.1044 | L82: 241174.34 | M82: 0 | N82: 1968.935 | O82: 3058.351 | P82: 0 | Q82: 382.062 | R82: 0 | S82: 99.7418 | T82: 0 | U82: 382.062 | V82: 0 | W82: 57.0557 | X82: 0 | Y82: 285.701 | Z82: 285.701 | AA82: 9761.4988 | AB82: 0 | AC82: 0 | AD82: 0
B83: taxi
B84: auto_rickshaw
A85: CO2_emission_confidence | B85: sample | C85: 0.8 | D85: 0.7 | E85: 0.8 | F85: 0.8 | G85: 0.8 | H85: 0.5 | I85: 0.8 | J85: 0.5 | K85: 0.5 | L85: 0.8 | M85: 0.7 | N85: 0.8 | O85: 0.8 | P85: 0.8 | Q85: 0.8 | R85: 0.8 | S85: 0.8 | T85: 0.8 | U85: 0.8 | V85: 0.8 | W85: 0.8 | X85: 0.8 | Y85: 0.8 | Z85: 0.8 | AA85: 0.8 | AB85: 0.8 | AC85: 0.8 | AD85: 0.8
A86: car_occupancy_ratio | B86: constant | C86: 0.55248619 | D86: 0.66225166 | E86: 0.55248619 | F86: 0.43478261 | G86: 0.486618 | H86: 0.66225166 | I86: 0.625 | J86: 0.66225166 | K86: 0.70422535 | L86: 0.66225166 | M86: 0.71428571 | N86: 0.625 | O86: 0.625 | P86: 0.66225166 | Q86: 0.66225166 | R86: 0.66225166 | S86: 0.66225166 | T86: 0.66225166 | U86: 0.66225166 | V86: 0.66225166 | W86: 0.66225166 | X86: 0.66225166 | Y86: 0.66225166 | Z86: 0.66225166 | AA86: 0.66225166 | AB86: 0.55248619 | AC86: 0.55248619 | AD86: 0.55248619
B87: alpha | C87: 10.710069 | D87: 16.045408 | E87: 180.24757 | F87: 352.82609 | G87: 25.667066 | H87: 16.045408 | I87: 120.875 | J87: 16.045408 | K87: 76.918873 | L87: 16.045408 | M87: 72.428571 | N87: 36.875 | O87: 36.875 | P87: 16.045408 | Q87: 16.045408 | R87: 16.045408 | S87: 16.045408 | T87: 16.045408 | U87: 16.045408 | V87: 16.045408 | W87: 16.045408 | X87: 16.045408 | Y87: 16.045408 | Z87: 16.045408 | AA87: 16.045408 | AB87: 10.710069 | AC87: 10.710069 | AD87: 10.710069
B88: beta | C88: 8.6751559 | D88: 8.1831583 | E88: 146.00053 | F88: 458.67391 | G88: 27.078755 | H88: 8.1831583 | I88: 72.525 | J88: 8.1831583 | K88: 32.305927 | L88: 8.1831583 | M88: 28.971429 | N88: 22.125 | O88: 22.125 | P88: 8.1831583 | Q88: 8.1831583 | R88: 8.1831583 | S88: 8.1831583 | T88: 8.1831583 | U88: 8.1831583 | V88: 8.1831583 | W88: 8.1831583 | X88: 8.1831583 | Y88: 8.1831583 | Z88: 8.1831583 | AA88: 8.1831583 | AB88: 8.6751559 | AC88: 8.6751559 | AD88: 8.6751559
A89: country | C89: Ghana | D89: Brazil | E89: India | F89: India | G89: India | H89: Brazil | I89: Colombia | J89: Chile | K89: Mexico | L89: Argentina | M89: South_Africa | N89: Colombia | O89: Colombia | P89: Uruquay | Q89: Chile | R89: Chile | S89: Chile | T89: Chile | U89: Chile | V89: Chile | W89: Chile | X89: Chile | Y89: Chile | Z89: Chile | AA89: Chile | AB89: Kenya | AC89: Kenya | AD89: Mauritius
A90: continent | C90: Africa | D90: Latin_America | E90: Asia | F90: Asia | G90: Asia | H90: Latin_America | I90: Latin_America | J90: Latin_America | K90: Latin_America | L90: Latin_America | M90: Africa | N90: Latin_America | O90: Latin_America | P90: Latin_America | Q90: Latin_America | R90: Latin_America | S90: Latin_America | T90: Latin_America | U90: Latin_America | V90: Latin_America | W90: Latin_America | X90: Latin_America | Y90: Latin_America | Z90: Latin_America | AA90: Latin_America | AB90: Africa | AC90: Africa | AD90: Africa
A91: bus_driver_prop_male | C91: 0.99 | D91: 0.99 | E91: 0.99 | F91: 0.99 | G91: 0.99 | H91: 0.99 | I91: 0.98 | J91: 0.99 | K91: 0.99 | L91: 0.99 | M91: 0.99 | N91: 0.98 | O91: 0.98 | P91: 0.99 | Q91: 0.99 | R91: 0.99 | S91: 0.99 | T91: 0.99 | U91: 0.99 | V91: 0.99 | W91: 0.99 | X91: 0.99 | Y91: 0.99 | Z91: 0.99 | AA91: 0.99 | AB91: 0.99 | AC91: 0.99 | AD91: 0.99
A92: bus_driver_male_agerange | C92: 18, 65 | D92: 18, 65 | E92: 18, 65 | F92: 18, 65 | G92: 18, 65 | H92: 18, 65 | I92: 19, 65 | J92: 18, 65 | K92: 18, 65 | L92: 18, 65 | M92: 18, 65 | N92: 19, 65 | O92: 19, 65 | P92: 18, 65 | Q92: 18, 65 | R92: 18, 65 | S92: 18, 65 | T92: 18, 65 | U92: 18, 65 | V92: 18, 65 | W92: 18, 65 | X92: 18, 65 | Y92: 18, 65 | Z92: 18, 65 | AA92: 18, 65 | AB92: 18, 65 | AC92: 18, 65 | AD92: 18, 65
A93: bus_driver_female_agerange | C93: 18, 65 | D93: 18, 65 | E93: 18, 65 | F93: 18, 65 | G93: 18, 65 | H93: 18, 65 | I93: 19, 65 | J93: 18, 65 | K93: 18, 65 | L93: 18, 65 | M93: 18, 65 | N93: 19, 65 | O93: 19, 65 | P93: 18, 65 | Q93: 18, 65 | R93: 18, 65 | S93: 18, 65 | T93: 18, 65 | U93: 18, 65 | V93: 18, 65 | W93: 18, 65 | X93: 18, 65 | Y93: 18, 65 | Z93: 18, 65 | AA93: 18, 65 | AB93: 18, 65 | AC93: 18, 65 | AD93: 18, 65
A94: truck_driver_prop_male | C94: 0.99 | D94: 0.99 | E94: 0.99 | F94: 0.99 | G94: 0.99 | H94: 0.99 | I94: 0.98 | J94: 0.99 | K94: 0.99 | L94: 0.99 | M94: 0.99 | N94: 0.98 | O94: 0.98 | P94: 0.99 | Q94: 0.99 | R94: 0.99 | S94: 0.99 | T94: 0.99 | U94: 0.99 | V94: 0.99 | W94: 0.99 | X94: 0.99 | Y94: 0.99 | Z94: 0.99 | AA94: 0.99 | AB94: 0.99 | AC94: 0.99 | AD94: 0.99
A95: truck_driver_male_agerange | C95: 18, 65 | D95: 18, 65 | E95: 18, 65 | F95: 18, 65 | G95: 18, 65 | H95: 18, 65 | I95: 18, 65 | J95: 18, 65 | K95: 18, 65 | L95: 18, 65 | M95: 18, 65 | N95: 18, 65 | O95: 18, 65 | P95: 18, 65 | Q95: 18, 65 | R95: 18, 65 | S95: 18, 65 | T95: 18, 65 | U95: 18, 65 | V95: 18, 65 | W95: 18, 65 | X95: 18, 65 | Y95: 18, 65 | Z95: 18, 65 | AA95: 18, 65 | AB95: 18, 65 | AC95: 18, 65 | AD95: 18, 65
A96: truck_driver_female_agerange | C96: 18, 65 | D96: 18, 65 | E96: 18, 65 | F96: 18, 65 | G96: 18, 65 | H96: 18, 65 | I96: 18, 65 | J96: 18, 65 | K96: 18, 65 | L96: 18, 65 | M96: 18, 65 | N96: 18, 65 | O96: 18, 65 | P96: 18, 65 | Q96: 18, 65 | R96: 18, 65 | S96: 18, 65 | T96: 18, 65 | U96: 18, 65 | V96: 18, 65 | W96: 18, 65 | X96: 18, 65 | Y96: 18, 65 | Z96: 18, 65 | AA96: 18, 65 | AB96: 18, 65 | AC96: 18, 65 | AD96: 18, 65
A97: commerical_mbike_prop_male | C97: 0.99 | D97: 0.94 | E97: 0.99 | F97: 0.99 | G97: 0.99 | H97: 0.99 | I97: 0.99 | J97: 0.99 | K97: 0.99 | L97: 1 | M97: 0.99 | N97: 0.98 | O97: 0.98 | P97: 0.99 | Q97: 0.99 | R97: 0.99 | S97: 0.99 | T97: 0.99 | U97: 0.99 | V97: 0.99 | W97: 0.99 | X97: 0.99 | Y97: 0.99 | Z97: 0.99 | AA97: 0.99 | AB97: 0.99 | AC97: 0.99 | AD97: 0.99
A98: commerical_mbike_male_agerange | C98: 18, 65 | D98: 18, 65 | E98: 18, 65 | F98: 18, 65 | G98: 18, 65 | H98: 18, 65 | I98: 18, 65 | J98: 18, 65 | K98: 18, 65 | L98: 18, 65 | M98: 18, 65 | N98: 18, 65 | O98: 18, 65 | P98: 18, 65 | Q98: 18, 65 | R98: 18, 65 | S98: 18, 65 | T98: 18, 65 | U98: 18, 65 | V98: 18, 65 | W98: 18, 65 | X98: 18, 65 | Y98: 18, 65 | Z98: 18, 65 | AA98: 18, 65 | AB98: 18, 65 | AC98: 18, 65 | AD98: 18, 65
A99: commerical_mbike_female_agerange | C99: 18, 65 | D99: 18, 65 | E99: 18, 65 | F99: 18, 65 | G99: 18, 65 | H99: 18, 65 | I99: 18, 65 | J99: 18, 65 | K99: 18, 65 | L99: 18, 65 | M99: 18, 65 | N99: 18, 65 | O99: 18, 65 | P99: 18, 65 | Q99: 18, 65 | R99: 18, 65 | S99: 18, 65 | T99: 18, 65 | U99: 18, 65 | V99: 18, 65 | W99: 18, 65 | X99: 18, 65 | Y99: 18, 65 | Z99: 18, 65 | AA99: 18, 65 | AB99: 18, 65 | AC99: 18, 65 | AD99: 18, 65
A100: day_to_week_scalar | C100: 7 | D100: 7 | E100: 7 | F100: 7 | G100: 7 | H100: 7 | I100: 7 | J100: 7 | K100: 7 | L100: 7 | M100: 7 | N100: 7 | O100: 7 | P100: 7 | Q100: 7 | R100: 7 | S100: 7 | T100: 7 | U100: 7 | V100: 7 | W100: 7 | X100: 7 | Y100: 7 | Z100: 7 | AA100: 7 | AB100: 7 | AC100: 7 | AD100: 7

Sheet All_city_list
A1: List of parameters found in all_city_parameter_inputs | L1: Values that have been entered manually
L2: Values read in from other locations
A3: Location column | B3: Row location | C3: Default lookup | D3: Grouped sources lookup | E3: Location | F3: Parameter | G3: Detail | H3: Value | I3: Default value | J3: Classification | K3: Description | L3: Location of data (e.g. in v-drive, web link) | M3: Source of data | N3: Comments
A4: 3 | B4: 2 | C4: =IF(G4 = "",F4,IF(OR(G4="alpha",G4="beta",G4="constant",G4="sd",G4="mean",G4="sample"),F4,F4&" "&G4)) -> speeds auto_rickshaw | D4: =F4&"_"&E4 -> speeds_accra | E4: {=INDIRECT(ADDRESS(1,A4,1,1,"all_city_parameter_inputs"))} -> accra | F4: {=IF(AND(ISBLANK(INDIRECT(ADDRESS(B4,2,1,1,"all_city_parameter_inputs"))), ISBLANK(INDIRECT(ADDRESS(B4,1,1,1,"all_city_parameter_inputs")))), "", IF(ISBLANK(INDIRECT(ADDRESS(B4,1,1,1,"all_city_parameter_inputs"))), All_city_list!F3,INDIRECT(ADDRESS(B4,1,1,1,"all_city_parameter_inputs"))))} -> speeds | G4: {=IF(AND(ISBLANK(INDIRECT(ADDRESS(B4,3,1,1,"all_city_parameter_inputs"))),ISBLANK(INDIRECT(ADDRESS(B4,2,1,1,"all_city_parameter_inputs")))),"",IF(ISBLANK(INDIRECT(ADDRESS(B4,2,1,1,"all_city_parameter_inputs"))),"",INDIRECT(ADDRESS(B4,2,1,1,"all_city_parameter_inputs"))))} -> auto_rickshaw | H4: {=IF(ISBLANK(INDIRECT(ADDRESS(B4,A4,1,1,"all_city_parameter_inputs"))), "--",INDIRECT(ADDRESS(B4,A4,1,1,"all_city_parameter_inputs")))} -> 4 | I4: =IF(OR(G4="alpha",G4="beta",G4="sd",G4="mean"),"--",VLOOKUP(C4,Default!$B$5:$H$113,7,FALSE)) -> 0 | J4: =VLOOKUP(F4,Lookup!$C$5:$D$109,2, FALSE) -> Travel values | K4: =VLOOKUP(C4,Default!$B$4:$E$113,4, FALSE) -> 0 | L4: VehicleSpeeds_Summary_vxxx.docx on OneDrive Ali Abbas - ITHIM Global\Methods and Processes\Input Parameters\VehicleSpeeds
A5: 3 | B5: 3 | C5: =IF(G5 = "",F5,IF(OR(G5="alpha",G5="beta",G5="constant",G5="sd",G5="mean",G5="sample"),F5,F5&" "&G5)) -> speeds bus | D5: =F5&"_"&E5 -> speeds_accra | E5: {=INDIRECT(ADDRESS(1,A5,1,1,"all_city_parameter_inputs"))} -> accra | F5: {=IF(AND(ISBLANK(INDIRECT(ADDRESS(B5,2,1,1,"all_city_parameter_inputs"))), ISBLANK(INDIRECT(ADDRESS(B5,1,1,1,"all_city_parameter_inputs")))), "", IF(ISBLANK(INDIRECT(ADDRESS(B5,1,1,1,"all_city_parameter_inputs"))), All_city_list!F4,INDIRECT(ADDRESS(B5,1,1,1,"all_city_parameter_inputs"))))} -> speeds | G5: {=IF(AND(ISBLANK(INDIRECT(ADDRESS(B5,3,1,1,"all_city_parameter_inputs"))),ISBLANK(INDIRECT(ADDRESS(B5,2,1,1,"all_city_parameter_inputs")))),"",IF(ISBLANK(INDIRECT(ADDRESS(B5,2,1,1,"all_city_parameter_inputs"))),"",INDIRECT(ADDRESS(B5,2,1,1,"all_city_parameter_inputs"))))} -> bus | H5: {=IF(ISBLANK(INDIRECT(ADDRESS(B5,A5,1,1,"all_city_parameter_inputs"))), "--",INDIRECT(ADDRESS(B5,A5,1,1,"all_city_parameter_inputs")))} -> 12 | I5: =IF(OR(G5="alpha",G5="beta",G5="sd",G5="mean"),"--",VLOOKUP(C5,Default!$B$5:$H$113,7,FALSE)) -> 8.1 | J5: =VLOOKUP(F5,Lookup!$C$5:$D$109,2, FALSE) -> Travel values | K5: =VLOOKUP(C5,Default!$B$4:$E$113,4, FALSE) -> - Speeds in km/h used for different vehicle categories - It is used in "add_ghost_trips" to add new trips taken by no one. - It is used to complete trip distance and duration (function "complete_trip_distance_duration"). - It us used to recompute distances when reassigning new trips for scenarios (function "create_cycle_scenarios", "create_max_mode_share_scenarios", "create_scenario") | L5: {=IF(ISNA(VLOOKUP(D5,Grouped_Sources!$C:$C,1,FALSE)),"", INDIRECT(VLOOKUP(D5,Grouped_Sources!$C:$G,5,FALSE)))} -> VehicleSpeeds_Summary_vxxx.docx on OneDrive Ali Abbas - ITHIM Global\Methods and Processes\Input Parameters\VehicleSpeeds
A6: 3 | B6: 4 | C6: =IF(G6 = "",F6,IF(OR(G6="alpha",G6="beta",G6="constant",G6="sd",G6="mean",G6="sample"),F6,F6&" "&G6)) -> speeds car | D6: =F6&"_"&E6 -> speeds_accra | E6: {=INDIRECT(ADDRESS(1,A6,1,1,"all_city_parameter_inputs"))} -> accra | F6: {=IF(AND(ISBLANK(INDIRECT(ADDRESS(B6,2,1,1,"all_city_parameter_inputs"))), ISBLANK(INDIRECT(ADDRESS(B6,1,1,1,"all_city_parameter_inputs")))), "", IF(ISBLANK(INDIRECT(ADDRESS(B6,1,1,1,"all_city_parameter_inputs"))), All_city_list!F5,INDIRECT(ADDRESS(B6,1,1,1,"all_city_parameter_inputs"))))} -> speeds | G6: {=IF(AND(ISBLANK(INDIRECT(ADDRESS(B6,3,1,1,"all_city_parameter_inputs"))),ISBLANK(INDIRECT(ADDRESS(B6,2,1,1,"all_city_parameter_inputs")))),"",IF(ISBLANK(INDIRECT(ADDRESS(B6,2,1,1,"all_city_parameter_inputs"))),"",INDIRECT(ADDRESS(B6,2,1,1,"all_city_parameter_inputs"))))} -> car | H6: {=IF(ISBLANK(INDIRECT(ADDRESS(B6,A6,1,1,"all_city_parameter_inputs"))), "--",INDIRECT(ADDRESS(B6,A6,1,1,"all_city_parameter_inputs")))} -> 15 | I6: =IF(OR(G6="alpha",G6="beta",G6="sd",G6="mean"),"--",VLOOKUP(C6,Default!$B$5:$H$113,7,FALSE)) -> 13.8 | J6: =VLOOKUP(F6,Lookup!$C$5:$D$109,2, FALSE) -> Travel values | K6: =VLOOKUP(C6,Default!$B$4:$E$113,4, FALSE) -> 0 | L6: {=IF(ISNA(VLOOKUP(D6,Grouped_Sources!$C:$C,1,FALSE)),"", INDIRECT(VLOOKUP(D6,Grouped_Sources!$C:$G,5,FALSE)))} -> VehicleSpeeds_Summary_vxxx.docx on OneDrive Ali Abbas - ITHIM Global\Methods and Processes\Input Parameters\VehicleSpeeds
A7: 3 | B7: 5 | C7: =IF(G7 = "",F7,IF(OR(G7="alpha",G7="beta",G7="constant",G7="sd",G7="mean",G7="sample"),F7,F7&" "&G7)) -> speeds cycle | D7: =F7&"_"&E7 -> speeds_accra | E7: {=INDIRECT(ADDRESS(1,A7,1,1,"all_city_parameter_inputs"))} -> accra | F7: {=IF(AND(ISBLANK(INDIRECT(ADDRESS(B7,2,1,1,"all_city_parameter_inputs"))), ISBLANK(INDIRECT(ADDRESS(B7,1,1,1,"all_city_parameter_inputs")))), "", IF(ISBLANK(INDIRECT(ADDRESS(B7,1,1,1,"all_city_parameter_inputs"))), All_city_list!F6,INDIRECT(ADDRESS(B7,1,1,1,"all_city_parameter_inputs"))))} -> speeds | G7: {=IF(AND(ISBLANK(INDIRECT(ADDRESS(B7,3,1,1,"all_city_parameter_inputs"))),ISBLANK(INDIRECT(ADDRESS(B7,2,1,1,"all_city_parameter_inputs")))),"",IF(ISBLANK(INDIRECT(ADDRESS(B7,2,1,1,"all_city_parameter_inputs"))),"",INDIRECT(ADDRESS(B7,2,1,1,"all_city_parameter_inputs"))))} -> cycle | H7: {=IF(ISBLANK(INDIRECT(ADDRESS(B7,A7,1,1,"all_city_parameter_inputs"))), "--",INDIRECT(ADDRESS(B7,A7,1,1,"all_city_parameter_inputs")))} -> 6 | I7: =IF(OR(G7="alpha",G7="beta",G7="sd",G7="mean"),"--",VLOOKUP(C7,Default!$B$5:$H$113,7,FALSE)) -> 7.2 | J7: =VLOOKUP(F7,Lookup!$C$5:$D$109,2, FALSE) -> Travel values | K7: =VLOOKUP(C7,Default!$B$4:$E$113,4, FALSE) -> 0 | L7: {=IF(ISNA(VLOOKUP(D7,Grouped_Sources!$C:$C,1,FALSE)),"", INDIRECT(VLOOKUP(D7,Grouped_Sources!$C:$G,5,FALSE)))} -> VehicleSpeeds_Summary_vxxx.docx on OneDrive Ali Abbas - ITHIM Global\Methods and Processes\Input Parameters\VehicleSpeeds
A8: 3 | B8: 6 | C8: =IF(G8 = "",F8,IF(OR(G8="alpha",G8="beta",G8="constant",G8="sd",G8="mean",G8="sample"),F8,F8&" "&G8)) -> speeds subway | D8: =F8&"_"&E8 -> speeds_accra | E8: {=INDIRECT(ADDRESS(1,A8,1,1,"all_city_parameter_inputs"))} -> accra | F8: {=IF(AND(ISBLANK(INDIRECT(ADDRESS(B8,2,1,1,"all_city_parameter_inputs"))), ISBLANK(INDIRECT(ADDRESS(B8,1,1,1,"all_city_parameter_inputs")))), "", IF(ISBLANK(INDIRECT(ADDRESS(B8,1,1,1,"all_city_parameter_inputs"))), All_city_list!F7,INDIRECT(ADDRESS(B8,1,1,1,"all_city_parameter_inputs"))))} -> speeds | G8: {=IF(AND(ISBLANK(INDIRECT(ADDRESS(B8,3,1,1,"all_city_parameter_inputs"))),ISBLANK(INDIRECT(ADDRESS(B8,2,1,1,"all_city_parameter_inputs")))),"",IF(ISBLANK(INDIRECT(ADDRESS(B8,2,1,1,"all_city_parameter_inputs"))),"",INDIRECT(ADDRESS(B8,2,1,1,"all_city_parameter_inputs"))))} -> subway | H8: {=IF(ISBLANK(INDIRECT(ADDRESS(B8,A8,1,1,"all_city_parameter_inputs"))), "--",INDIRECT(ADDRESS(B8,A8,1,1,"all_city_parameter_inputs")))} -> -- | I8: =IF(OR(G8="alpha",G8="beta",G8="sd",G8="mean"),"--",VLOOKUP(C8,Default!$B$5:$H$113,7,FALSE)) -> 18.1 | J8: =VLOOKUP(F8,Lookup!$C$5:$D$109,2, FALSE) -> Travel values | K8: =VLOOKUP(C8,Default!$B$4:$E$113,4, FALSE) -> 0 | L8: {=IF(ISNA(VLOOKUP(D8,Grouped_Sources!$C:$C,1,FALSE)),"", INDIRECT(VLOOKUP(D8,Grouped_Sources!$C:$G,5,FALSE)))} -> VehicleSpeeds_Summary_vxxx.docx on OneDrive Ali Abbas - ITHIM Global\Methods and Processes\Input Parameters\VehicleSpeeds
A9: 3 | B9: 7 | C9: =IF(G9 = "",F9,IF(OR(G9="alpha",G9="beta",G9="constant",G9="sd",G9="mean",G9="sample"),F9,F9&" "&G9)) -> speeds motorcycle | D9: =F9&"_"&E9 -> speeds_accra | E9: {=INDIRECT(ADDRESS(1,A9,1,1,"all_city_parameter_inputs"))} -> accra | F9: {=IF(AND(ISBLANK(INDIRECT(ADDRESS(B9,2,1,1,"all_city_parameter_inputs"))), ISBLANK(INDIRECT(ADDRESS(B9,1,1,1,"all_city_parameter_inputs")))), "", IF(ISBLANK(INDIRECT(ADDRESS(B9,1,1,1,"all_city_parameter_inputs"))), All_city_list!F8,INDIRECT(ADDRESS(B9,1,1,1,"all_city_parameter_inputs"))))} -> speeds | G9: {=IF(AND(ISBLANK(INDIRECT(ADDRESS(B9,3,1,1,"all_city_parameter_inputs"))),ISBLANK(INDIRECT(ADDRESS(B9,2,1,1,"all_city_parameter_inputs")))),"",IF(ISBLANK(INDIRECT(ADDRESS(B9,2,1,1,"all_city_parameter_inputs"))),"",INDIRECT(ADDRESS(B9,2,1,1,"all_city_parameter_inputs"))))} -> motorcycle | H9: {=IF(ISBLANK(INDIRECT(ADDRESS(B9,A9,1,1,"all_city_parameter_inputs"))), "--",INDIRECT(ADDRESS(B9,A9,1,1,"all_city_parameter_inputs")))} -> 15 | I9: =IF(OR(G9="alpha",G9="beta",G9="sd",G9="mean"),"--",VLOOKUP(C9,Default!$B$5:$H$113,7,FALSE)) -> 15.2 | J9: =VLOOKUP(F9,Lookup!$C$5:$D$109,2, FALSE) -> Travel values | K9: =VLOOKUP(C9,Default!$B$4:$E$113,4, FALSE) -> 0 | L9: {=IF(ISNA(VLOOKUP(D9,Grouped_Sources!$C:$C,1,FALSE)),"", INDIRECT(VLOOKUP(D9,Grouped_Sources!$C:$G,5,FALSE)))} -> VehicleSpeeds_Summary_vxxx.docx on OneDrive Ali Abbas - ITHIM Global\Methods and Processes\Input Parameters\VehicleSpeeds
A10: 3 | B10: 8 | C10: =IF(G10 = "",F10,IF(OR(G10="alpha",G10="beta",G10="constant",G10="sd",G10="mean",G10="sample"),F10,F10&" "&G10)) -> speeds other | D10: =F10&"_"&E10 -> speeds_accra | E10: {=INDIRECT(ADDRESS(1,A10,1,1,"all_city_parameter_inputs"))} -> accra | F10: {=IF(AND(ISBLANK(INDIRECT(ADDRESS(B10,2,1,1,"all_city_parameter_inputs"))), ISBLANK(INDIRECT(ADDRESS(B10,1,1,1,"all_city_parameter_inputs")))), "", IF(ISBLANK(INDIRECT(ADDRESS(B10,1,1,1,"all_city_parameter_inputs"))), All_city_list!F9,INDIRECT(ADDRESS(B10,1,1,1,"all_city_parameter_inputs"))))} -> speeds | G10: {=IF(AND(ISBLANK(INDIRECT(ADDRESS(B10,3,1,1,"all_city_parameter_inputs"))),ISBLANK(INDIRECT(ADDRESS(B10,2,1,1,"all_city_parameter_inputs")))),"",IF(ISBLANK(INDIRECT(ADDRESS(B10,2,1,1,"all_city_parameter_inputs"))),"",INDIRECT(ADDRESS(B10,2,1,1,"all_city_parameter_inputs"))))} -> other | H10: {=IF(ISBLANK(INDIRECT(ADDRESS(B10,A10,1,1,"all_city_parameter_inputs"))), "--",INDIRECT(ADDRESS(B10,A10,1,1,"all_city_parameter_inputs")))} -> -- | I10: =IF(OR(G10="alpha",G10="beta",G10="sd",G10="mean"),"--",VLOOKUP(C10,Default!$B$5:$H$113,7,FALSE)) -> 9.1 | J10: =VLOOKUP(F10,Lookup!$C$5:$D$109,2, FALSE) -> Travel values | K10: =VLOOKUP(C10,Default!$B$4:$E$113,4, FALSE) -> 0 | L10: {=IF(ISNA(VLOOKUP(D10,Grouped_Sources!$C:$C,1,FALSE)),"", INDIRECT(VLOOKUP(D10,Grouped_Sources!$C:$G,5,FALSE)))} -> VehicleSpeeds_Summary_vxxx.docx on OneDrive Ali Abbas - ITHIM Global\Methods and Processes\Input Parameters\VehicleSpeeds
A11: 3 | B11: 9 | C11: =IF(G11 = "",F11,IF(OR(G11="alpha",G11="beta",G11="constant",G11="sd",G11="mean",G11="sample"),F11,F11&" "&G11)) -> speeds pedestrian | D11: =F11&"_"&E11 -> speeds_accra | E11: {=INDIRECT(ADDRESS(1,A11,1,1,"all_city_parameter_inputs"))} -> accra | F11: {=IF(AND(ISBLANK(INDIRECT(ADDRESS(B11,2,1,1,"all_city_parameter_inputs"))), ISBLANK(INDIRECT(ADDRESS(B11,1,1,1,"all_city_parameter_inputs")))), "", IF(ISBLANK(INDIRECT(ADDRESS(B11,1,1,1,"all_city_parameter_inputs"))), All_city_list!F10,INDIRECT(ADDRESS(B11,1,1,1,"all_city_parameter_inputs"))))} -> speeds | G11: {=IF(AND(ISBLANK(INDIRECT(ADDRESS(B11,3,1,1,"all_city_parameter_inputs"))),ISBLANK(INDIRECT(ADDRESS(B11,2,1,1,"all_city_parameter_inputs")))),"",IF(ISBLANK(INDIRECT(ADDRESS(B11,2,1,1,"all_city_parameter_inputs"))),"",INDIRECT(ADDRESS(B11,2,1,1,"all_city_parameter_inputs"))))} -> pedestrian | H11: {=IF(ISBLANK(INDIRECT(ADDRESS(B11,A11,1,1,"all_city_parameter_inputs"))), "--",INDIRECT(ADDRESS(B11,A11,1,1,"all_city_parameter_inputs")))} -> 2 | I11: =IF(OR(G11="alpha",G11="beta",G11="sd",G11="mean"),"--",VLOOKUP(C11,Default!$B$5:$H$113,7,FALSE)) -> 0 | J11: =VLOOKUP(F11,Lookup!$C$5:$D$109,2, FALSE) -> Travel values | K11: =VLOOKUP(C11,Default!$B$4:$E$113,4, FALSE) -> 0 | L11: {=IF(ISNA(VLOOKUP(D11,Grouped_Sources!$C:$C,1,FALSE)),"", INDIRECT(VLOOKUP(D11,Grouped_Sources!$C:$G,5,FALSE)))} -> VehicleSpeeds_Summary_vxxx.docx on OneDrive Ali Abbas - ITHIM Global\Methods and Processes\Input Parameters\VehicleSpeeds
A12: 3 | B12: 10 | C12: =IF(G12 = "",F12,IF(OR(G12="alpha",G12="beta",G12="constant",G12="sd",G12="mean",G12="sample"),F12,F12&" "&G12)) -> speeds rail | D12: =F12&"_"&E12 -> speeds_accra | E12: {=INDIRECT(ADDRESS(1,A12,1,1,"all_city_parameter_inputs"))} -> accra | F12: {=IF(AND(ISBLANK(INDIRECT(ADDRESS(B12,2,1,1,"all_city_parameter_inputs"))), ISBLANK(INDIRECT(ADDRESS(B12,1,1,1,"all_city_parameter_inputs")))), "", IF(ISBLANK(INDIRECT(ADDRESS(B12,1,1,1,"all_city_parameter_inputs"))), All_city_list!F11,INDIRECT(ADDRESS(B12,1,1,1,"all_city_parameter_inputs"))))} -> speeds | G12: {=IF(AND(ISBLANK(INDIRECT(ADDRESS(B12,3,1,1,"all_city_parameter_inputs"))),ISBLANK(INDIRECT(ADDRESS(B12,2,1,1,"all_city_parameter_inputs")))),"",IF(ISBLANK(INDIRECT(ADDRESS(B12,2,1,1,"all_city_parameter_inputs"))),"",INDIRECT(ADDRESS(B12,2,1,1,"all_city_parameter_inputs"))))} -> rail | H12: {=IF(ISBLANK(INDIRECT(ADDRESS(B12,A12,1,1,"all_city_parameter_inputs"))), "--",INDIRECT(ADDRESS(B12,A12,1,1,"all_city_parameter_inputs")))} -> 20.6 | I12: =IF(OR(G12="alpha",G12="beta",G12="sd",G12="mean"),"--",VLOOKUP(C12,Default!$B$5:$H$113,7,FALSE)) -> 21.9 | J12: =VLOOKUP(F12,Lookup!$C$5:$D$109,2, FALSE) -> Travel values | K12: =VLOOKUP(C12,Default!$B$4:$E$113,4, FALSE) -> 0 | L12: {=IF(ISNA(VLOOKUP(D12,Grouped_Sources!$C:$C,1,FALSE)),"", INDIRECT(VLOOKUP(D12,Grouped_Sources!$C:$G,5,FALSE)))} -> VehicleSpeeds_Summary_vxxx.docx on OneDrive Ali Abbas - ITHIM Global\Methods and Processes\Input Parameters\VehicleSpeeds
A13: 3 | B13: 11 | C13: =IF(G13 = "",F13,IF(OR(G13="alpha",G13="beta",G13="constant",G13="sd",G13="mean",G13="sample"),F13,F13&" "&G13)) -> speeds taxi | D13: =F13&"_"&E13 -> speeds_accra | E13: {=INDIRECT(ADDRESS(1,A13,1,1,"all_city_parameter_inputs"))} -> accra | F13: {=IF(AND(ISBLANK(INDIRECT(ADDRESS(B13,2,1,1,"all_city_parameter_inputs"))), ISBLANK(INDIRECT(ADDRESS(B13,1,1,1,"all_city_parameter_inputs")))), "", IF(ISBLANK(INDIRECT(ADDRESS(B13,1,1,1,"all_city_parameter_inputs"))), All_city_list!F12,INDIRECT(ADDRESS(B13,1,1,1,"all_city_parameter_inputs"))))} -> speeds | G13: {=IF(AND(ISBLANK(INDIRECT(ADDRESS(B13,3,1,1,"all_city_parameter_inputs"))),ISBLANK(INDIRECT(ADDRESS(B13,2,1,1,"all_city_parameter_inputs")))),"",IF(ISBLANK(INDIRECT(ADDRESS(B13,2,1,1,"all_city_parameter_inputs"))),"",INDIRECT(ADDRESS(B13,2,1,1,"all_city_parameter_inputs"))))} -> taxi | H13: {=IF(ISBLANK(INDIRECT(ADDRESS(B13,A13,1,1,"all_city_parameter_inputs"))), "--",INDIRECT(ADDRESS(B13,A13,1,1,"all_city_parameter_inputs")))} -> 12 | I13: =IF(OR(G13="alpha",G13="beta",G13="sd",G13="mean"),"--",VLOOKUP(C13,Default!$B$5:$H$113,7,FALSE)) -> 13.8 | J13: =VLOOKUP(F13,Lookup!$C$5:$D$109,2, FALSE) -> Travel values | K13: =VLOOKUP(C13,Default!$B$4:$E$113,4, FALSE) -> 0 | L13: {=IF(ISNA(VLOOKUP(D13,Grouped_Sources!$C:$C,1,FALSE)),"", INDIRECT(VLOOKUP(D13,Grouped_Sources!$C:$G,5,FALSE)))} -> VehicleSpeeds_Summary_vxxx.docx on OneDrive Ali Abbas - ITHIM Global\Methods and Processes\Input Parameters\VehicleSpeeds
A14: 3 | B14: 12 | C14: =IF(G14 = "",F14,IF(OR(G14="alpha",G14="beta",G14="constant",G14="sd",G14="mean",G14="sample"),F14,F14&" "&G14)) -> speeds truck | D14: =F14&"_"&E14 -> speeds_accra | E14: {=INDIRECT(ADDRESS(1,A14,1,1,"all_city_parameter_inputs"))} -> accra | F14: {=IF(AND(ISBLANK(INDIRECT(ADDRESS(B14,2,1,1,"all_city_parameter_inputs"))), ISBLANK(INDIRECT(ADDRESS(B14,1,1,1,"all_city_parameter_inputs")))), "", IF(ISBLANK(INDIRECT(ADDRESS(B14,1,1,1,"all_city_parameter_inputs"))), All_city_list!F13,INDIRECT(ADDRESS(B14,1,1,1,"all_city_parameter_inputs"))))} -> speeds | G14: {=IF(AND(ISBLANK(INDIRECT(ADDRESS(B14,3,1,1,"all_city_parameter_inputs"))),ISBLANK(INDIRECT(ADDRESS(B14,2,1,1,"all_city_parameter_inputs")))),"",IF(ISBLANK(INDIRECT(ADDRESS(B14,2,1,1,"all_city_parameter_inputs"))),"",INDIRECT(ADDRESS(B14,2,1,1,"all_city_parameter_inputs"))))} -> truck | H14: {=IF(ISBLANK(INDIRECT(ADDRESS(B14,A14,1,1,"all_city_parameter_inputs"))), "--",INDIRECT(ADDRESS(B14,A14,1,1,"all_city_parameter_inputs")))} -> 12 | I14: =IF(OR(G14="alpha",G14="beta",G14="sd",G14="mean"),"--",VLOOKUP(C14,Default!$B$5:$H$113,7,FALSE)) -> 8.1 | J14: =VLOOKUP(F14,Lookup!$C$5:$D$109,2, FALSE) -> Travel values | K14: =VLOOKUP(C14,Default!$B$4:$E$113,4, FALSE) -> 0 | L14: {=IF(ISNA(VLOOKUP(D14,Grouped_Sources!$C:$C,1,FALSE)),"", INDIRECT(VLOOKUP(D14,Grouped_Sources!$C:$G,5,FALSE)))} -> VehicleSpeeds_Summary_vxxx.docx on OneDrive Ali Abbas - ITHIM Global\Methods and Processes\Input Parameters\VehicleSpeeds
A15: 3 | B15: 13 | C15: =IF(G15 = "",F15,IF(OR(G15="alpha",G15="beta",G15="constant",G15="sd",G15="mean",G15="sample"),F15,F15&" "&G15)) -> speeds van | D15: =F15&"_"&E15 -> speeds_accra | E15: {=INDIRECT(ADDRESS(1,A15,1,1,"all_city_parameter_inputs"))} -> accra | F15: {=IF(AND(ISBLANK(INDIRECT(ADDRESS(B15,2,1,1,"all_city_parameter_inputs"))), ISBLANK(INDIRECT(ADDRESS(B15,1,1,1,"all_city_parameter_inputs")))), "", IF(ISBLANK(INDIRECT(ADDRESS(B15,1,1,1,"all_city_parameter_inputs"))), All_city_list!F14,INDIRECT(ADDRESS(B15,1,1,1,"all_city_parameter_inputs"))))} -> speeds | G15: {=IF(AND(ISBLANK(INDIRECT(ADDRESS(B15,3,1,1,"all_city_parameter_inputs"))),ISBLANK(INDIRECT(ADDRESS(B15,2,1,1,"all_city_parameter_inputs")))),"",IF(ISBLANK(INDIRECT(ADDRESS(B15,2,1,1,"all_city_parameter_inputs"))),"",INDIRECT(ADDRESS(B15,2,1,1,"all_city_parameter_inputs"))))} -> van | H15: {=IF(ISBLANK(INDIRECT(ADDRESS(B15,A15,1,1,"all_city_parameter_inputs"))), "--",INDIRECT(ADDRESS(B15,A15,1,1,"all_city_parameter_inputs")))} -> 15 | I15: =IF(OR(G15="alpha",G15="beta",G15="sd",G15="mean"),"--",VLOOKUP(C15,Default!$B$5:$H$113,7,FALSE)) -> 0 | J15: =VLOOKUP(F15,Lookup!$C$5:$D$109,2, FALSE) -> Travel values | K15: =VLOOKUP(C15,Default!$B$4:$E$113,4, FALSE) -> 0 | L15: {=IF(ISNA(VLOOKUP(D15,Grouped_Sources!$C:$C,1,FALSE)),"", INDIRECT(VLOOKUP(D15,Grouped_Sources!$C:$G,5,FALSE)))} -> VehicleSpeeds_Summary_vxxx.docx on OneDrive Ali Abbas - ITHIM Global\Methods and Processes\Input Parameters\VehicleSpeeds
A16: 3 | B16: 14 | C16: =IF(G16 = "",F16,IF(OR(G16="alpha",G16="beta",G16="constant",G16="sd",G16="mean",G16="sample"),F16,F16&" "&G16)) -> PM_emission_inventories motorcycle | D16: =F16&"_"&E16 -> PM_emission_inventories_accra | E16: {=INDIRECT(ADDRESS(1,A16,1,1,"all_city_parameter_inputs"))} -> accra | F16: {=IF(AND(ISBLANK(INDIRECT(ADDRESS(B16,2,1,1,"all_city_parameter_inputs"))), ISBLANK(INDIRECT(ADDRESS(B16,1,1,1,"all_city_parameter_inputs")))), "", IF(ISBLANK(INDIRECT(ADDRESS(B16,1,1,1,"all_city_parameter_inputs"))), All_city_list!F5,INDIRECT(ADDRESS(B16,1,1,1,"all_city_parameter_inputs"))))} -> PM_emission_inventories | G16: {=IF(AND(ISBLANK(INDIRECT(ADDRESS(B16,3,1,1,"all_city_parameter_inputs"))),ISBLANK(INDIRECT(ADDRESS(B16,2,1,1,"all_city_parameter_inputs")))),"",IF(ISBLANK(INDIRECT(ADDRESS(B16,2,1,1,"all_city_parameter_inputs"))),"",INDIRECT(ADDRESS(B16,2,1,1,"all_city_parameter_inputs"))))} -> motorcycle | H16: {=IF(ISBLANK(INDIRECT(ADDRESS(B16,A16,1,1,"all_city_parameter_inputs"))), "--",INDIRECT(ADDRESS(B16,A16,1,1,"all_city_parameter_inputs")))} -> 0.002436234 | I16: =IF(OR(G16="alpha",G16="beta",G16="sd",G16="mean"),"--",VLOOKUP(C16,Default!$B$5:$H$113,7,FALSE)) -> 0.0023031654 | J16: =VLOOKUP(F16,Lookup!$C$5:$D$109,2, FALSE) -> Pollution values | K16: =VLOOKUP(C16,Default!$B$4:$E$113,4, FALSE) -> - Used to estimate the PM for scenarios (function "scenario_pm_calculations"). - used as reference to compute confidence around it (function "ithim_setup_parameters"). - used to create VEHICLE_INVENTORY, with speeds, PM and CO2 emissions (function "set_vehicle_inventory"). | L16: air pollution and CO2 write-up_only table_V4.docx (dropbox.com) | M16: EDGAR and various other sources, detailed in document | N16: NEEDS updating with OneDrive link!!!!
A17: 3 | B17: 15 | C17: =IF(G17 = "",F17,IF(OR(G17="alpha",G17="beta",G17="constant",G17="sd",G17="mean",G17="sample"),F17,F17&" "&G17)) -> PM_emission_inventories car | D17: =F17&"_"&E17 -> PM_emission_inventories_accra | E17: {=INDIRECT(ADDRESS(1,A17,1,1,"all_city_parameter_inputs"))} -> accra | F17: {=IF(AND(ISBLANK(INDIRECT(ADDRESS(B17,2,1,1,"all_city_parameter_inputs"))), ISBLANK(INDIRECT(ADDRESS(B17,1,1,1,"all_city_parameter_inputs")))), "", IF(ISBLANK(INDIRECT(ADDRESS(B17,1,1,1,"all_city_parameter_inputs"))), All_city_list!F16,INDIRECT(ADDRESS(B17,1,1,1,"all_city_parameter_inputs"))))} -> PM_emission_inventories | G17: {=IF(AND(ISBLANK(INDIRECT(ADDRESS(B17,3,1,1,"all_city_parameter_inputs"))),ISBLANK(INDIRECT(ADDRESS(B17,2,1,1,"all_city_parameter_inputs")))),"",IF(ISBLANK(INDIRECT(ADDRESS(B17,2,1,1,"all_city_parameter_inputs"))),"",INDIRECT(ADDRESS(B17,2,1,1,"all_city_parameter_inputs"))))} -> car | H17: {=IF(ISBLANK(INDIRECT(ADDRESS(B17,A17,1,1,"all_city_parameter_inputs"))), "--",INDIRECT(ADDRESS(B17,A17,1,1,"all_city_parameter_inputs")))} -> 0.5899859 | I17: =IF(OR(G17="alpha",G17="beta",G17="sd",G17="mean"),"--",VLOOKUP(C17,Default!$B$5:$H$113,7,FALSE)) -> 0.081980353 | J17: =VLOOKUP(F17,Lookup!$C$5:$D$109,2, FALSE) -> Pollution values | K17: =VLOOKUP(C17,Default!$B$4:$E$113,4, FALSE) -> 0 | L17: {=IF(ISNA(VLOOKUP(D17,Grouped_Sources!$C:$C,1,FALSE)),"", INDIRECT(VLOOKUP(D17,Grouped_Sources!$C:$G,5,FALSE)))} -> air pollution and CO2 write-up_only table_V4.docx (dropbox.com)
A18: 3 | B18: 16 | C18: =IF(G18 = "",F18,IF(OR(G18="alpha",G18="beta",G18="constant",G18="sd",G18="mean",G18="sample"),F18,F18&" "&G18)) -> PM_emission_inventories bus_driver | D18: =F18&"_"&E18 -> PM_emission_inventories_accra | E18: {=INDIRECT(ADDRESS(1,A18,1,1,"all_city_parameter_inputs"))} -> accra | F18: {=IF(AND(ISBLANK(INDIRECT(ADDRESS(B18,2,1,1,"all_city_parameter_inputs"))), ISBLANK(INDIRECT(ADDRESS(B18,1,1,1,"all_city_parameter_inputs")))), "", IF(ISBLANK(INDIRECT(ADDRESS(B18,1,1,1,"all_city_parameter_inputs"))), All_city_list!F17,INDIRECT(ADDRESS(B18,1,1,1,"all_city_parameter_inputs"))))} -> PM_emission_inventories | G18: {=IF(AND(ISBLANK(INDIRECT(ADDRESS(B18,3,1,1,"all_city_parameter_inputs"))),ISBLANK(INDIRECT(ADDRESS(B18,2,1,1,"all_city_parameter_inputs")))),"",IF(ISBLANK(INDIRECT(ADDRESS(B18,2,1,1,"all_city_parameter_inputs"))),"",INDIRECT(ADDRESS(B18,2,1,1,"all_city_parameter_inputs"))))} -> bus_driver | H18: {=IF(ISBLANK(INDIRECT(ADDRESS(B18,A18,1,1,"all_city_parameter_inputs"))), "--",INDIRECT(ADDRESS(B18,A18,1,1,"all_city_parameter_inputs")))} -> 0.04993458 | I18: =IF(OR(G18="alpha",G18="beta",G18="sd",G18="mean"),"--",VLOOKUP(C18,Default!$B$5:$H$113,7,FALSE)) -> 0.12246677 | J18: =VLOOKUP(F18,Lookup!$C$5:$D$109,2, FALSE) -> Pollution values | K18: =VLOOKUP(C18,Default!$B$4:$E$113,4, FALSE) -> 0 | L18: {=IF(ISNA(VLOOKUP(D18,Grouped_Sources!$C:$C,1,FALSE)),"", INDIRECT(VLOOKUP(D18,Grouped_Sources!$C:$G,5,FALSE)))} -> air pollution and CO2 write-up_only table_V4.docx (dropbox.com)
A19: 3 | B19: 17 | C19: =IF(G19 = "",F19,IF(OR(G19="alpha",G19="beta",G19="constant",G19="sd",G19="mean",G19="sample"),F19,F19&" "&G19)) -> PM_emission_inventories big_truck | D19: =F19&"_"&E19 -> PM_emission_inventories_accra | E19: {=INDIRECT(ADDRESS(1,A19,1,1,"all_city_parameter_inputs"))} -> accra | F19: {=IF(AND(ISBLANK(INDIRECT(ADDRESS(B19,2,1,1,"all_city_parameter_inputs"))), ISBLANK(INDIRECT(ADDRESS(B19,1,1,1,"all_city_parameter_inputs")))), "", IF(ISBLANK(INDIRECT(ADDRESS(B19,1,1,1,"all_city_parameter_inputs"))), All_city_list!F18,INDIRECT(ADDRESS(B19,1,1,1,"all_city_parameter_inputs"))))} -> PM_emission_inventories | G19: {=IF(AND(ISBLANK(INDIRECT(ADDRESS(B19,3,1,1,"all_city_parameter_inputs"))),ISBLANK(INDIRECT(ADDRESS(B19,2,1,1,"all_city_parameter_inputs")))),"",IF(ISBLANK(INDIRECT(ADDRESS(B19,2,1,1,"all_city_parameter_inputs"))),"",INDIRECT(ADDRESS(B19,2,1,1,"all_city_parameter_inputs"))))} -> big_truck | H19: {=IF(ISBLANK(INDIRECT(ADDRESS(B19,A19,1,1,"all_city_parameter_inputs"))), "--",INDIRECT(ADDRESS(B19,A19,1,1,"all_city_parameter_inputs")))} -> 0.1924163 | I19: =IF(OR(G19="alpha",G19="beta",G19="sd",G19="mean"),"--",VLOOKUP(C19,Default!$B$5:$H$113,7,FALSE)) -> 0.45445404 | J19: =VLOOKUP(F19,Lookup!$C$5:$D$109,2, FALSE) -> Pollution values | K19: =VLOOKUP(C19,Default!$B$4:$E$113,4, FALSE) -> 0 | L19: {=IF(ISNA(VLOOKUP(D19,Grouped_Sources!$C:$C,1,FALSE)),"", INDIRECT(VLOOKUP(D19,Grouped_Sources!$C:$G,5,FALSE)))} -> air pollution and CO2 write-up_only table_V4.docx (dropbox.com)
A20: 3 | B20: 18 | C20: =IF(G20 = "",F20,IF(OR(G20="alpha",G20="beta",G20="constant",G20="sd",G20="mean",G20="sample"),F20,F20&" "&G20)) -> PM_emission_inventories truck | D20: =F20&"_"&E20 -> PM_emission_inventories_accra | E20: {=INDIRECT(ADDRESS(1,A20,1,1,"all_city_parameter_inputs"))} -> accra | F20: {=IF(AND(ISBLANK(INDIRECT(ADDRESS(B20,2,1,1,"all_city_parameter_inputs"))), ISBLANK(INDIRECT(ADDRESS(B20,1,1,1,"all_city_parameter_inputs")))), "", IF(ISBLANK(INDIRECT(ADDRESS(B20,1,1,1,"all_city_parameter_inputs"))), All_city_list!F19,INDIRECT(ADDRESS(B20,1,1,1,"all_city_parameter_inputs"))))} -> PM_emission_inventories | G20: {=IF(AND(ISBLANK(INDIRECT(ADDRESS(B20,3,1,1,"all_city_parameter_inputs"))),ISBLANK(INDIRECT(ADDRESS(B20,2,1,1,"all_city_parameter_inputs")))),"",IF(ISBLANK(INDIRECT(ADDRESS(B20,2,1,1,"all_city_parameter_inputs"))),"",INDIRECT(ADDRESS(B20,2,1,1,"all_city_parameter_inputs"))))} -> truck | H20: {=IF(ISBLANK(INDIRECT(ADDRESS(B20,A20,1,1,"all_city_parameter_inputs"))), "--",INDIRECT(ADDRESS(B20,A20,1,1,"all_city_parameter_inputs")))} -> 0.16522704 | I20: =IF(OR(G20="alpha",G20="beta",G20="sd",G20="mean"),"--",VLOOKUP(C20,Default!$B$5:$H$113,7,FALSE)) -> 0.33879567 | J20: =VLOOKUP(F20,Lookup!$C$5:$D$109,2, FALSE) -> Pollution values | K20: =VLOOKUP(C20,Default!$B$4:$E$113,4, FALSE) -> 0 | L20: {=IF(ISNA(VLOOKUP(D20,Grouped_Sources!$C:$C,1,FALSE)),"", INDIRECT(VLOOKUP(D20,Grouped_Sources!$C:$G,5,FALSE)))} -> air pollution and CO2 write-up_only table_V4.docx (dropbox.com)
A21: 3 | B21: 19 | C21: =IF(G21 = "",F21,IF(OR(G21="alpha",G21="beta",G21="constant",G21="sd",G21="mean",G21="sample"),F21,F21&" "&G21)) -> PM_emission_inventories van | D21: =F21&"_"&E21 -> PM_emission_inventories_accra | E21: {=INDIRECT(ADDRESS(1,A21,1,1,"all_city_parameter_inputs"))} -> accra | F21: {=IF(AND(ISBLANK(INDIRECT(ADDRESS(B21,2,1,1,"all_city_parameter_inputs"))), ISBLANK(INDIRECT(ADDRESS(B21,1,1,1,"all_city_parameter_inputs")))), "", IF(ISBLANK(INDIRECT(ADDRESS(B21,1,1,1,"all_city_parameter_inputs"))), All_city_list!F20,INDIRECT(ADDRESS(B21,1,1,1,"all_city_parameter_inputs"))))} -> PM_emission_inventories | G21: {=IF(AND(ISBLANK(INDIRECT(ADDRESS(B21,3,1,1,"all_city_parameter_inputs"))),ISBLANK(INDIRECT(ADDRESS(B21,2,1,1,"all_city_parameter_inputs")))),"",IF(ISBLANK(INDIRECT(ADDRESS(B21,2,1,1,"all_city_parameter_inputs"))),"",INDIRECT(ADDRESS(B21,2,1,1,"all_city_parameter_inputs"))))} -> van | H21: {=IF(ISBLANK(INDIRECT(ADDRESS(B21,A21,1,1,"all_city_parameter_inputs"))), "--",INDIRECT(ADDRESS(B21,A21,1,1,"all_city_parameter_inputs")))} -> 0 | I21: =IF(OR(G21="alpha",G21="beta",G21="sd",G21="mean"),"--",VLOOKUP(C21,Default!$B$5:$H$113,7,FALSE)) -> 0 | J21: =VLOOKUP(F21,Lookup!$C$5:$D$109,2, FALSE) -> Pollution values | K21: =VLOOKUP(C21,Default!$B$4:$E$113,4, FALSE) -> 0 | L21: {=IF(ISNA(VLOOKUP(D21,Grouped_Sources!$C:$C,1,FALSE)),"", INDIRECT(VLOOKUP(D21,Grouped_Sources!$C:$G,5,FALSE)))} -> air pollution and CO2 write-up_only table_V4.docx (dropbox.com)
A22: 3 | B22: 20 | C22: =IF(G22 = "",F22,IF(OR(G22="alpha",G22="beta",G22="constant",G22="sd",G22="mean",G22="sample"),F22,F22&" "&G22)) -> PM_emission_inventories other | D22: =F22&"_"&E22 -> PM_emission_inventories_accra | E22: {=INDIRECT(ADDRESS(1,A22,1,1,"all_city_parameter_inputs"))} -> accra | F22: {=IF(AND(ISBLANK(INDIRECT(ADDRESS(B22,2,1,1,"all_city_parameter_inputs"))), ISBLANK(INDIRECT(ADDRESS(B22,1,1,1,"all_city_parameter_inputs")))), "", IF(ISBLANK(INDIRECT(ADDRESS(B22,1,1,1,"all_city_parameter_inputs"))), All_city_list!F21,INDIRECT(ADDRESS(B22,1,1,1,"all_city_parameter_inputs"))))} -> PM_emission_inventories | G22: {=IF(AND(ISBLANK(INDIRECT(ADDRESS(B22,3,1,1,"all_city_parameter_inputs"))),ISBLANK(INDIRECT(ADDRESS(B22,2,1,1,"all_city_parameter_inputs")))),"",IF(ISBLANK(INDIRECT(ADDRESS(B22,2,1,1,"all_city_parameter_inputs"))),"",INDIRECT(ADDRESS(B22,2,1,1,"all_city_parameter_inputs"))))} -> other | H22: {=IF(ISBLANK(INDIRECT(ADDRESS(B22,A22,1,1,"all_city_parameter_inputs"))), "--",INDIRECT(ADDRESS(B22,A22,1,1,"all_city_parameter_inputs")))} -> 0 | I22: =IF(OR(G22="alpha",G22="beta",G22="sd",G22="mean"),"--",VLOOKUP(C22,Default!$B$5:$H$113,7,FALSE)) -> 0 | J22: =VLOOKUP(F22,Lookup!$C$5:$D$109,2, FALSE) -> Pollution values | K22: =VLOOKUP(C22,Default!$B$4:$E$113,4, FALSE) -> 0 | L22: {=IF(ISNA(VLOOKUP(D22,Grouped_Sources!$C:$C,1,FALSE)),"", INDIRECT(VLOOKUP(D22,Grouped_Sources!$C:$G,5,FALSE)))} -> air pollution and CO2 write-up_only table_V4.docx (dropbox.com)
A23: 3 | B23: 21 | C23: =IF(G23 = "",F23,IF(OR(G23="alpha",G23="beta",G23="constant",G23="sd",G23="mean",G23="sample"),F23,F23&" "&G23)) -> PM_emission_inventories taxi | D23: =F23&"_"&E23 -> PM_emission_inventories_accra | E23: {=INDIRECT(ADDRESS(1,A23,1,1,"all_city_parameter_inputs"))} -> accra | F23: {=IF(AND(ISBLANK(INDIRECT(ADDRESS(B23,2,1,1,"all_city_parameter_inputs"))), ISBLANK(INDIRECT(ADDRESS(B23,1,1,1,"all_city_parameter_inputs")))), "", IF(ISBLANK(INDIRECT(ADDRESS(B23,1,1,1,"all_city_parameter_inputs"))), All_city_list!F22,INDIRECT(ADDRESS(B23,1,1,1,"all_city_parameter_inputs"))))} -> PM_emission_inventories | G23: {=IF(AND(ISBLANK(INDIRECT(ADDRESS(B23,3,1,1,"all_city_parameter_inputs"))),ISBLANK(INDIRECT(ADDRESS(B23,2,1,1,"all_city_parameter_inputs")))),"",IF(ISBLANK(INDIRECT(ADDRESS(B23,2,1,1,"all_city_parameter_inputs"))),"",INDIRECT(ADDRESS(B23,2,1,1,"all_city_parameter_inputs"))))} -> taxi | H23: {=IF(ISBLANK(INDIRECT(ADDRESS(B23,A23,1,1,"all_city_parameter_inputs"))), "--",INDIRECT(ADDRESS(B23,A23,1,1,"all_city_parameter_inputs")))} -> 0 | I23: =IF(OR(G23="alpha",G23="beta",G23="sd",G23="mean"),"--",VLOOKUP(C23,Default!$B$5:$H$113,7,FALSE)) -> 0 | J23: =VLOOKUP(F23,Lookup!$C$5:$D$109,2, FALSE) -> Pollution values | K23: =VLOOKUP(C23,Default!$B$4:$E$113,4, FALSE) -> 0 | L23: {=IF(ISNA(VLOOKUP(D23,Grouped_Sources!$C:$C,1,FALSE)),"", INDIRECT(VLOOKUP(D23,Grouped_Sources!$C:$G,5,FALSE)))} -> air pollution and CO2 write-up_only table_V4.docx (dropbox.com)
A24: 3 | B24: 22 | C24: =IF(G24 = "",F24,IF(OR(G24="alpha",G24="beta",G24="constant",G24="sd",G24="mean",G24="sample"),F24,F24&" "&G24)) -> PM_emission_inventories auto_rickshaw | D24: =F24&"_"&E24 -> PM_emission_inventories_accra | E24: {=INDIRECT(ADDRESS(1,A24,1,1,"all_city_parameter_inputs"))} -> accra | F24: {=IF(AND(ISBLANK(INDIRECT(ADDRESS(B24,2,1,1,"all_city_parameter_inputs"))), ISBLANK(INDIRECT(ADDRESS(B24,1,1,1,"all_city_parameter_inputs")))), "", IF(ISBLANK(INDIRECT(ADDRESS(B24,1,1,1,"all_city_parameter_inputs"))), All_city_list!F23,INDIRECT(ADDRESS(B24,1,1,1,"all_city_parameter_inputs"))))} -> PM_emission_inventories | G24: {=IF(AND(ISBLANK(INDIRECT(ADDRESS(B24,3,1,1,"all_city_parameter_inputs"))),ISBLANK(INDIRECT(ADDRESS(B24,2,1,1,"all_city_parameter_inputs")))),"",IF(ISBLANK(INDIRECT(ADDRESS(B24,2,1,1,"all_city_parameter_inputs"))),"",INDIRECT(ADDRESS(B24,2,1,1,"all_city_parameter_inputs"))))} -> auto_rickshaw | H24: {=IF(ISBLANK(INDIRECT(ADDRESS(B24,A24,1,1,"all_city_parameter_inputs"))), "--",INDIRECT(ADDRESS(B24,A24,1,1,"all_city_parameter_inputs")))} -> 0 | I24: =IF(OR(G24="alpha",G24="beta",G24="sd",G24="mean"),"--",VLOOKUP(C24,Default!$B$5:$H$113,7,FALSE)) -> 0 | J24: =VLOOKUP(F24,Lookup!$C$5:$D$109,2, FALSE) -> Pollution values | K24: =VLOOKUP(C24,Default!$B$4:$E$113,4, FALSE) -> 0 | L24: {=IF(ISNA(VLOOKUP(D24,Grouped_Sources!$C:$C,1,FALSE)),"", INDIRECT(VLOOKUP(D24,Grouped_Sources!$C:$G,5,FALSE)))} -> air pollution and CO2 write-up_only table_V4.docx (dropbox.com)
A25: 3 | B25: 23 | C25: =IF(G25 = "",F25,IF(OR(G25="alpha",G25="beta",G25="constant",G25="sd",G25="mean",G25="sample"),F25,F25&" "&G25)) -> injury_reporting_rate | D25: =F25&"_"&E25 -> injury_reporting_rate_accra | E25: {=INDIRECT(ADDRESS(1,A25,1,1,"all_city_parameter_inputs"))} -> accra | F25: {=IF(AND(ISBLANK(INDIRECT(ADDRESS(B25,2,1,1,"all_city_parameter_inputs"))), ISBLANK(INDIRECT(ADDRESS(B25,1,1,1,"all_city_parameter_inputs")))), "", IF(ISBLANK(INDIRECT(ADDRESS(B25,1,1,1,"all_city_parameter_inputs"))), All_city_list!F24,INDIRECT(ADDRESS(B25,1,1,1,"all_city_parameter_inputs"))))} -> injury_reporting_rate | G25: {=IF(AND(ISBLANK(INDIRECT(ADDRESS(B25,3,1,1,"all_city_parameter_inputs"))),ISBLANK(INDIRECT(ADDRESS(B25,2,1,1,"all_city_parameter_inputs")))),"",IF(ISBLANK(INDIRECT(ADDRESS(B25,2,1,1,"all_city_parameter_inputs"))),"",INDIRECT(ADDRESS(B25,2,1,1,"all_city_parameter_inputs"))))} -> constant | H25: {=IF(ISBLANK(INDIRECT(ADDRESS(B25,A25,1,1,"all_city_parameter_inputs"))), "--",INDIRECT(ADDRESS(B25,A25,1,1,"all_city_parameter_inputs")))} -> 0.61011662 | I25: =IF(OR(G25="alpha",G25="beta",G25="sd",G25="mean"),"--",VLOOKUP(C25,Default!$B$5:$H$113,7,FALSE)) -> 1 | J25: =VLOOKUP(F25,Lookup!$C$5:$D$109,2, FALSE) -> Injury values | K25: =VLOOKUP(C25,Default!$B$4:$E$113,4, FALSE) -> rate at which injuries are reported | L25: InjuryReportingRate_WriteUp_vxx.docx on OneDrive Ali Abbas - ITHIM Global\Methods and Processes\Input Parameters\InjuryReportingRate
A26: 3 | B26: 24 | C26: =IF(G26 = "",F26,IF(OR(G26="alpha",G26="beta",G26="constant",G26="sd",G26="mean",G26="sample"),F26,F26&" "&G26)) -> injury_reporting_rate | D26: =F26&"_"&E26 -> injury_reporting_rate_accra | E26: {=INDIRECT(ADDRESS(1,A26,1,1,"all_city_parameter_inputs"))} -> accra | F26: {=IF(AND(ISBLANK(INDIRECT(ADDRESS(B26,2,1,1,"all_city_parameter_inputs"))), ISBLANK(INDIRECT(ADDRESS(B26,1,1,1,"all_city_parameter_inputs")))), "", IF(ISBLANK(INDIRECT(ADDRESS(B26,1,1,1,"all_city_parameter_inputs"))), All_city_list!F25,INDIRECT(ADDRESS(B26,1,1,1,"all_city_parameter_inputs"))))} -> injury_reporting_rate | G26: {=IF(AND(ISBLANK(INDIRECT(ADDRESS(B26,3,1,1,"all_city_parameter_inputs"))),ISBLANK(INDIRECT(ADDRESS(B26,2,1,1,"all_city_parameter_inputs")))),"",IF(ISBLANK(INDIRECT(ADDRESS(B26,2,1,1,"all_city_parameter_inputs"))),"",INDIRECT(ADDRESS(B26,2,1,1,"all_city_parameter_inputs"))))} -> alpha | H26: {=IF(ISBLANK(INDIRECT(ADDRESS(B26,A26,1,1,"all_city_parameter_inputs"))), "--",INDIRECT(ADDRESS(B26,A26,1,1,"all_city_parameter_inputs")))} -> 3.0181604 | I26: =IF(OR(G26="alpha",G26="beta",G26="sd",G26="mean"),"--",VLOOKUP(C26,Default!$B$5:$H$113,7,FALSE)) -> -- | J26: =VLOOKUP(F26,Lookup!$C$5:$D$109,2, FALSE) -> Injury values | K26: =VLOOKUP(C26,Default!$B$4:$E$113,4, FALSE) -> rate at which injuries are reported | L26: {=IF(ISNA(VLOOKUP(D26,Grouped_Sources!$C:$C,1,FALSE)),"", INDIRECT(VLOOKUP(D26,Grouped_Sources!$C:$G,5,FALSE)))} -> InjuryReportingRate_WriteUp_vxx.docx on OneDrive Ali Abbas - ITHIM Global\Methods and Processes\Input Parameters\InjuryReportingRate
A27: 3 | B27: 25 | C27: =IF(G27 = "",F27,IF(OR(G27="alpha",G27="beta",G27="constant",G27="sd",G27="mean",G27="sample"),F27,F27&" "&G27)) -> injury_reporting_rate | D27: =F27&"_"&E27 -> injury_reporting_rate_accra | E27: {=INDIRECT(ADDRESS(1,A27,1,1,"all_city_parameter_inputs"))} -> accra | F27: {=IF(AND(ISBLANK(INDIRECT(ADDRESS(B27,2,1,1,"all_city_parameter_inputs"))), ISBLANK(INDIRECT(ADDRESS(B27,1,1,1,"all_city_parameter_inputs")))), "", IF(ISBLANK(INDIRECT(ADDRESS(B27,1,1,1,"all_city_parameter_inputs"))), All_city_list!F26,INDIRECT(ADDRESS(B27,1,1,1,"all_city_parameter_inputs"))))} -> injury_reporting_rate | G27: {=IF(AND(ISBLANK(INDIRECT(ADDRESS(B27,3,1,1,"all_city_parameter_inputs"))),ISBLANK(INDIRECT(ADDRESS(B27,2,1,1,"all_city_parameter_inputs")))),"",IF(ISBLANK(INDIRECT(ADDRESS(B27,2,1,1,"all_city_parameter_inputs"))),"",INDIRECT(ADDRESS(B27,2,1,1,"all_city_parameter_inputs"))))} -> beta | H27: {=IF(ISBLANK(INDIRECT(ADDRESS(B27,A27,1,1,"all_city_parameter_inputs"))), "--",INDIRECT(ADDRESS(B27,A27,1,1,"all_city_parameter_inputs")))} -> 1.9286978 | I27: =IF(OR(G27="alpha",G27="beta",G27="sd",G27="mean"),"--",VLOOKUP(C27,Default!$B$5:$H$113,7,FALSE)) -> -- | J27: =VLOOKUP(F27,Lookup!$C$5:$D$109,2, FALSE) -> Injury values | K27: =VLOOKUP(C27,Default!$B$4:$E$113,4, FALSE) -> rate at which injuries are reported | L27: {=IF(ISNA(VLOOKUP(D27,Grouped_Sources!$C:$C,1,FALSE)),"", INDIRECT(VLOOKUP(D27,Grouped_Sources!$C:$G,5,FALSE)))} -> InjuryReportingRate_WriteUp_vxx.docx on OneDrive Ali Abbas - ITHIM Global\Methods and Processes\Input Parameters\InjuryReportingRate
A28: 3 | B28: 26 | C28: =IF(G28 = "",F28,IF(OR(G28="alpha",G28="beta",G28="constant",G28="sd",G28="mean",G28="sample"),F28,F28&" "&G28)) -> chronic_disease_scalar | D28: =F28&"_"&E28 -> chronic_disease_scalar_accra | E28: {=INDIRECT(ADDRESS(1,A28,1,1,"all_city_parameter_inputs"))} -> accra | F28: {=IF(AND(ISBLANK(INDIRECT(ADDRESS(B28,2,1,1,"all_city_parameter_inputs"))), ISBLANK(INDIRECT(ADDRESS(B28,1,1,1,"all_city_parameter_inputs")))), "", IF(ISBLANK(INDIRECT(ADDRESS(B28,1,1,1,"all_city_parameter_inputs"))), All_city_list!F27,INDIRECT(ADDRESS(B28,1,1,1,"all_city_parameter_inputs"))))} -> chronic_disease_scalar | G28: {=IF(AND(ISBLANK(INDIRECT(ADDRESS(B28,3,1,1,"all_city_parameter_inputs"))),ISBLANK(INDIRECT(ADDRESS(B28,2,1,1,"all_city_parameter_inputs")))),"",IF(ISBLANK(INDIRECT(ADDRESS(B28,2,1,1,"all_city_parameter_inputs"))),"",INDIRECT(ADDRESS(B28,2,1,1,"all_city_parameter_inputs"))))} -> constant | H28: {=IF(ISBLANK(INDIRECT(ADDRESS(B28,A28,1,1,"all_city_parameter_inputs"))), "--",INDIRECT(ADDRESS(B28,A28,1,1,"all_city_parameter_inputs")))} -> 1 | I28: =IF(OR(G28="alpha",G28="beta",G28="sd",G28="mean"),"--",VLOOKUP(C28,Default!$B$5:$H$113,7,FALSE)) -> 1 | J28: =VLOOKUP(F28,Lookup!$C$5:$D$109,2, FALSE) -> Health values | K28: =VLOOKUP(C28,Default!$B$4:$E$113,4, FALSE) -> scalar for GBD data | L28: dummy value - leave for time being
A29: 3 | B29: 27 | C29: =IF(G29 = "",F29,IF(OR(G29="alpha",G29="beta",G29="constant",G29="sd",G29="mean",G29="sample"),F29,F29&" "&G29)) -> chronic_disease_scalar | D29: =F29&"_"&E29 -> chronic_disease_scalar_accra | E29: {=INDIRECT(ADDRESS(1,A29,1,1,"all_city_parameter_inputs"))} -> accra | F29: {=IF(AND(ISBLANK(INDIRECT(ADDRESS(B29,2,1,1,"all_city_parameter_inputs"))), ISBLANK(INDIRECT(ADDRESS(B29,1,1,1,"all_city_parameter_inputs")))), "", IF(ISBLANK(INDIRECT(ADDRESS(B29,1,1,1,"all_city_parameter_inputs"))), All_city_list!F28,INDIRECT(ADDRESS(B29,1,1,1,"all_city_parameter_inputs"))))} -> chronic_disease_scalar | G29: {=IF(AND(ISBLANK(INDIRECT(ADDRESS(B29,3,1,1,"all_city_parameter_inputs"))),ISBLANK(INDIRECT(ADDRESS(B29,2,1,1,"all_city_parameter_inputs")))),"",IF(ISBLANK(INDIRECT(ADDRESS(B29,2,1,1,"all_city_parameter_inputs"))),"",INDIRECT(ADDRESS(B29,2,1,1,"all_city_parameter_inputs"))))} -> mean | H29: {=IF(ISBLANK(INDIRECT(ADDRESS(B29,A29,1,1,"all_city_parameter_inputs"))), "--",INDIRECT(ADDRESS(B29,A29,1,1,"all_city_parameter_inputs")))} -> 1 | I29: =IF(OR(G29="alpha",G29="beta",G29="sd",G29="mean"),"--",VLOOKUP(C29,Default!$B$5:$H$113,7,FALSE)) -> -- | J29: =VLOOKUP(F29,Lookup!$C$5:$D$109,2, FALSE) -> Health values | K29: =VLOOKUP(C29,Default!$B$4:$E$113,4, FALSE) -> scalar for GBD data | L29: {=IF(ISNA(VLOOKUP(D29,Grouped_Sources!$C:$C,1,FALSE)),"", INDIRECT(VLOOKUP(D29,Grouped_Sources!$C:$G,5,FALSE)))} -> dummy value - leave for time being
A30: 3 | B30: 28 | C30: =IF(G30 = "",F30,IF(OR(G30="alpha",G30="beta",G30="constant",G30="sd",G30="mean",G30="sample"),F30,F30&" "&G30)) -> chronic_disease_scalar | D30: =F30&"_"&E30 -> chronic_disease_scalar_accra | E30: {=INDIRECT(ADDRESS(1,A30,1,1,"all_city_parameter_inputs"))} -> accra | F30: {=IF(AND(ISBLANK(INDIRECT(ADDRESS(B30,2,1,1,"all_city_parameter_inputs"))), ISBLANK(INDIRECT(ADDRESS(B30,1,1,1,"all_city_parameter_inputs")))), "", IF(ISBLANK(INDIRECT(ADDRESS(B30,1,1,1,"all_city_parameter_inputs"))), All_city_list!F29,INDIRECT(ADDRESS(B30,1,1,1,"all_city_parameter_inputs"))))} -> chronic_disease_scalar | G30: {=IF(AND(ISBLANK(INDIRECT(ADDRESS(B30,3,1,1,"all_city_parameter_inputs"))),ISBLANK(INDIRECT(ADDRESS(B30,2,1,1,"all_city_parameter_inputs")))),"",IF(ISBLANK(INDIRECT(ADDRESS(B30,2,1,1,"all_city_parameter_inputs"))),"",INDIRECT(ADDRESS(B30,2,1,1,"all_city_parameter_inputs"))))} -> sd | H30: {=IF(ISBLANK(INDIRECT(ADDRESS(B30,A30,1,1,"all_city_parameter_inputs"))), "--",INDIRECT(ADDRESS(B30,A30,1,1,"all_city_parameter_inputs")))} -> 1.2 | I30: =IF(OR(G30="alpha",G30="beta",G30="sd",G30="mean"),"--",VLOOKUP(C30,Default!$B$5:$H$113,7,FALSE)) -> -- | J30: =VLOOKUP(F30,Lookup!$C$5:$D$109,2, FALSE) -> Health values | K30: =VLOOKUP(C30,Default!$B$4:$E$113,4, FALSE) -> scalar for GBD data | L30: {=IF(ISNA(VLOOKUP(D30,Grouped_Sources!$C:$C,1,FALSE)),"", INDIRECT(VLOOKUP(D30,Grouped_Sources!$C:$G,5,FALSE)))} -> dummy value - leave for time being
A31: 3 | B31: 29 | C31: =IF(G31 = "",F31,IF(OR(G31="alpha",G31="beta",G31="constant",G31="sd",G31="mean",G31="sample"),F31,F31&" "&G31)) -> pm_conc_base | D31: =F31&"_"&E31 -> pm_conc_base_accra | E31: {=INDIRECT(ADDRESS(1,A31,1,1,"all_city_parameter_inputs"))} -> accra | F31: {=IF(AND(ISBLANK(INDIRECT(ADDRESS(B31,2,1,1,"all_city_parameter_inputs"))), ISBLANK(INDIRECT(ADDRESS(B31,1,1,1,"all_city_parameter_inputs")))), "", IF(ISBLANK(INDIRECT(ADDRESS(B31,1,1,1,"all_city_parameter_inputs"))), All_city_list!F30,INDIRECT(ADDRESS(B31,1,1,1,"all_city_parameter_inputs"))))} -> pm_conc_base | G31: {=IF(AND(ISBLANK(INDIRECT(ADDRESS(B31,3,1,1,"all_city_parameter_inputs"))),ISBLANK(INDIRECT(ADDRESS(B31,2,1,1,"all_city_parameter_inputs")))),"",IF(ISBLANK(INDIRECT(ADDRESS(B31,2,1,1,"all_city_parameter_inputs"))),"",INDIRECT(ADDRESS(B31,2,1,1,"all_city_parameter_inputs"))))} -> constant | H31: {=IF(ISBLANK(INDIRECT(ADDRESS(B31,A31,1,1,"all_city_parameter_inputs"))), "--",INDIRECT(ADDRESS(B31,A31,1,1,"all_city_parameter_inputs")))} -> 55 | I31: =IF(OR(G31="alpha",G31="beta",G31="sd",G31="mean"),"--",VLOOKUP(C31,Default!$B$5:$H$113,7,FALSE)) -> 12.69 | J31: =VLOOKUP(F31,Lookup!$C$5:$D$109,2, FALSE) -> Pollution values | K31: =VLOOKUP(C31,Default!$B$4:$E$113,4, FALSE) -> background PM2.5 concentration | L31: …Dropbox\ITHIM Global\Methods and Processes\Air Pollution\Emissions and air pollution calculations - Rahul & Haneen\Databases used\database_source_apport_studies_v2_0_26_9_2015.xls | M31: EDGAR and various other sources, detailed in document | N31: still on Dropbox????
A32: 3 | B32: 30 | C32: =IF(G32 = "",F32,IF(OR(G32="alpha",G32="beta",G32="constant",G32="sd",G32="mean",G32="sample"),F32,F32&" "&G32)) -> pm_conc_base | D32: =F32&"_"&E32 -> pm_conc_base_accra | E32: {=INDIRECT(ADDRESS(1,A32,1,1,"all_city_parameter_inputs"))} -> accra | F32: {=IF(AND(ISBLANK(INDIRECT(ADDRESS(B32,2,1,1,"all_city_parameter_inputs"))), ISBLANK(INDIRECT(ADDRESS(B32,1,1,1,"all_city_parameter_inputs")))), "", IF(ISBLANK(INDIRECT(ADDRESS(B32,1,1,1,"all_city_parameter_inputs"))), All_city_list!F31,INDIRECT(ADDRESS(B32,1,1,1,"all_city_parameter_inputs"))))} -> pm_conc_base | G32: {=IF(AND(ISBLANK(INDIRECT(ADDRESS(B32,3,1,1,"all_city_parameter_inputs"))),ISBLANK(INDIRECT(ADDRESS(B32,2,1,1,"all_city_parameter_inputs")))),"",IF(ISBLANK(INDIRECT(ADDRESS(B32,2,1,1,"all_city_parameter_inputs"))),"",INDIRECT(ADDRESS(B32,2,1,1,"all_city_parameter_inputs"))))} -> mean | H32: {=IF(ISBLANK(INDIRECT(ADDRESS(B32,A32,1,1,"all_city_parameter_inputs"))), "--",INDIRECT(ADDRESS(B32,A32,1,1,"all_city_parameter_inputs")))} -> -- | I32: =IF(OR(G32="alpha",G32="beta",G32="sd",G32="mean"),"--",VLOOKUP(C32,Default!$B$5:$H$113,7,FALSE)) -> -- | J32: =VLOOKUP(F32,Lookup!$C$5:$D$109,2, FALSE) -> Pollution values | K32: =VLOOKUP(C32,Default!$B$4:$E$113,4, FALSE) -> background PM2.5 concentration | L32: {=IF(ISNA(VLOOKUP(D32,Grouped_Sources!$C:$C,1,FALSE)),"", INDIRECT(VLOOKUP(D32,Grouped_Sources!$C:$G,5,FALSE)))} -> …Dropbox\ITHIM Global\Methods and Processes\Air Pollution\Emissions and air pollution calculations - Rahul & Haneen\Databases used\database_source_apport_studies_v2_0_26_9_2015.xls
A33: 3 | B33: 31 | C33: =IF(G33 = "",F33,IF(OR(G33="alpha",G33="beta",G33="constant",G33="sd",G33="mean",G33="sample"),F33,F33&" "&G33)) -> pm_conc_base | D33: =F33&"_"&E33 -> pm_conc_base_accra | E33: {=INDIRECT(ADDRESS(1,A33,1,1,"all_city_parameter_inputs"))} -> accra | F33: {=IF(AND(ISBLANK(INDIRECT(ADDRESS(B33,2,1,1,"all_city_parameter_inputs"))), ISBLANK(INDIRECT(ADDRESS(B33,1,1,1,"all_city_parameter_inputs")))), "", IF(ISBLANK(INDIRECT(ADDRESS(B33,1,1,1,"all_city_parameter_inputs"))), All_city_list!F32,INDIRECT(ADDRESS(B33,1,1,1,"all_city_parameter_inputs"))))} -> pm_conc_base | G33: {=IF(AND(ISBLANK(INDIRECT(ADDRESS(B33,3,1,1,"all_city_parameter_inputs"))),ISBLANK(INDIRECT(ADDRESS(B33,2,1,1,"all_city_parameter_inputs")))),"",IF(ISBLANK(INDIRECT(ADDRESS(B33,2,1,1,"all_city_parameter_inputs"))),"",INDIRECT(ADDRESS(B33,2,1,1,"all_city_parameter_inputs"))))} -> sd | H33: {=IF(ISBLANK(INDIRECT(ADDRESS(B33,A33,1,1,"all_city_parameter_inputs"))), "--",INDIRECT(ADDRESS(B33,A33,1,1,"all_city_parameter_inputs")))} -> -- | I33: =IF(OR(G33="alpha",G33="beta",G33="sd",G33="mean"),"--",VLOOKUP(C33,Default!$B$5:$H$113,7,FALSE)) -> -- | J33: =VLOOKUP(F33,Lookup!$C$5:$D$109,2, FALSE) -> Pollution values | K33: =VLOOKUP(C33,Default!$B$4:$E$113,4, FALSE) -> background PM2.5 concentration | L33: {=IF(ISNA(VLOOKUP(D33,Grouped_Sources!$C:$C,1,FALSE)),"", INDIRECT(VLOOKUP(D33,Grouped_Sources!$C:$G,5,FALSE)))} -> …Dropbox\ITHIM Global\Methods and Processes\Air Pollution\Emissions and air pollution calculations - Rahul & Haneen\Databases used\database_source_apport_studies_v2_0_26_9_2015.xls
A34: 3 | B34: 32 | C34: =IF(G34 = "",F34,IF(OR(G34="alpha",G34="beta",G34="constant",G34="sd",G34="mean",G34="sample"),F34,F34&" "&G34)) -> pm_trans_share | D34: =F34&"_"&E34 -> pm_trans_share_accra | E34: {=INDIRECT(ADDRESS(1,A34,1,1,"all_city_parameter_inputs"))} -> accra | F34: {=IF(AND(ISBLANK(INDIRECT(ADDRESS(B34,2,1,1,"all_city_parameter_inputs"))), ISBLANK(INDIRECT(ADDRESS(B34,1,1,1,"all_city_parameter_inputs")))), "", IF(ISBLANK(INDIRECT(ADDRESS(B34,1,1,1,"all_city_parameter_inputs"))), All_city_list!F33,INDIRECT(ADDRESS(B34,1,1,1,"all_city_parameter_inputs"))))} -> pm_trans_share | G34: {=IF(AND(ISBLANK(INDIRECT(ADDRESS(B34,3,1,1,"all_city_parameter_inputs"))),ISBLANK(INDIRECT(ADDRESS(B34,2,1,1,"all_city_parameter_inputs")))),"",IF(ISBLANK(INDIRECT(ADDRESS(B34,2,1,1,"all_city_parameter_inputs"))),"",INDIRECT(ADDRESS(B34,2,1,1,"all_city_parameter_inputs"))))} -> constant | H34: {=IF(ISBLANK(INDIRECT(ADDRESS(B34,A34,1,1,"all_city_parameter_inputs"))), "--",INDIRECT(ADDRESS(B34,A34,1,1,"all_city_parameter_inputs")))} -> 0.225 | I34: =IF(OR(G34="alpha",G34="beta",G34="sd",G34="mean"),"--",VLOOKUP(C34,Default!$B$5:$H$113,7,FALSE)) -> 0.42 | J34: =VLOOKUP(F34,Lookup!$C$5:$D$109,2, FALSE) -> Pollution values | K34: =VLOOKUP(C34,Default!$B$4:$E$113,4, FALSE) -> proportion of background PM2.5 attributable to transport | L34: …Dropbox\ITHIM Global\Methods and Processes\Air Pollution\Emissions and air pollution calculations - Rahul & Haneen\Databases used\database_source_apport_studies_v2_0_26_9_2015.xls | M34: EDGAR and various other sources, detailed in document | N34: still on Dropbox????
A35: 3 | B35: 33 | C35: =IF(G35 = "",F35,IF(OR(G35="alpha",G35="beta",G35="constant",G35="sd",G35="mean",G35="sample"),F35,F35&" "&G35)) -> pm_trans_share | D35: =F35&"_"&E35 -> pm_trans_share_accra | E35: {=INDIRECT(ADDRESS(1,A35,1,1,"all_city_parameter_inputs"))} -> accra | F35: {=IF(AND(ISBLANK(INDIRECT(ADDRESS(B35,2,1,1,"all_city_parameter_inputs"))), ISBLANK(INDIRECT(ADDRESS(B35,1,1,1,"all_city_parameter_inputs")))), "", IF(ISBLANK(INDIRECT(ADDRESS(B35,1,1,1,"all_city_parameter_inputs"))), All_city_list!F34,INDIRECT(ADDRESS(B35,1,1,1,"all_city_parameter_inputs"))))} -> pm_trans_share | G35: {=IF(AND(ISBLANK(INDIRECT(ADDRESS(B35,3,1,1,"all_city_parameter_inputs"))),ISBLANK(INDIRECT(ADDRESS(B35,2,1,1,"all_city_parameter_inputs")))),"",IF(ISBLANK(INDIRECT(ADDRESS(B35,2,1,1,"all_city_parameter_inputs"))),"",INDIRECT(ADDRESS(B35,2,1,1,"all_city_parameter_inputs"))))} -> alpha | H35: {=IF(ISBLANK(INDIRECT(ADDRESS(B35,A35,1,1,"all_city_parameter_inputs"))), "--",INDIRECT(ADDRESS(B35,A35,1,1,"all_city_parameter_inputs")))} -> -- | I35: =IF(OR(G35="alpha",G35="beta",G35="sd",G35="mean"),"--",VLOOKUP(C35,Default!$B$5:$H$113,7,FALSE)) -> -- | J35: =VLOOKUP(F35,Lookup!$C$5:$D$109,2, FALSE) -> Pollution values | K35: =VLOOKUP(C35,Default!$B$4:$E$113,4, FALSE) -> proportion of background PM2.5 attributable to transport | L35: {=IF(ISNA(VLOOKUP(D35,Grouped_Sources!$C:$C,1,FALSE)),"", INDIRECT(VLOOKUP(D35,Grouped_Sources!$C:$G,5,FALSE)))} -> …Dropbox\ITHIM Global\Methods and Processes\Air Pollution\Emissions and air pollution calculations - Rahul & Haneen\Databases used\database_source_apport_studies_v2_0_26_9_2015.xls
A36: 3 | B36: 34 | C36: =IF(G36 = "",F36,IF(OR(G36="alpha",G36="beta",G36="constant",G36="sd",G36="mean",G36="sample"),F36,F36&" "&G36)) -> pm_trans_share | D36: =F36&"_"&E36 -> pm_trans_share_accra | E36: {=INDIRECT(ADDRESS(1,A36,1,1,"all_city_parameter_inputs"))} -> accra | F36: {=IF(AND(ISBLANK(INDIRECT(ADDRESS(B36,2,1,1,"all_city_parameter_inputs"))), ISBLANK(INDIRECT(ADDRESS(B36,1,1,1,"all_city_parameter_inputs")))), "", IF(ISBLANK(INDIRECT(ADDRESS(B36,1,1,1,"all_city_parameter_inputs"))), All_city_list!F35,INDIRECT(ADDRESS(B36,1,1,1,"all_city_parameter_inputs"))))} -> pm_trans_share | G36: {=IF(AND(ISBLANK(INDIRECT(ADDRESS(B36,3,1,1,"all_city_parameter_inputs"))),ISBLANK(INDIRECT(ADDRESS(B36,2,1,1,"all_city_parameter_inputs")))),"",IF(ISBLANK(INDIRECT(ADDRESS(B36,2,1,1,"all_city_parameter_inputs"))),"",INDIRECT(ADDRESS(B36,2,1,1,"all_city_parameter_inputs"))))} -> beta | H36: {=IF(ISBLANK(INDIRECT(ADDRESS(B36,A36,1,1,"all_city_parameter_inputs"))), "--",INDIRECT(ADDRESS(B36,A36,1,1,"all_city_parameter_inputs")))} -> -- | I36: =IF(OR(G36="alpha",G36="beta",G36="sd",G36="mean"),"--",VLOOKUP(C36,Default!$B$5:$H$113,7,FALSE)) -> -- | J36: =VLOOKUP(F36,Lookup!$C$5:$D$109,2, FALSE) -> Pollution values | K36: =VLOOKUP(C36,Default!$B$4:$E$113,4, FALSE) -> proportion of background PM2.5 attributable to transport | L36: {=IF(ISNA(VLOOKUP(D36,Grouped_Sources!$C:$C,1,FALSE)),"", INDIRECT(VLOOKUP(D36,Grouped_Sources!$C:$G,5,FALSE)))} -> …Dropbox\ITHIM Global\Methods and Processes\Air Pollution\Emissions and air pollution calculations - Rahul & Haneen\Databases used\database_source_apport_studies_v2_0_26_9_2015.xls
A37: 3 | B37: 35 | C37: =IF(G37 = "",F37,IF(OR(G37="alpha",G37="beta",G37="constant",G37="sd",G37="mean",G37="sample"),F37,F37&" "&G37)) -> background_pa_scalar | D37: =F37&"_"&E37 -> background_pa_scalar_accra | E37: {=INDIRECT(ADDRESS(1,A37,1,1,"all_city_parameter_inputs"))} -> accra | F37: {=IF(AND(ISBLANK(INDIRECT(ADDRESS(B37,2,1,1,"all_city_parameter_inputs"))), ISBLANK(INDIRECT(ADDRESS(B37,1,1,1,"all_city_parameter_inputs")))), "", IF(ISBLANK(INDIRECT(ADDRESS(B37,1,1,1,"all_city_parameter_inputs"))), All_city_list!F36,INDIRECT(ADDRESS(B37,1,1,1,"all_city_parameter_inputs"))))} -> background_pa_scalar | G37: {=IF(AND(ISBLANK(INDIRECT(ADDRESS(B37,3,1,1,"all_city_parameter_inputs"))),ISBLANK(INDIRECT(ADDRESS(B37,2,1,1,"all_city_parameter_inputs")))),"",IF(ISBLANK(INDIRECT(ADDRESS(B37,2,1,1,"all_city_parameter_inputs"))),"",INDIRECT(ADDRESS(B37,2,1,1,"all_city_parameter_inputs"))))} -> constant | H37: {=IF(ISBLANK(INDIRECT(ADDRESS(B37,A37,1,1,"all_city_parameter_inputs"))), "--",INDIRECT(ADDRESS(B37,A37,1,1,"all_city_parameter_inputs")))} -> 1 | I37: =IF(OR(G37="alpha",G37="beta",G37="sd",G37="mean"),"--",VLOOKUP(C37,Default!$B$5:$H$113,7,FALSE)) -> 1 | J37: =VLOOKUP(F37,Lookup!$C$5:$D$109,2, FALSE) -> PA values | K37: =VLOOKUP(C37,Default!$B$4:$E$113,4, FALSE) -> scalar for physical activity | L37: dummy value - leave (could be improved by looking at PA surveys
A38: 3 | B38: 36 | C38: =IF(G38 = "",F38,IF(OR(G38="alpha",G38="beta",G38="constant",G38="sd",G38="mean",G38="sample"),F38,F38&" "&G38)) -> background_pa_scalar | D38: =F38&"_"&E38 -> background_pa_scalar_accra | E38: {=INDIRECT(ADDRESS(1,A38,1,1,"all_city_parameter_inputs"))} -> accra | F38: {=IF(AND(ISBLANK(INDIRECT(ADDRESS(B38,2,1,1,"all_city_parameter_inputs"))), ISBLANK(INDIRECT(ADDRESS(B38,1,1,1,"all_city_parameter_inputs")))), "", IF(ISBLANK(INDIRECT(ADDRESS(B38,1,1,1,"all_city_parameter_inputs"))), All_city_list!F37,INDIRECT(ADDRESS(B38,1,1,1,"all_city_parameter_inputs"))))} -> background_pa_scalar | G38: {=IF(AND(ISBLANK(INDIRECT(ADDRESS(B38,3,1,1,"all_city_parameter_inputs"))),ISBLANK(INDIRECT(ADDRESS(B38,2,1,1,"all_city_parameter_inputs")))),"",IF(ISBLANK(INDIRECT(ADDRESS(B38,2,1,1,"all_city_parameter_inputs"))),"",INDIRECT(ADDRESS(B38,2,1,1,"all_city_parameter_inputs"))))} -> mean | H38: {=IF(ISBLANK(INDIRECT(ADDRESS(B38,A38,1,1,"all_city_parameter_inputs"))), "--",INDIRECT(ADDRESS(B38,A38,1,1,"all_city_parameter_inputs")))} -> 1 | I38: =IF(OR(G38="alpha",G38="beta",G38="sd",G38="mean"),"--",VLOOKUP(C38,Default!$B$5:$H$113,7,FALSE)) -> -- | J38: =VLOOKUP(F38,Lookup!$C$5:$D$109,2, FALSE) -> PA values | K38: =VLOOKUP(C38,Default!$B$4:$E$113,4, FALSE) -> scalar for physical activity | L38: {=IF(ISNA(VLOOKUP(D38,Grouped_Sources!$C:$C,1,FALSE)),"", INDIRECT(VLOOKUP(D38,Grouped_Sources!$C:$G,5,FALSE)))} -> dummy value - leave (could be improved by looking at PA surveys
A39: 3 | B39: 37 | C39: =IF(G39 = "",F39,IF(OR(G39="alpha",G39="beta",G39="constant",G39="sd",G39="mean",G39="sample"),F39,F39&" "&G39)) -> background_pa_scalar | D39: =F39&"_"&E39 -> background_pa_scalar_accra | E39: {=INDIRECT(ADDRESS(1,A39,1,1,"all_city_parameter_inputs"))} -> accra | F39: {=IF(AND(ISBLANK(INDIRECT(ADDRESS(B39,2,1,1,"all_city_parameter_inputs"))), ISBLANK(INDIRECT(ADDRESS(B39,1,1,1,"all_city_parameter_inputs")))), "", IF(ISBLANK(INDIRECT(ADDRESS(B39,1,1,1,"all_city_parameter_inputs"))), All_city_list!F38,INDIRECT(ADDRESS(B39,1,1,1,"all_city_parameter_inputs"))))} -> background_pa_scalar | G39: {=IF(AND(ISBLANK(INDIRECT(ADDRESS(B39,3,1,1,"all_city_parameter_inputs"))),ISBLANK(INDIRECT(ADDRESS(B39,2,1,1,"all_city_parameter_inputs")))),"",IF(ISBLANK(INDIRECT(ADDRESS(B39,2,1,1,"all_city_parameter_inputs"))),"",INDIRECT(ADDRESS(B39,2,1,1,"all_city_parameter_inputs"))))} -> sd | H39: {=IF(ISBLANK(INDIRECT(ADDRESS(B39,A39,1,1,"all_city_parameter_inputs"))), "--",INDIRECT(ADDRESS(B39,A39,1,1,"all_city_parameter_inputs")))} -> 1.2 | I39: =IF(OR(G39="alpha",G39="beta",G39="sd",G39="mean"),"--",VLOOKUP(C39,Default!$B$5:$H$113,7,FALSE)) -> -- | J39: =VLOOKUP(F39,Lookup!$C$5:$D$109,2, FALSE) -> PA values | K39: =VLOOKUP(C39,Default!$B$4:$E$113,4, FALSE) -> scalar for physical activity | L39: {=IF(ISNA(VLOOKUP(D39,Grouped_Sources!$C:$C,1,FALSE)),"", INDIRECT(VLOOKUP(D39,Grouped_Sources!$C:$G,5,FALSE)))} -> dummy value - leave (could be improved by looking at PA surveys
A40: 3 | B40: 38 | C40: =IF(G40 = "",F40,IF(OR(G40="alpha",G40="beta",G40="constant",G40="sd",G40="mean",G40="sample"),F40,F40&" "&G40)) -> bus_walk_time | D40: =F40&"_"&E40 -> bus_walk_time_accra | E40: {=INDIRECT(ADDRESS(1,A40,1,1,"all_city_parameter_inputs"))} -> accra | F40: {=IF(AND(ISBLANK(INDIRECT(ADDRESS(B40,2,1,1,"all_city_parameter_inputs"))), ISBLANK(INDIRECT(ADDRESS(B40,1,1,1,"all_city_parameter_inputs")))), "", IF(ISBLANK(INDIRECT(ADDRESS(B40,1,1,1,"all_city_parameter_inputs"))), All_city_list!F39,INDIRECT(ADDRESS(B40,1,1,1,"all_city_parameter_inputs"))))} -> bus_walk_time | G40: {=IF(AND(ISBLANK(INDIRECT(ADDRESS(B40,3,1,1,"all_city_parameter_inputs"))),ISBLANK(INDIRECT(ADDRESS(B40,2,1,1,"all_city_parameter_inputs")))),"",IF(ISBLANK(INDIRECT(ADDRESS(B40,2,1,1,"all_city_parameter_inputs"))),"",INDIRECT(ADDRESS(B40,2,1,1,"all_city_parameter_inputs"))))} -> constant | H40: {=IF(ISBLANK(INDIRECT(ADDRESS(B40,A40,1,1,"all_city_parameter_inputs"))), "--",INDIRECT(ADDRESS(B40,A40,1,1,"all_city_parameter_inputs")))} -> 12 | I40: =IF(OR(G40="alpha",G40="beta",G40="sd",G40="mean"),"--",VLOOKUP(C40,Default!$B$5:$H$113,7,FALSE)) -> 16 | J40: =VLOOKUP(F40,Lookup!$C$5:$D$109,2, FALSE) -> Travel values | K40: =VLOOKUP(C40,Default!$B$4:$E$113,4, FALSE) -> time taken to walk to bus stop, added to each trip with main mode bus unless there is already a walking component in the travel survey
A41: 3 | B41: 39 | C41: =IF(G41 = "",F41,IF(OR(G41="alpha",G41="beta",G41="constant",G41="sd",G41="mean",G41="sample"),F41,F41&" "&G41)) -> bus_walk_time | D41: =F41&"_"&E41 -> bus_walk_time_accra | E41: {=INDIRECT(ADDRESS(1,A41,1,1,"all_city_parameter_inputs"))} -> accra | F41: {=IF(AND(ISBLANK(INDIRECT(ADDRESS(B41,2,1,1,"all_city_parameter_inputs"))), ISBLANK(INDIRECT(ADDRESS(B41,1,1,1,"all_city_parameter_inputs")))), "", IF(ISBLANK(INDIRECT(ADDRESS(B41,1,1,1,"all_city_parameter_inputs"))), All_city_list!F40,INDIRECT(ADDRESS(B41,1,1,1,"all_city_parameter_inputs"))))} -> bus_walk_time | G41: {=IF(AND(ISBLANK(INDIRECT(ADDRESS(B41,3,1,1,"all_city_parameter_inputs"))),ISBLANK(INDIRECT(ADDRESS(B41,2,1,1,"all_city_parameter_inputs")))),"",IF(ISBLANK(INDIRECT(ADDRESS(B41,2,1,1,"all_city_parameter_inputs"))),"",INDIRECT(ADDRESS(B41,2,1,1,"all_city_parameter_inputs"))))} -> mean | H41: {=IF(ISBLANK(INDIRECT(ADDRESS(B41,A41,1,1,"all_city_parameter_inputs"))), "--",INDIRECT(ADDRESS(B41,A41,1,1,"all_city_parameter_inputs")))} -> 8.1222313 | I41: =IF(OR(G41="alpha",G41="beta",G41="sd",G41="mean"),"--",VLOOKUP(C41,Default!$B$5:$H$113,7,FALSE)) -> -- | J41: =VLOOKUP(F41,Lookup!$C$5:$D$109,2, FALSE) -> Travel values | K41: =VLOOKUP(C41,Default!$B$4:$E$113,4, FALSE) -> time taken to walk to bus stop, added to each trip with main mode bus unless there is already a walking component in the travel survey | L41: {=IF(ISNA(VLOOKUP(D41,Grouped_Sources!$C:$C,1,FALSE)),"", INDIRECT(VLOOKUP(D41,Grouped_Sources!$C:$G,5,FALSE)))} -> 0
A42: 3 | B42: 40 | C42: =IF(G42 = "",F42,IF(OR(G42="alpha",G42="beta",G42="constant",G42="sd",G42="mean",G42="sample"),F42,F42&" "&G42)) -> bus_walk_time | D42: =F42&"_"&E42 -> bus_walk_time_accra | E42: {=INDIRECT(ADDRESS(1,A42,1,1,"all_city_parameter_inputs"))} -> accra | F42: {=IF(AND(ISBLANK(INDIRECT(ADDRESS(B42,2,1,1,"all_city_parameter_inputs"))), ISBLANK(INDIRECT(ADDRESS(B42,1,1,1,"all_city_parameter_inputs")))), "", IF(ISBLANK(INDIRECT(ADDRESS(B42,1,1,1,"all_city_parameter_inputs"))), All_city_list!F41,INDIRECT(ADDRESS(B42,1,1,1,"all_city_parameter_inputs"))))} -> bus_walk_time | G42: {=IF(AND(ISBLANK(INDIRECT(ADDRESS(B42,3,1,1,"all_city_parameter_inputs"))),ISBLANK(INDIRECT(ADDRESS(B42,2,1,1,"all_city_parameter_inputs")))),"",IF(ISBLANK(INDIRECT(ADDRESS(B42,2,1,1,"all_city_parameter_inputs"))),"",INDIRECT(ADDRESS(B42,2,1,1,"all_city_parameter_inputs"))))} -> sd | H42: {=IF(ISBLANK(INDIRECT(ADDRESS(B42,A42,1,1,"all_city_parameter_inputs"))), "--",INDIRECT(ADDRESS(B42,A42,1,1,"all_city_parameter_inputs")))} -> 2.4193954 | I42: =IF(OR(G42="alpha",G42="beta",G42="sd",G42="mean"),"--",VLOOKUP(C42,Default!$B$5:$H$113,7,FALSE)) -> -- | J42: =VLOOKUP(F42,Lookup!$C$5:$D$109,2, FALSE) -> Travel values | K42: =VLOOKUP(C42,Default!$B$4:$E$113,4, FALSE) -> time taken to walk to bus stop, added to each trip with main mode bus unless there is already a walking component in the travel survey | L42: {=IF(ISNA(VLOOKUP(D42,Grouped_Sources!$C:$C,1,FALSE)),"", INDIRECT(VLOOKUP(D42,Grouped_Sources!$C:$G,5,FALSE)))} -> 0
A43: 3 | B43: 41 | C43: =IF(G43 = "",F43,IF(OR(G43="alpha",G43="beta",G43="constant",G43="sd",G43="mean",G43="sample"),F43,F43&" "&G43)) -> rail_walk_time | D43: =F43&"_"&E43 -> rail_walk_time_accra | E43: {=INDIRECT(ADDRESS(1,A43,1,1,"all_city_parameter_inputs"))} -> accra | F43: {=IF(AND(ISBLANK(INDIRECT(ADDRESS(B43,2,1,1,"all_city_parameter_inputs"))), ISBLANK(INDIRECT(ADDRESS(B43,1,1,1,"all_city_parameter_inputs")))), "", IF(ISBLANK(INDIRECT(ADDRESS(B43,1,1,1,"all_city_parameter_inputs"))), All_city_list!F42,INDIRECT(ADDRESS(B43,1,1,1,"all_city_parameter_inputs"))))} -> rail_walk_time | G43: {=IF(AND(ISBLANK(INDIRECT(ADDRESS(B43,3,1,1,"all_city_parameter_inputs"))),ISBLANK(INDIRECT(ADDRESS(B43,2,1,1,"all_city_parameter_inputs")))),"",IF(ISBLANK(INDIRECT(ADDRESS(B43,2,1,1,"all_city_parameter_inputs"))),"",INDIRECT(ADDRESS(B43,2,1,1,"all_city_parameter_inputs"))))} -> constant | H43: {=IF(ISBLANK(INDIRECT(ADDRESS(B43,A43,1,1,"all_city_parameter_inputs"))), "--",INDIRECT(ADDRESS(B43,A43,1,1,"all_city_parameter_inputs")))} -> 20 | I43: =IF(OR(G43="alpha",G43="beta",G43="sd",G43="mean"),"--",VLOOKUP(C43,Default!$B$5:$H$113,7,FALSE)) -> 12.5 | J43: =VLOOKUP(F43,Lookup!$C$5:$D$109,2, FALSE) -> Travel values | K43: =VLOOKUP(C43,Default!$B$4:$E$113,4, FALSE) -> time taken to walk to train station | L43: on OneDrive Ali Abbas - ITHIM Global\Methods and Processes\Input Parameters\Walk_to_PT
A44: 3 | B44: 42 | C44: =IF(G44 = "",F44,IF(OR(G44="alpha",G44="beta",G44="constant",G44="sd",G44="mean",G44="sample"),F44,F44&" "&G44)) -> rail_walk_time | D44: =F44&"_"&E44 -> rail_walk_time_accra | E44: {=INDIRECT(ADDRESS(1,A44,1,1,"all_city_parameter_inputs"))} -> accra | F44: {=IF(AND(ISBLANK(INDIRECT(ADDRESS(B44,2,1,1,"all_city_parameter_inputs"))), ISBLANK(INDIRECT(ADDRESS(B44,1,1,1,"all_city_parameter_inputs")))), "", IF(ISBLANK(INDIRECT(ADDRESS(B44,1,1,1,"all_city_parameter_inputs"))), All_city_list!F43,INDIRECT(ADDRESS(B44,1,1,1,"all_city_parameter_inputs"))))} -> rail_walk_time | G44: {=IF(AND(ISBLANK(INDIRECT(ADDRESS(B44,3,1,1,"all_city_parameter_inputs"))),ISBLANK(INDIRECT(ADDRESS(B44,2,1,1,"all_city_parameter_inputs")))),"",IF(ISBLANK(INDIRECT(ADDRESS(B44,2,1,1,"all_city_parameter_inputs"))),"",INDIRECT(ADDRESS(B44,2,1,1,"all_city_parameter_inputs"))))} -> mean | H44: {=IF(ISBLANK(INDIRECT(ADDRESS(B44,A44,1,1,"all_city_parameter_inputs"))), "--",INDIRECT(ADDRESS(B44,A44,1,1,"all_city_parameter_inputs")))} -> 12.624648 | I44: =IF(OR(G44="alpha",G44="beta",G44="sd",G44="mean"),"--",VLOOKUP(C44,Default!$B$5:$H$113,7,FALSE)) -> -- | J44: =VLOOKUP(F44,Lookup!$C$5:$D$109,2, FALSE) -> Travel values | K44: =VLOOKUP(C44,Default!$B$4:$E$113,4, FALSE) -> time taken to walk to train station | L44: {=IF(ISNA(VLOOKUP(D44,Grouped_Sources!$C:$C,1,FALSE)),"", INDIRECT(VLOOKUP(D44,Grouped_Sources!$C:$G,5,FALSE)))} -> on OneDrive Ali Abbas - ITHIM Global\Methods and Processes\Input Parameters\Walk_to_PT
A45: 3 | B45: 43 | C45: =IF(G45 = "",F45,IF(OR(G45="alpha",G45="beta",G45="constant",G45="sd",G45="mean",G45="sample"),F45,F45&" "&G45)) -> rail_walk_time | D45: =F45&"_"&E45 -> rail_walk_time_accra | E45: {=INDIRECT(ADDRESS(1,A45,1,1,"all_city_parameter_inputs"))} -> accra | F45: {=IF(AND(ISBLANK(INDIRECT(ADDRESS(B45,2,1,1,"all_city_parameter_inputs"))), ISBLANK(INDIRECT(ADDRESS(B45,1,1,1,"all_city_parameter_inputs")))), "", IF(ISBLANK(INDIRECT(ADDRESS(B45,1,1,1,"all_city_parameter_inputs"))), All_city_list!F44,INDIRECT(ADDRESS(B45,1,1,1,"all_city_parameter_inputs"))))} -> rail_walk_time | G45: {=IF(AND(ISBLANK(INDIRECT(ADDRESS(B45,3,1,1,"all_city_parameter_inputs"))),ISBLANK(INDIRECT(ADDRESS(B45,2,1,1,"all_city_parameter_inputs")))),"",IF(ISBLANK(INDIRECT(ADDRESS(B45,2,1,1,"all_city_parameter_inputs"))),"",INDIRECT(ADDRESS(B45,2,1,1,"all_city_parameter_inputs"))))} -> sd | H45: {=IF(ISBLANK(INDIRECT(ADDRESS(B45,A45,1,1,"all_city_parameter_inputs"))), "--",INDIRECT(ADDRESS(B45,A45,1,1,"all_city_parameter_inputs")))} -> 2.6097408 | I45: =IF(OR(G45="alpha",G45="beta",G45="sd",G45="mean"),"--",VLOOKUP(C45,Default!$B$5:$H$113,7,FALSE)) -> -- | J45: =VLOOKUP(F45,Lookup!$C$5:$D$109,2, FALSE) -> Travel values | K45: =VLOOKUP(C45,Default!$B$4:$E$113,4, FALSE) -> time taken to walk to train station | L45: {=IF(ISNA(VLOOKUP(D45,Grouped_Sources!$C:$C,1,FALSE)),"", INDIRECT(VLOOKUP(D45,Grouped_Sources!$C:$G,5,FALSE)))} -> on OneDrive Ali Abbas - ITHIM Global\Methods and Processes\Input Parameters\Walk_to_PT
A46: 3 | B46: 44 | C46: =IF(G46 = "",F46,IF(OR(G46="alpha",G46="beta",G46="constant",G46="sd",G46="mean",G46="sample"),F46,F46&" "&G46)) -> add_personal_motorcycle_trips | D46: =F46&"_"&E46 -> add_personal_motorcycle_trips_accra | E46: {=INDIRECT(ADDRESS(1,A46,1,1,"all_city_parameter_inputs"))} -> accra | F46: {=IF(AND(ISBLANK(INDIRECT(ADDRESS(B46,2,1,1,"all_city_parameter_inputs"))), ISBLANK(INDIRECT(ADDRESS(B46,1,1,1,"all_city_parameter_inputs")))), "", IF(ISBLANK(INDIRECT(ADDRESS(B46,1,1,1,"all_city_parameter_inputs"))), All_city_list!F45,INDIRECT(ADDRESS(B46,1,1,1,"all_city_parameter_inputs"))))} -> add_personal_motorcycle_trips | G46: {=IF(AND(ISBLANK(INDIRECT(ADDRESS(B46,3,1,1,"all_city_parameter_inputs"))),ISBLANK(INDIRECT(ADDRESS(B46,2,1,1,"all_city_parameter_inputs")))),"",IF(ISBLANK(INDIRECT(ADDRESS(B46,2,1,1,"all_city_parameter_inputs"))),"",INDIRECT(ADDRESS(B46,2,1,1,"all_city_parameter_inputs"))))} | H46: {=IF(ISBLANK(INDIRECT(ADDRESS(B46,A46,1,1,"all_city_parameter_inputs"))), "--",INDIRECT(ADDRESS(B46,A46,1,1,"all_city_parameter_inputs")))} -> no | I46: =IF(OR(G46="alpha",G46="beta",G46="sd",G46="mean"),"--",VLOOKUP(C46,Default!$B$5:$H$113,7,FALSE)) -> no | J46: =VLOOKUP(F46,Lookup!$C$5:$D$109,2, FALSE) -> Travel values | K46: =VLOOKUP(C46,Default!$B$4:$E$113,4, FALSE) -> if set to 'no', does not add any personal journey motorcycle trip. If set to 'Chile' add motorcycle trips based on Chilean data. Used if no motorcycle trips exist in the travel survey at all | L46: on OneDrive Ali Abbas - ITHIM Global\Methods and Processes\Input Parameters\NewMotorcycleTrips
A47: 3 | B47: 45 | C47: =IF(G47 = "",F47,IF(OR(G47="alpha",G47="beta",G47="constant",G47="sd",G47="mean",G47="sample"),F47,F47&" "&G47)) -> proportion_motorcycle_trips | D47: =F47&"_"&E47 -> proportion_motorcycle_trips_accra | E47: {=INDIRECT(ADDRESS(1,A47,1,1,"all_city_parameter_inputs"))} -> accra | F47: {=IF(AND(ISBLANK(INDIRECT(ADDRESS(B47,2,1,1,"all_city_parameter_inputs"))), ISBLANK(INDIRECT(ADDRESS(B47,1,1,1,"all_city_parameter_inputs")))), "", IF(ISBLANK(INDIRECT(ADDRESS(B47,1,1,1,"all_city_parameter_inputs"))), All_city_list!F46,INDIRECT(ADDRESS(B47,1,1,1,"all_city_parameter_inputs"))))} -> proportion_motorcycle_trips | G47: {=IF(AND(ISBLANK(INDIRECT(ADDRESS(B47,3,1,1,"all_city_parameter_inputs"))),ISBLANK(INDIRECT(ADDRESS(B47,2,1,1,"all_city_parameter_inputs")))),"",IF(ISBLANK(INDIRECT(ADDRESS(B47,2,1,1,"all_city_parameter_inputs"))),"",INDIRECT(ADDRESS(B47,2,1,1,"all_city_parameter_inputs"))))} -> constant | H47: {=IF(ISBLANK(INDIRECT(ADDRESS(B47,A47,1,1,"all_city_parameter_inputs"))), "--",INDIRECT(ADDRESS(B47,A47,1,1,"all_city_parameter_inputs")))} -> 0 | I47: =IF(OR(G47="alpha",G47="beta",G47="sd",G47="mean"),"--",VLOOKUP(C47,Default!$B$5:$H$113,7,FALSE)) -> 0 | J47: =VLOOKUP(F47,Lookup!$C$5:$D$109,2, FALSE) -> Travel values | K47: =VLOOKUP(C47,Default!$B$4:$E$113,4, FALSE) -> proportion of travel survey trips that should be added as motorcycle trips | L47: on OneDrive Ali Abbas - ITHIM Global\Methods and Processes\Input Parameters\NewMotorcycleTrips
A48: 3 | B48: 46 | C48: =IF(G48 = "",F48,IF(OR(G48="alpha",G48="beta",G48="constant",G48="sd",G48="mean",G48="sample"),F48,F48&" "&G48)) -> proportion_motorcycle_trips | D48: =F48&"_"&E48 -> proportion_motorcycle_trips_accra | E48: {=INDIRECT(ADDRESS(1,A48,1,1,"all_city_parameter_inputs"))} -> accra | F48: {=IF(AND(ISBLANK(INDIRECT(ADDRESS(B48,2,1,1,"all_city_parameter_inputs"))), ISBLANK(INDIRECT(ADDRESS(B48,1,1,1,"all_city_parameter_inputs")))), "", IF(ISBLANK(INDIRECT(ADDRESS(B48,1,1,1,"all_city_parameter_inputs"))), All_city_list!F47,INDIRECT(ADDRESS(B48,1,1,1,"all_city_parameter_inputs"))))} -> proportion_motorcycle_trips | G48: {=IF(AND(ISBLANK(INDIRECT(ADDRESS(B48,3,1,1,"all_city_parameter_inputs"))),ISBLANK(INDIRECT(ADDRESS(B48,2,1,1,"all_city_parameter_inputs")))),"",IF(ISBLANK(INDIRECT(ADDRESS(B48,2,1,1,"all_city_parameter_inputs"))),"",INDIRECT(ADDRESS(B48,2,1,1,"all_city_parameter_inputs"))))} -> alpha | H48: {=IF(ISBLANK(INDIRECT(ADDRESS(B48,A48,1,1,"all_city_parameter_inputs"))), "--",INDIRECT(ADDRESS(B48,A48,1,1,"all_city_parameter_inputs")))} -> -- | I48: =IF(OR(G48="alpha",G48="beta",G48="sd",G48="mean"),"--",VLOOKUP(C48,Default!$B$5:$H$113,7,FALSE)) -> -- | J48: =VLOOKUP(F48,Lookup!$C$5:$D$109,2, FALSE) -> Travel values | K48: =VLOOKUP(C48,Default!$B$4:$E$113,4, FALSE) -> proportion of travel survey trips that should be added as motorcycle trips | L48: {=IF(ISNA(VLOOKUP(D48,Grouped_Sources!$C:$C,1,FALSE)),"", INDIRECT(VLOOKUP(D48,Grouped_Sources!$C:$G,5,FALSE)))} -> on OneDrive Ali Abbas - ITHIM Global\Methods and Processes\Input Parameters\NewMotorcycleTrips
A49: 3 | B49: 47 | C49: =IF(G49 = "",F49,IF(OR(G49="alpha",G49="beta",G49="constant",G49="sd",G49="mean",G49="sample"),F49,F49&" "&G49)) -> proportion_motorcycle_trips | D49: =F49&"_"&E49 -> proportion_motorcycle_trips_accra | E49: {=INDIRECT(ADDRESS(1,A49,1,1,"all_city_parameter_inputs"))} -> accra | F49: {=IF(AND(ISBLANK(INDIRECT(ADDRESS(B49,2,1,1,"all_city_parameter_inputs"))), ISBLANK(INDIRECT(ADDRESS(B49,1,1,1,"all_city_parameter_inputs")))), "", IF(ISBLANK(INDIRECT(ADDRESS(B49,1,1,1,"all_city_parameter_inputs"))), All_city_list!F48,INDIRECT(ADDRESS(B49,1,1,1,"all_city_parameter_inputs"))))} -> proportion_motorcycle_trips | G49: {=IF(AND(ISBLANK(INDIRECT(ADDRESS(B49,3,1,1,"all_city_parameter_inputs"))),ISBLANK(INDIRECT(ADDRESS(B49,2,1,1,"all_city_parameter_inputs")))),"",IF(ISBLANK(INDIRECT(ADDRESS(B49,2,1,1,"all_city_parameter_inputs"))),"",INDIRECT(ADDRESS(B49,2,1,1,"all_city_parameter_inputs"))))} -> beta | H49: {=IF(ISBLANK(INDIRECT(ADDRESS(B49,A49,1,1,"all_city_parameter_inputs"))), "--",INDIRECT(ADDRESS(B49,A49,1,1,"all_city_parameter_inputs")))} -> -- | I49: =IF(OR(G49="alpha",G49="beta",G49="sd",G49="mean"),"--",VLOOKUP(C49,Default!$B$5:$H$113,7,FALSE)) -> -- | J49: =VLOOKUP(F49,Lookup!$C$5:$D$109,2, FALSE) -> Travel values | K49: =VLOOKUP(C49,Default!$B$4:$E$113,4, FALSE) -> proportion of travel survey trips that should be added as motorcycle trips | L49: {=IF(ISNA(VLOOKUP(D49,Grouped_Sources!$C:$C,1,FALSE)),"", INDIRECT(VLOOKUP(D49,Grouped_Sources!$C:$G,5,FALSE)))} -> on OneDrive Ali Abbas - ITHIM Global\Methods and Processes\Input Parameters\NewMotorcycleTrips
A50: 3 | B50: 48 | C50: =IF(G50 = "",F50,IF(OR(G50="alpha",G50="beta",G50="constant",G50="sd",G50="mean",G50="sample"),F50,F50&" "&G50)) -> add_motorcycle_fleet | D50: =F50&"_"&E50 -> add_motorcycle_fleet_accra | E50: {=INDIRECT(ADDRESS(1,A50,1,1,"all_city_parameter_inputs"))} -> accra | F50: {=IF(AND(ISBLANK(INDIRECT(ADDRESS(B50,2,1,1,"all_city_parameter_inputs"))), ISBLANK(INDIRECT(ADDRESS(B50,1,1,1,"all_city_parameter_inputs")))), "", IF(ISBLANK(INDIRECT(ADDRESS(B50,1,1,1,"all_city_parameter_inputs"))), All_city_list!F49,INDIRECT(ADDRESS(B50,1,1,1,"all_city_parameter_inputs"))))} -> add_motorcycle_fleet | G50: {=IF(AND(ISBLANK(INDIRECT(ADDRESS(B50,3,1,1,"all_city_parameter_inputs"))),ISBLANK(INDIRECT(ADDRESS(B50,2,1,1,"all_city_parameter_inputs")))),"",IF(ISBLANK(INDIRECT(ADDRESS(B50,2,1,1,"all_city_parameter_inputs"))),"",INDIRECT(ADDRESS(B50,2,1,1,"all_city_parameter_inputs"))))} | H50: {=IF(ISBLANK(INDIRECT(ADDRESS(B50,A50,1,1,"all_city_parameter_inputs"))), "--",INDIRECT(ADDRESS(B50,A50,1,1,"all_city_parameter_inputs")))} -> F | I50: =IF(OR(G50="alpha",G50="beta",G50="sd",G50="mean"),"--",VLOOKUP(C50,Default!$B$5:$H$113,7,FALSE)) -> T | J50: =VLOOKUP(F50,Lookup!$C$5:$D$109,2, FALSE) -> Travel values | K50: =VLOOKUP(C50,Default!$B$4:$E$113,4, FALSE) -> whether to add motorcylce ghost trips | L50: on OneDrive Ali Abbas - ITHIM Global\Methods and Processes\Input Parameters\MotorcycleFleetRatio
A51: 3 | B51: 49 | C51: =IF(G51 = "",F51,IF(OR(G51="alpha",G51="beta",G51="constant",G51="sd",G51="mean",G51="sample"),F51,F51&" "&G51)) -> fleet_to_motorcycle_ratio | D51: =F51&"_"&E51 -> fleet_to_motorcycle_ratio_accra | E51: {=INDIRECT(ADDRESS(1,A51,1,1,"all_city_parameter_inputs"))} -> accra | F51: {=IF(AND(ISBLANK(INDIRECT(ADDRESS(B51,2,1,1,"all_city_parameter_inputs"))), ISBLANK(INDIRECT(ADDRESS(B51,1,1,1,"all_city_parameter_inputs")))), "", IF(ISBLANK(INDIRECT(ADDRESS(B51,1,1,1,"all_city_parameter_inputs"))), All_city_list!F50,INDIRECT(ADDRESS(B51,1,1,1,"all_city_parameter_inputs"))))} -> fleet_to_motorcycle_ratio | G51: {=IF(AND(ISBLANK(INDIRECT(ADDRESS(B51,3,1,1,"all_city_parameter_inputs"))),ISBLANK(INDIRECT(ADDRESS(B51,2,1,1,"all_city_parameter_inputs")))),"",IF(ISBLANK(INDIRECT(ADDRESS(B51,2,1,1,"all_city_parameter_inputs"))),"",INDIRECT(ADDRESS(B51,2,1,1,"all_city_parameter_inputs"))))} -> constant | H51: {=IF(ISBLANK(INDIRECT(ADDRESS(B51,A51,1,1,"all_city_parameter_inputs"))), "--",INDIRECT(ADDRESS(B51,A51,1,1,"all_city_parameter_inputs")))} -> 0 | I51: =IF(OR(G51="alpha",G51="beta",G51="sd",G51="mean"),"--",VLOOKUP(C51,Default!$B$5:$H$113,7,FALSE)) -> 0.44117647 | J51: =VLOOKUP(F51,Lookup!$C$5:$D$109,2, FALSE) -> Travel values | K51: =VLOOKUP(C51,Default!$B$4:$E$113,4, FALSE) -> ratio of missing motorbike trips, e.g. if ratio = 0.6 and total trip distance in survey is 400, then want to add 600 km of motorbike trips. | L51: on OneDrive Ali Abbas - ITHIM Global\Methods and Processes\Input Parameters\MotorcycleFleetRatio
A52: 3 | B52: 50 | C52: =IF(G52 = "",F52,IF(OR(G52="alpha",G52="beta",G52="constant",G52="sd",G52="mean",G52="sample"),F52,F52&" "&G52)) -> fleet_to_motorcycle_ratio | D52: =F52&"_"&E52 -> fleet_to_motorcycle_ratio_accra | E52: {=INDIRECT(ADDRESS(1,A52,1,1,"all_city_parameter_inputs"))} -> accra | F52: {=IF(AND(ISBLANK(INDIRECT(ADDRESS(B52,2,1,1,"all_city_parameter_inputs"))), ISBLANK(INDIRECT(ADDRESS(B52,1,1,1,"all_city_parameter_inputs")))), "", IF(ISBLANK(INDIRECT(ADDRESS(B52,1,1,1,"all_city_parameter_inputs"))), All_city_list!F51,INDIRECT(ADDRESS(B52,1,1,1,"all_city_parameter_inputs"))))} -> fleet_to_motorcycle_ratio | G52: {=IF(AND(ISBLANK(INDIRECT(ADDRESS(B52,3,1,1,"all_city_parameter_inputs"))),ISBLANK(INDIRECT(ADDRESS(B52,2,1,1,"all_city_parameter_inputs")))),"",IF(ISBLANK(INDIRECT(ADDRESS(B52,2,1,1,"all_city_parameter_inputs"))),"",INDIRECT(ADDRESS(B52,2,1,1,"all_city_parameter_inputs"))))} -> alpha | H52: {=IF(ISBLANK(INDIRECT(ADDRESS(B52,A52,1,1,"all_city_parameter_inputs"))), "--",INDIRECT(ADDRESS(B52,A52,1,1,"all_city_parameter_inputs")))} -> -- | I52: =IF(OR(G52="alpha",G52="beta",G52="sd",G52="mean"),"--",VLOOKUP(C52,Default!$B$5:$H$113,7,FALSE)) -> -- | J52: =VLOOKUP(F52,Lookup!$C$5:$D$109,2, FALSE) -> Travel values | K52: =VLOOKUP(C52,Default!$B$4:$E$113,4, FALSE) -> ratio of missing motorbike trips, e.g. if ratio = 0.6 and total trip distance in survey is 400, then want to add 600 km of motorbike trips. | L52: {=IF(ISNA(VLOOKUP(D52,Grouped_Sources!$C:$C,1,FALSE)),"", INDIRECT(VLOOKUP(D52,Grouped_Sources!$C:$G,5,FALSE)))} -> on OneDrive Ali Abbas - ITHIM Global\Methods and Processes\Input Parameters\MotorcycleFleetRatio
A53: 3 | B53: 51 | C53: =IF(G53 = "",F53,IF(OR(G53="alpha",G53="beta",G53="constant",G53="sd",G53="mean",G53="sample"),F53,F53&" "&G53)) -> fleet_to_motorcycle_ratio | D53: =F53&"_"&E53 -> fleet_to_motorcycle_ratio_accra | E53: {=INDIRECT(ADDRESS(1,A53,1,1,"all_city_parameter_inputs"))} -> accra | F53: {=IF(AND(ISBLANK(INDIRECT(ADDRESS(B53,2,1,1,"all_city_parameter_inputs"))), ISBLANK(INDIRECT(ADDRESS(B53,1,1,1,"all_city_parameter_inputs")))), "", IF(ISBLANK(INDIRECT(ADDRESS(B53,1,1,1,"all_city_parameter_inputs"))), All_city_list!F52,INDIRECT(ADDRESS(B53,1,1,1,"all_city_parameter_inputs"))))} -> fleet_to_motorcycle_ratio | G53: {=IF(AND(ISBLANK(INDIRECT(ADDRESS(B53,3,1,1,"all_city_parameter_inputs"))),ISBLANK(INDIRECT(ADDRESS(B53,2,1,1,"all_city_parameter_inputs")))),"",IF(ISBLANK(INDIRECT(ADDRESS(B53,2,1,1,"all_city_parameter_inputs"))),"",INDIRECT(ADDRESS(B53,2,1,1,"all_city_parameter_inputs"))))} -> beta | H53: {=IF(ISBLANK(INDIRECT(ADDRESS(B53,A53,1,1,"all_city_parameter_inputs"))), "--",INDIRECT(ADDRESS(B53,A53,1,1,"all_city_parameter_inputs")))} -> -- | I53: =IF(OR(G53="alpha",G53="beta",G53="sd",G53="mean"),"--",VLOOKUP(C53,Default!$B$5:$H$113,7,FALSE)) -> -- | J53: =VLOOKUP(F53,Lookup!$C$5:$D$109,2, FALSE) -> Travel values | K53: =VLOOKUP(C53,Default!$B$4:$E$113,4, FALSE) -> ratio of missing motorbike trips, e.g. if ratio = 0.6 and total trip distance in survey is 400, then want to add 600 km of motorbike trips. | L53: {=IF(ISNA(VLOOKUP(D53,Grouped_Sources!$C:$C,1,FALSE)),"", INDIRECT(VLOOKUP(D53,Grouped_Sources!$C:$G,5,FALSE)))} -> on OneDrive Ali Abbas - ITHIM Global\Methods and Processes\Input Parameters\MotorcycleFleetRatio
A54: 3 | B54: 52 | C54: =IF(G54 = "",F54,IF(OR(G54="alpha",G54="beta",G54="constant",G54="sd",G54="mean",G54="sample"),F54,F54&" "&G54)) -> background_pa_confidence | D54: =F54&"_"&E54 -> background_pa_confidence_accra | E54: {=INDIRECT(ADDRESS(1,A54,1,1,"all_city_parameter_inputs"))} -> accra | F54: {=IF(AND(ISBLANK(INDIRECT(ADDRESS(B54,2,1,1,"all_city_parameter_inputs"))), ISBLANK(INDIRECT(ADDRESS(B54,1,1,1,"all_city_parameter_inputs")))), "", IF(ISBLANK(INDIRECT(ADDRESS(B54,1,1,1,"all_city_parameter_inputs"))), All_city_list!F53,INDIRECT(ADDRESS(B54,1,1,1,"all_city_parameter_inputs"))))} -> background_pa_confidence | G54: {=IF(AND(ISBLANK(INDIRECT(ADDRESS(B54,3,1,1,"all_city_parameter_inputs"))),ISBLANK(INDIRECT(ADDRESS(B54,2,1,1,"all_city_parameter_inputs")))),"",IF(ISBLANK(INDIRECT(ADDRESS(B54,2,1,1,"all_city_parameter_inputs"))),"",INDIRECT(ADDRESS(B54,2,1,1,"all_city_parameter_inputs"))))} -> sample | H54: {=IF(ISBLANK(INDIRECT(ADDRESS(B54,A54,1,1,"all_city_parameter_inputs"))), "--",INDIRECT(ADDRESS(B54,A54,1,1,"all_city_parameter_inputs")))} -> 0.5 | I54: =IF(OR(G54="alpha",G54="beta",G54="sd",G54="mean"),"--",VLOOKUP(C54,Default!$B$5:$H$113,7,FALSE)) -> 1 | J54: =VLOOKUP(F54,Lookup!$C$5:$D$109,2, FALSE) -> PA values | K54: =VLOOKUP(C54,Default!$B$4:$E$113,4, FALSE) -> how confident we are in the PA survey (in terms of number of people who report zero PA) | L54: {=IF(ISNA(VLOOKUP(D54,Grouped_Sources!$C:$C,1,FALSE)),"", INDIRECT(VLOOKUP(D54,Grouped_Sources!$C:$G,4,FALSE)))}
A55: 3 | B55: 53 | C55: =IF(G55 = "",F55,IF(OR(G55="alpha",G55="beta",G55="constant",G55="sd",G55="mean",G55="sample"),F55,F55&" "&G55)) -> add_walk_to_pt_trips | D55: =F55&"_"&E55 -> add_walk_to_pt_trips_accra | E55: {=INDIRECT(ADDRESS(1,A55,1,1,"all_city_parameter_inputs"))} -> accra | F55: {=IF(AND(ISBLANK(INDIRECT(ADDRESS(B55,2,1,1,"all_city_parameter_inputs"))), ISBLANK(INDIRECT(ADDRESS(B55,1,1,1,"all_city_parameter_inputs")))), "", IF(ISBLANK(INDIRECT(ADDRESS(B55,1,1,1,"all_city_parameter_inputs"))), All_city_list!F54,INDIRECT(ADDRESS(B55,1,1,1,"all_city_parameter_inputs"))))} -> add_walk_to_pt_trips | G55: {=IF(AND(ISBLANK(INDIRECT(ADDRESS(B55,3,1,1,"all_city_parameter_inputs"))),ISBLANK(INDIRECT(ADDRESS(B55,2,1,1,"all_city_parameter_inputs")))),"",IF(ISBLANK(INDIRECT(ADDRESS(B55,2,1,1,"all_city_parameter_inputs"))),"",INDIRECT(ADDRESS(B55,2,1,1,"all_city_parameter_inputs"))))} | H55: {=IF(ISBLANK(INDIRECT(ADDRESS(B55,A55,1,1,"all_city_parameter_inputs"))), "--",INDIRECT(ADDRESS(B55,A55,1,1,"all_city_parameter_inputs")))} -> T | I55: =IF(OR(G55="alpha",G55="beta",G55="sd",G55="mean"),"--",VLOOKUP(C55,Default!$B$5:$H$113,7,FALSE)) -> T | J55: =VLOOKUP(F55,Lookup!$C$5:$D$109,2, FALSE) -> Travel values | K55: =VLOOKUP(C55,Default!$B$4:$E$113,4, FALSE) -> whether to add walk component to trips with main mode bus
A56: 3 | B56: 54 | C56: =IF(G56 = "",F56,IF(OR(G56="alpha",G56="beta",G56="constant",G56="sd",G56="mean",G56="sample"),F56,F56&" "&G56)) -> bus_to_passenger_ratio | D56: =F56&"_"&E56 -> bus_to_passenger_ratio_accra | E56: {=INDIRECT(ADDRESS(1,A56,1,1,"all_city_parameter_inputs"))} -> accra | F56: {=IF(AND(ISBLANK(INDIRECT(ADDRESS(B56,2,1,1,"all_city_parameter_inputs"))), ISBLANK(INDIRECT(ADDRESS(B56,1,1,1,"all_city_parameter_inputs")))), "", IF(ISBLANK(INDIRECT(ADDRESS(B56,1,1,1,"all_city_parameter_inputs"))), All_city_list!F55,INDIRECT(ADDRESS(B56,1,1,1,"all_city_parameter_inputs"))))} -> bus_to_passenger_ratio | G56: {=IF(AND(ISBLANK(INDIRECT(ADDRESS(B56,3,1,1,"all_city_parameter_inputs"))),ISBLANK(INDIRECT(ADDRESS(B56,2,1,1,"all_city_parameter_inputs")))),"",IF(ISBLANK(INDIRECT(ADDRESS(B56,2,1,1,"all_city_parameter_inputs"))),"",INDIRECT(ADDRESS(B56,2,1,1,"all_city_parameter_inputs"))))} -> constant | H56: {=IF(ISBLANK(INDIRECT(ADDRESS(B56,A56,1,1,"all_city_parameter_inputs"))), "--",INDIRECT(ADDRESS(B56,A56,1,1,"all_city_parameter_inputs")))} -> 0.05 | I56: =IF(OR(G56="alpha",G56="beta",G56="sd",G56="mean"),"--",VLOOKUP(C56,Default!$B$5:$H$113,7,FALSE)) -> 0.038910506 | J56: =VLOOKUP(F56,Lookup!$C$5:$D$109,2, FALSE) -> Travel values | K56: =VLOOKUP(C56,Default!$B$4:$E$113,4, FALSE) -> number of buses per passenger | L56: BusPassengerRatios_WriteUp_v.xx.docx on on OneDrive Ali Abbas - ITHIM Global\Methods and Processes\Input Parameters\BusPassengerRatio
A57: 3 | B57: 55 | C57: =IF(G57 = "",F57,IF(OR(G57="alpha",G57="beta",G57="constant",G57="sd",G57="mean",G57="sample"),F57,F57&" "&G57)) -> bus_to_passenger_ratio | D57: =F57&"_"&E57 -> bus_to_passenger_ratio_accra | E57: {=INDIRECT(ADDRESS(1,A57,1,1,"all_city_parameter_inputs"))} -> accra | F57: {=IF(AND(ISBLANK(INDIRECT(ADDRESS(B57,2,1,1,"all_city_parameter_inputs"))), ISBLANK(INDIRECT(ADDRESS(B57,1,1,1,"all_city_parameter_inputs")))), "", IF(ISBLANK(INDIRECT(ADDRESS(B57,1,1,1,"all_city_parameter_inputs"))), All_city_list!F56,INDIRECT(ADDRESS(B57,1,1,1,"all_city_parameter_inputs"))))} -> bus_to_passenger_ratio | G57: {=IF(AND(ISBLANK(INDIRECT(ADDRESS(B57,3,1,1,"all_city_parameter_inputs"))),ISBLANK(INDIRECT(ADDRESS(B57,2,1,1,"all_city_parameter_inputs")))),"",IF(ISBLANK(INDIRECT(ADDRESS(B57,2,1,1,"all_city_parameter_inputs"))),"",INDIRECT(ADDRESS(B57,2,1,1,"all_city_parameter_inputs"))))} -> alpha | H57: {=IF(ISBLANK(INDIRECT(ADDRESS(B57,A57,1,1,"all_city_parameter_inputs"))), "--",INDIRECT(ADDRESS(B57,A57,1,1,"all_city_parameter_inputs")))} -> 12.262 | I57: =IF(OR(G57="alpha",G57="beta",G57="sd",G57="mean"),"--",VLOOKUP(C57,Default!$B$5:$H$113,7,FALSE)) -> -- | J57: =VLOOKUP(F57,Lookup!$C$5:$D$109,2, FALSE) -> Travel values | K57: =VLOOKUP(C57,Default!$B$4:$E$113,4, FALSE) -> number of buses per passenger | L57: {=IF(ISNA(VLOOKUP(D57,Grouped_Sources!$C:$C,1,FALSE)),"", INDIRECT(VLOOKUP(D57,Grouped_Sources!$C:$G,5,FALSE)))} -> BusPassengerRatios_WriteUp_v.xx.docx on on OneDrive Ali Abbas - ITHIM Global\Methods and Processes\Input Parameters\BusPassengerRatio
A58: 3 | B58: 56 | C58: =IF(G58 = "",F58,IF(OR(G58="alpha",G58="beta",G58="constant",G58="sd",G58="mean",G58="sample"),F58,F58&" "&G58)) -> bus_to_passenger_ratio | D58: =F58&"_"&E58 -> bus_to_passenger_ratio_accra | E58: {=INDIRECT(ADDRESS(1,A58,1,1,"all_city_parameter_inputs"))} -> accra | F58: {=IF(AND(ISBLANK(INDIRECT(ADDRESS(B58,2,1,1,"all_city_parameter_inputs"))), ISBLANK(INDIRECT(ADDRESS(B58,1,1,1,"all_city_parameter_inputs")))), "", IF(ISBLANK(INDIRECT(ADDRESS(B58,1,1,1,"all_city_parameter_inputs"))), All_city_list!F57,INDIRECT(ADDRESS(B58,1,1,1,"all_city_parameter_inputs"))))} -> bus_to_passenger_ratio | G58: {=IF(AND(ISBLANK(INDIRECT(ADDRESS(B58,3,1,1,"all_city_parameter_inputs"))),ISBLANK(INDIRECT(ADDRESS(B58,2,1,1,"all_city_parameter_inputs")))),"",IF(ISBLANK(INDIRECT(ADDRESS(B58,2,1,1,"all_city_parameter_inputs"))),"",INDIRECT(ADDRESS(B58,2,1,1,"all_city_parameter_inputs"))))} -> beta | H58: {=IF(ISBLANK(INDIRECT(ADDRESS(B58,A58,1,1,"all_city_parameter_inputs"))), "--",INDIRECT(ADDRESS(B58,A58,1,1,"all_city_parameter_inputs")))} -> 232.978 | I58: =IF(OR(G58="alpha",G58="beta",G58="sd",G58="mean"),"--",VLOOKUP(C58,Default!$B$5:$H$113,7,FALSE)) -> -- | J58: =VLOOKUP(F58,Lookup!$C$5:$D$109,2, FALSE) -> Travel values | K58: =VLOOKUP(C58,Default!$B$4:$E$113,4, FALSE) -> number of buses per passenger | L58: {=IF(ISNA(VLOOKUP(D58,Grouped_Sources!$C:$C,1,FALSE)),"", INDIRECT(VLOOKUP(D58,Grouped_Sources!$C:$G,5,FALSE)))} -> BusPassengerRatios_WriteUp_v.xx.docx on on OneDrive Ali Abbas - ITHIM Global\Methods and Processes\Input Parameters\BusPassengerRatio
A59: 3 | B59: 57 | C59: =IF(G59 = "",F59,IF(OR(G59="alpha",G59="beta",G59="constant",G59="sd",G59="mean",G59="sample"),F59,F59&" "&G59)) -> truck_to_car_ratio | D59: =F59&"_"&E59 -> truck_to_car_ratio_accra | E59: {=INDIRECT(ADDRESS(1,A59,1,1,"all_city_parameter_inputs"))} -> accra | F59: {=IF(AND(ISBLANK(INDIRECT(ADDRESS(B59,2,1,1,"all_city_parameter_inputs"))), ISBLANK(INDIRECT(ADDRESS(B59,1,1,1,"all_city_parameter_inputs")))), "", IF(ISBLANK(INDIRECT(ADDRESS(B59,1,1,1,"all_city_parameter_inputs"))), All_city_list!F58,INDIRECT(ADDRESS(B59,1,1,1,"all_city_parameter_inputs"))))} -> truck_to_car_ratio | G59: {=IF(AND(ISBLANK(INDIRECT(ADDRESS(B59,3,1,1,"all_city_parameter_inputs"))),ISBLANK(INDIRECT(ADDRESS(B59,2,1,1,"all_city_parameter_inputs")))),"",IF(ISBLANK(INDIRECT(ADDRESS(B59,2,1,1,"all_city_parameter_inputs"))),"",INDIRECT(ADDRESS(B59,2,1,1,"all_city_parameter_inputs"))))} -> constant | H59: {=IF(ISBLANK(INDIRECT(ADDRESS(B59,A59,1,1,"all_city_parameter_inputs"))), "--",INDIRECT(ADDRESS(B59,A59,1,1,"all_city_parameter_inputs")))} -> 0.3 | I59: =IF(OR(G59="alpha",G59="beta",G59="sd",G59="mean"),"--",VLOOKUP(C59,Default!$B$5:$H$113,7,FALSE)) -> 0.3 | J59: =VLOOKUP(F59,Lookup!$C$5:$D$109,2, FALSE) -> Travel values | K59: =VLOOKUP(C59,Default!$B$4:$E$113,4, FALSE) -> ratio of truck kilometers to car km travelled, used to add ghost trips that are not changed between the different scenarios | L59: TruckCarRatio_WriteUp_v.xx.docx on on OneDrive Ali Abbas - ITHIM Global\Methods and Processes\Input Parameters\TruckCarRatio
A60: 3 | B60: 58 | C60: =IF(G60 = "",F60,IF(OR(G60="alpha",G60="beta",G60="constant",G60="sd",G60="mean",G60="sample"),F60,F60&" "&G60)) -> truck_to_car_ratio | D60: =F60&"_"&E60 -> truck_to_car_ratio_accra | E60: {=INDIRECT(ADDRESS(1,A60,1,1,"all_city_parameter_inputs"))} -> accra | F60: {=IF(AND(ISBLANK(INDIRECT(ADDRESS(B60,2,1,1,"all_city_parameter_inputs"))), ISBLANK(INDIRECT(ADDRESS(B60,1,1,1,"all_city_parameter_inputs")))), "", IF(ISBLANK(INDIRECT(ADDRESS(B60,1,1,1,"all_city_parameter_inputs"))), All_city_list!F59,INDIRECT(ADDRESS(B60,1,1,1,"all_city_parameter_inputs"))))} -> truck_to_car_ratio | G60: {=IF(AND(ISBLANK(INDIRECT(ADDRESS(B60,3,1,1,"all_city_parameter_inputs"))),ISBLANK(INDIRECT(ADDRESS(B60,2,1,1,"all_city_parameter_inputs")))),"",IF(ISBLANK(INDIRECT(ADDRESS(B60,2,1,1,"all_city_parameter_inputs"))),"",INDIRECT(ADDRESS(B60,2,1,1,"all_city_parameter_inputs"))))} -> alpha | H60: {=IF(ISBLANK(INDIRECT(ADDRESS(B60,A60,1,1,"all_city_parameter_inputs"))), "--",INDIRECT(ADDRESS(B60,A60,1,1,"all_city_parameter_inputs")))} -> 3.732 | I60: =IF(OR(G60="alpha",G60="beta",G60="sd",G60="mean"),"--",VLOOKUP(C60,Default!$B$5:$H$113,7,FALSE)) -> -- | J60: =VLOOKUP(F60,Lookup!$C$5:$D$109,2, FALSE) -> Travel values | K60: =VLOOKUP(C60,Default!$B$4:$E$113,4, FALSE) -> ratio of truck kilometers to car km travelled, used to add ghost trips that are not changed between the different scenarios | L60: {=IF(ISNA(VLOOKUP(D60,Grouped_Sources!$C:$C,1,FALSE)),"", INDIRECT(VLOOKUP(D60,Grouped_Sources!$C:$G,5,FALSE)))} -> TruckCarRatio_WriteUp_v.xx.docx on on OneDrive Ali Abbas - ITHIM Global\Methods and Processes\Input Parameters\TruckCarRatio
A61: 3 | B61: 59 | C61: =IF(G61 = "",F61,IF(OR(G61="alpha",G61="beta",G61="constant",G61="sd",G61="mean",G61="sample"),F61,F61&" "&G61)) -> truck_to_car_ratio | D61: =F61&"_"&E61 -> truck_to_car_ratio_accra | E61: {=INDIRECT(ADDRESS(1,A61,1,1,"all_city_parameter_inputs"))} -> accra | F61: {=IF(AND(ISBLANK(INDIRECT(ADDRESS(B61,2,1,1,"all_city_parameter_inputs"))), ISBLANK(INDIRECT(ADDRESS(B61,1,1,1,"all_city_parameter_inputs")))), "", IF(ISBLANK(INDIRECT(ADDRESS(B61,1,1,1,"all_city_parameter_inputs"))), All_city_list!F60,INDIRECT(ADDRESS(B61,1,1,1,"all_city_parameter_inputs"))))} -> truck_to_car_ratio | G61: {=IF(AND(ISBLANK(INDIRECT(ADDRESS(B61,3,1,1,"all_city_parameter_inputs"))),ISBLANK(INDIRECT(ADDRESS(B61,2,1,1,"all_city_parameter_inputs")))),"",IF(ISBLANK(INDIRECT(ADDRESS(B61,2,1,1,"all_city_parameter_inputs"))),"",INDIRECT(ADDRESS(B61,2,1,1,"all_city_parameter_inputs"))))} -> beta | H61: {=IF(ISBLANK(INDIRECT(ADDRESS(B61,A61,1,1,"all_city_parameter_inputs"))), "--",INDIRECT(ADDRESS(B61,A61,1,1,"all_city_parameter_inputs")))} -> 8.708 | I61: =IF(OR(G61="alpha",G61="beta",G61="sd",G61="mean"),"--",VLOOKUP(C61,Default!$B$5:$H$113,7,FALSE)) -> -- | J61: =VLOOKUP(F61,Lookup!$C$5:$D$109,2, FALSE) -> Travel values | K61: =VLOOKUP(C61,Default!$B$4:$E$113,4, FALSE) -> ratio of truck kilometers to car km travelled, used to add ghost trips that are not changed between the different scenarios | L61: {=IF(ISNA(VLOOKUP(D61,Grouped_Sources!$C:$C,1,FALSE)),"", INDIRECT(VLOOKUP(D61,Grouped_Sources!$C:$G,5,FALSE)))} -> TruckCarRatio_WriteUp_v.xx.docx on on OneDrive Ali Abbas - ITHIM Global\Methods and Processes\Input Parameters\TruckCarRatio
A62: 3 | B62: 60 | C62: =IF(G62 = "",F62,IF(OR(G62="alpha",G62="beta",G62="constant",G62="sd",G62="mean",G62="sample"),F62,F62&" "&G62)) -> PM_emission_confidence | D62: =F62&"_"&E62 -> PM_emission_confidence_accra | E62: {=INDIRECT(ADDRESS(1,A62,1,1,"all_city_parameter_inputs"))} -> accra | F62: {=IF(AND(ISBLANK(INDIRECT(ADDRESS(B62,2,1,1,"all_city_parameter_inputs"))), ISBLANK(INDIRECT(ADDRESS(B62,1,1,1,"all_city_parameter_inputs")))), "", IF(ISBLANK(INDIRECT(ADDRESS(B62,1,1,1,"all_city_parameter_inputs"))), All_city_list!F61,INDIRECT(ADDRESS(B62,1,1,1,"all_city_parameter_inputs"))))} -> PM_emission_confidence | G62: {=IF(AND(ISBLANK(INDIRECT(ADDRESS(B62,3,1,1,"all_city_parameter_inputs"))),ISBLANK(INDIRECT(ADDRESS(B62,2,1,1,"all_city_parameter_inputs")))),"",IF(ISBLANK(INDIRECT(ADDRESS(B62,2,1,1,"all_city_parameter_inputs"))),"",INDIRECT(ADDRESS(B62,2,1,1,"all_city_parameter_inputs"))))} -> sample | H62: {=IF(ISBLANK(INDIRECT(ADDRESS(B62,A62,1,1,"all_city_parameter_inputs"))), "--",INDIRECT(ADDRESS(B62,A62,1,1,"all_city_parameter_inputs")))} -> 0.5 | I62: =IF(OR(G62="alpha",G62="beta",G62="sd",G62="mean"),"--",VLOOKUP(C62,Default!$B$5:$H$113,7,FALSE)) -> 1 | J62: =VLOOKUP(F62,Lookup!$C$5:$D$109,2, FALSE) -> Pollution values | K62: =VLOOKUP(C62,Default!$B$4:$E$113,4, FALSE) -> how confident we are about the PM emissions inventory mode split. Used to change the mode emission split. I.e. if cars produce 40% emissions and trucks 60%, then in the VoI run, might sample to get 45% emissions from cars and 55% emissions from trucks. If PM_EMISSION_INVENTORY_CONFIDENCE = 1, no sampling. The higher this parameter, the more confident we are in the mode split
A63: 3 | B63: 61 | C63: =IF(G63 = "",F63,IF(OR(G63="alpha",G63="beta",G63="constant",G63="sd",G63="mean",G63="sample"),F63,F63&" "&G63)) -> distance_scalar_car_taxi | D63: =F63&"_"&E63 -> distance_scalar_car_taxi_accra | E63: {=INDIRECT(ADDRESS(1,A63,1,1,"all_city_parameter_inputs"))} -> accra | F63: {=IF(AND(ISBLANK(INDIRECT(ADDRESS(B63,2,1,1,"all_city_parameter_inputs"))), ISBLANK(INDIRECT(ADDRESS(B63,1,1,1,"all_city_parameter_inputs")))), "", IF(ISBLANK(INDIRECT(ADDRESS(B63,1,1,1,"all_city_parameter_inputs"))), All_city_list!F62,INDIRECT(ADDRESS(B63,1,1,1,"all_city_parameter_inputs"))))} -> distance_scalar_car_taxi | G63: {=IF(AND(ISBLANK(INDIRECT(ADDRESS(B63,3,1,1,"all_city_parameter_inputs"))),ISBLANK(INDIRECT(ADDRESS(B63,2,1,1,"all_city_parameter_inputs")))),"",IF(ISBLANK(INDIRECT(ADDRESS(B63,2,1,1,"all_city_parameter_inputs"))),"",INDIRECT(ADDRESS(B63,2,1,1,"all_city_parameter_inputs"))))} -> constant | H63: {=IF(ISBLANK(INDIRECT(ADDRESS(B63,A63,1,1,"all_city_parameter_inputs"))), "--",INDIRECT(ADDRESS(B63,A63,1,1,"all_city_parameter_inputs")))} -> 1 | I63: =IF(OR(G63="alpha",G63="beta",G63="sd",G63="mean"),"--",VLOOKUP(C63,Default!$B$5:$H$113,7,FALSE)) -> 1 | J63: =VLOOKUP(F63,Lookup!$C$5:$D$109,2, FALSE) -> Travel values | K63: =VLOOKUP(C63,Default!$B$4:$E$113,4, FALSE) -> scalar for car/taxi distance, i.e. all car and taxi trips get scaled by this scalar | L63: on OneDrive Ali Abbas - ITHIM Global\Methods and Processes\Input Parameters\DistanceScalars
A64: 3 | B64: 62 | C64: =IF(G64 = "",F64,IF(OR(G64="alpha",G64="beta",G64="constant",G64="sd",G64="mean",G64="sample"),F64,F64&" "&G64)) -> distance_scalar_car_taxi | D64: =F64&"_"&E64 -> distance_scalar_car_taxi_accra | E64: {=INDIRECT(ADDRESS(1,A64,1,1,"all_city_parameter_inputs"))} -> accra | F64: {=IF(AND(ISBLANK(INDIRECT(ADDRESS(B64,2,1,1,"all_city_parameter_inputs"))), ISBLANK(INDIRECT(ADDRESS(B64,1,1,1,"all_city_parameter_inputs")))), "", IF(ISBLANK(INDIRECT(ADDRESS(B64,1,1,1,"all_city_parameter_inputs"))), All_city_list!F63,INDIRECT(ADDRESS(B64,1,1,1,"all_city_parameter_inputs"))))} -> distance_scalar_car_taxi | G64: {=IF(AND(ISBLANK(INDIRECT(ADDRESS(B64,3,1,1,"all_city_parameter_inputs"))),ISBLANK(INDIRECT(ADDRESS(B64,2,1,1,"all_city_parameter_inputs")))),"",IF(ISBLANK(INDIRECT(ADDRESS(B64,2,1,1,"all_city_parameter_inputs"))),"",INDIRECT(ADDRESS(B64,2,1,1,"all_city_parameter_inputs"))))} -> mean | H64: {=IF(ISBLANK(INDIRECT(ADDRESS(B64,A64,1,1,"all_city_parameter_inputs"))), "--",INDIRECT(ADDRESS(B64,A64,1,1,"all_city_parameter_inputs")))} -> 0.99986167 | I64: =IF(OR(G64="alpha",G64="beta",G64="sd",G64="mean"),"--",VLOOKUP(C64,Default!$B$5:$H$113,7,FALSE)) -> -- | J64: =VLOOKUP(F64,Lookup!$C$5:$D$109,2, FALSE) -> Travel values | K64: =VLOOKUP(C64,Default!$B$4:$E$113,4, FALSE) -> scalar for car/taxi distance, i.e. all car and taxi trips get scaled by this scalar | L64: {=IF(ISNA(VLOOKUP(D64,Grouped_Sources!$C:$C,1,FALSE)),"", INDIRECT(VLOOKUP(D64,Grouped_Sources!$C:$G,5,FALSE)))} -> on OneDrive Ali Abbas - ITHIM Global\Methods and Processes\Input Parameters\DistanceScalars
A65: 3 | B65: 63 | C65: =IF(G65 = "",F65,IF(OR(G65="alpha",G65="beta",G65="constant",G65="sd",G65="mean",G65="sample"),F65,F65&" "&G65)) -> distance_scalar_car_taxi | D65: =F65&"_"&E65 -> distance_scalar_car_taxi_accra | E65: {=INDIRECT(ADDRESS(1,A65,1,1,"all_city_parameter_inputs"))} -> accra | F65: {=IF(AND(ISBLANK(INDIRECT(ADDRESS(B65,2,1,1,"all_city_parameter_inputs"))), ISBLANK(INDIRECT(ADDRESS(B65,1,1,1,"all_city_parameter_inputs")))), "", IF(ISBLANK(INDIRECT(ADDRESS(B65,1,1,1,"all_city_parameter_inputs"))), All_city_list!F64,INDIRECT(ADDRESS(B65,1,1,1,"all_city_parameter_inputs"))))} -> distance_scalar_car_taxi | G65: {=IF(AND(ISBLANK(INDIRECT(ADDRESS(B65,3,1,1,"all_city_parameter_inputs"))),ISBLANK(INDIRECT(ADDRESS(B65,2,1,1,"all_city_parameter_inputs")))),"",IF(ISBLANK(INDIRECT(ADDRESS(B65,2,1,1,"all_city_parameter_inputs"))),"",INDIRECT(ADDRESS(B65,2,1,1,"all_city_parameter_inputs"))))} -> sd | H65: {=IF(ISBLANK(INDIRECT(ADDRESS(B65,A65,1,1,"all_city_parameter_inputs"))), "--",INDIRECT(ADDRESS(B65,A65,1,1,"all_city_parameter_inputs")))} -> 1.0167725 | I65: =IF(OR(G65="alpha",G65="beta",G65="sd",G65="mean"),"--",VLOOKUP(C65,Default!$B$5:$H$113,7,FALSE)) -> -- | J65: =VLOOKUP(F65,Lookup!$C$5:$D$109,2, FALSE) -> Travel values | K65: =VLOOKUP(C65,Default!$B$4:$E$113,4, FALSE) -> scalar for car/taxi distance, i.e. all car and taxi trips get scaled by this scalar | L65: {=IF(ISNA(VLOOKUP(D65,Grouped_Sources!$C:$C,1,FALSE)),"", INDIRECT(VLOOKUP(D65,Grouped_Sources!$C:$G,5,FALSE)))} -> on OneDrive Ali Abbas - ITHIM Global\Methods and Processes\Input Parameters\DistanceScalars
A66: 3 | B66: 64 | C66: =IF(G66 = "",F66,IF(OR(G66="alpha",G66="beta",G66="constant",G66="sd",G66="mean",G66="sample"),F66,F66&" "&G66)) -> distance_scalar_motorcycle | D66: =F66&"_"&E66 -> distance_scalar_motorcycle_accra | E66: {=INDIRECT(ADDRESS(1,A66,1,1,"all_city_parameter_inputs"))} -> accra | F66: {=IF(AND(ISBLANK(INDIRECT(ADDRESS(B66,2,1,1,"all_city_parameter_inputs"))), ISBLANK(INDIRECT(ADDRESS(B66,1,1,1,"all_city_parameter_inputs")))), "", IF(ISBLANK(INDIRECT(ADDRESS(B66,1,1,1,"all_city_parameter_inputs"))), All_city_list!F65,INDIRECT(ADDRESS(B66,1,1,1,"all_city_parameter_inputs"))))} -> distance_scalar_motorcycle | G66: {=IF(AND(ISBLANK(INDIRECT(ADDRESS(B66,3,1,1,"all_city_parameter_inputs"))),ISBLANK(INDIRECT(ADDRESS(B66,2,1,1,"all_city_parameter_inputs")))),"",IF(ISBLANK(INDIRECT(ADDRESS(B66,2,1,1,"all_city_parameter_inputs"))),"",INDIRECT(ADDRESS(B66,2,1,1,"all_city_parameter_inputs"))))} -> constant | H66: {=IF(ISBLANK(INDIRECT(ADDRESS(B66,A66,1,1,"all_city_parameter_inputs"))), "--",INDIRECT(ADDRESS(B66,A66,1,1,"all_city_parameter_inputs")))} -> 1 | I66: =IF(OR(G66="alpha",G66="beta",G66="sd",G66="mean"),"--",VLOOKUP(C66,Default!$B$5:$H$113,7,FALSE)) -> 1 | J66: =VLOOKUP(F66,Lookup!$C$5:$D$109,2, FALSE) -> Travel values | K66: =VLOOKUP(C66,Default!$B$4:$E$113,4, FALSE) -> scalar for motorcycle distance, i.e. all motorbike trips are scaled by this scalar | L66: on OneDrive Ali Abbas - ITHIM Global\Methods and Processes\Input Parameters\DistanceScalars
A67: 3 | B67: 65 | C67: =IF(G67 = "",F67,IF(OR(G67="alpha",G67="beta",G67="constant",G67="sd",G67="mean",G67="sample"),F67,F67&" "&G67)) -> distance_scalar_motorcycle | D67: =F67&"_"&E67 -> distance_scalar_motorcycle_accra | E67: {=INDIRECT(ADDRESS(1,A67,1,1,"all_city_parameter_inputs"))} -> accra | F67: {=IF(AND(ISBLANK(INDIRECT(ADDRESS(B67,2,1,1,"all_city_parameter_inputs"))), ISBLANK(INDIRECT(ADDRESS(B67,1,1,1,"all_city_parameter_inputs")))), "", IF(ISBLANK(INDIRECT(ADDRESS(B67,1,1,1,"all_city_parameter_inputs"))), All_city_list!F66,INDIRECT(ADDRESS(B67,1,1,1,"all_city_parameter_inputs"))))} -> distance_scalar_motorcycle | G67: {=IF(AND(ISBLANK(INDIRECT(ADDRESS(B67,3,1,1,"all_city_parameter_inputs"))),ISBLANK(INDIRECT(ADDRESS(B67,2,1,1,"all_city_parameter_inputs")))),"",IF(ISBLANK(INDIRECT(ADDRESS(B67,2,1,1,"all_city_parameter_inputs"))),"",INDIRECT(ADDRESS(B67,2,1,1,"all_city_parameter_inputs"))))} -> mean | H67: {=IF(ISBLANK(INDIRECT(ADDRESS(B67,A67,1,1,"all_city_parameter_inputs"))), "--",INDIRECT(ADDRESS(B67,A67,1,1,"all_city_parameter_inputs")))} -> 0.99888914 | I67: =IF(OR(G67="alpha",G67="beta",G67="sd",G67="mean"),"--",VLOOKUP(C67,Default!$B$5:$H$113,7,FALSE)) -> -- | J67: =VLOOKUP(F67,Lookup!$C$5:$D$109,2, FALSE) -> Travel values | K67: =VLOOKUP(C67,Default!$B$4:$E$113,4, FALSE) -> scalar for motorcycle distance, i.e. all motorbike trips are scaled by this scalar | L67: {=IF(ISNA(VLOOKUP(D67,Grouped_Sources!$C:$C,1,FALSE)),"", INDIRECT(VLOOKUP(D67,Grouped_Sources!$C:$G,5,FALSE)))} -> on OneDrive Ali Abbas - ITHIM Global\Methods and Processes\Input Parameters\DistanceScalars
A68: 3 | B68: 66 | C68: =IF(G68 = "",F68,IF(OR(G68="alpha",G68="beta",G68="constant",G68="sd",G68="mean",G68="sample"),F68,F68&" "&G68)) -> distance_scalar_motorcycle | D68: =F68&"_"&E68 -> distance_scalar_motorcycle_accra | E68: {=INDIRECT(ADDRESS(1,A68,1,1,"all_city_parameter_inputs"))} -> accra | F68: {=IF(AND(ISBLANK(INDIRECT(ADDRESS(B68,2,1,1,"all_city_parameter_inputs"))), ISBLANK(INDIRECT(ADDRESS(B68,1,1,1,"all_city_parameter_inputs")))), "", IF(ISBLANK(INDIRECT(ADDRESS(B68,1,1,1,"all_city_parameter_inputs"))), All_city_list!F67,INDIRECT(ADDRESS(B68,1,1,1,"all_city_parameter_inputs"))))} -> distance_scalar_motorcycle | G68: {=IF(AND(ISBLANK(INDIRECT(ADDRESS(B68,3,1,1,"all_city_parameter_inputs"))),ISBLANK(INDIRECT(ADDRESS(B68,2,1,1,"all_city_parameter_inputs")))),"",IF(ISBLANK(INDIRECT(ADDRESS(B68,2,1,1,"all_city_parameter_inputs"))),"",INDIRECT(ADDRESS(B68,2,1,1,"all_city_parameter_inputs"))))} -> sd | H68: {=IF(ISBLANK(INDIRECT(ADDRESS(B68,A68,1,1,"all_city_parameter_inputs"))), "--",INDIRECT(ADDRESS(B68,A68,1,1,"all_city_parameter_inputs")))} -> 1.0482775 | I68: =IF(OR(G68="alpha",G68="beta",G68="sd",G68="mean"),"--",VLOOKUP(C68,Default!$B$5:$H$113,7,FALSE)) -> -- | J68: =VLOOKUP(F68,Lookup!$C$5:$D$109,2, FALSE) -> Travel values | K68: =VLOOKUP(C68,Default!$B$4:$E$113,4, FALSE) -> scalar for motorcycle distance, i.e. all motorbike trips are scaled by this scalar | L68: {=IF(ISNA(VLOOKUP(D68,Grouped_Sources!$C:$C,1,FALSE)),"", INDIRECT(VLOOKUP(D68,Grouped_Sources!$C:$G,5,FALSE)))} -> on OneDrive Ali Abbas - ITHIM Global\Methods and Processes\Input Parameters\DistanceScalars
A69: 3 | B69: 67 | C69: =IF(G69 = "",F69,IF(OR(G69="alpha",G69="beta",G69="constant",G69="sd",G69="mean",G69="sample"),F69,F69&" "&G69)) -> distance_scalar_pt | D69: =F69&"_"&E69 -> distance_scalar_pt_accra | E69: {=INDIRECT(ADDRESS(1,A69,1,1,"all_city_parameter_inputs"))} -> accra | F69: {=IF(AND(ISBLANK(INDIRECT(ADDRESS(B69,2,1,1,"all_city_parameter_inputs"))), ISBLANK(INDIRECT(ADDRESS(B69,1,1,1,"all_city_parameter_inputs")))), "", IF(ISBLANK(INDIRECT(ADDRESS(B69,1,1,1,"all_city_parameter_inputs"))), All_city_list!F68,INDIRECT(ADDRESS(B69,1,1,1,"all_city_parameter_inputs"))))} -> distance_scalar_pt | G69: {=IF(AND(ISBLANK(INDIRECT(ADDRESS(B69,3,1,1,"all_city_parameter_inputs"))),ISBLANK(INDIRECT(ADDRESS(B69,2,1,1,"all_city_parameter_inputs")))),"",IF(ISBLANK(INDIRECT(ADDRESS(B69,2,1,1,"all_city_parameter_inputs"))),"",INDIRECT(ADDRESS(B69,2,1,1,"all_city_parameter_inputs"))))} -> constant | H69: {=IF(ISBLANK(INDIRECT(ADDRESS(B69,A69,1,1,"all_city_parameter_inputs"))), "--",INDIRECT(ADDRESS(B69,A69,1,1,"all_city_parameter_inputs")))} -> 1 | I69: =IF(OR(G69="alpha",G69="beta",G69="sd",G69="mean"),"--",VLOOKUP(C69,Default!$B$5:$H$113,7,FALSE)) -> 1 | J69: =VLOOKUP(F69,Lookup!$C$5:$D$109,2, FALSE) -> Travel values | K69: =VLOOKUP(C69,Default!$B$4:$E$113,4, FALSE) -> scalar for PT distance, i.e. all public transport journey (incl bus driver if added) are scaled by this scalar | L69: on OneDrive Ali Abbas - ITHIM Global\Methods and Processes\Input Parameters\DistanceScalars
A70: 3 | B70: 68 | C70: =IF(G70 = "",F70,IF(OR(G70="alpha",G70="beta",G70="constant",G70="sd",G70="mean",G70="sample"),F70,F70&" "&G70)) -> distance_scalar_pt | D70: =F70&"_"&E70 -> distance_scalar_pt_accra | E70: {=INDIRECT(ADDRESS(1,A70,1,1,"all_city_parameter_inputs"))} -> accra | F70: {=IF(AND(ISBLANK(INDIRECT(ADDRESS(B70,2,1,1,"all_city_parameter_inputs"))), ISBLANK(INDIRECT(ADDRESS(B70,1,1,1,"all_city_parameter_inputs")))), "", IF(ISBLANK(INDIRECT(ADDRESS(B70,1,1,1,"all_city_parameter_inputs"))), All_city_list!F69,INDIRECT(ADDRESS(B70,1,1,1,"all_city_parameter_inputs"))))} -> distance_scalar_pt | G70: {=IF(AND(ISBLANK(INDIRECT(ADDRESS(B70,3,1,1,"all_city_parameter_inputs"))),ISBLANK(INDIRECT(ADDRESS(B70,2,1,1,"all_city_parameter_inputs")))),"",IF(ISBLANK(INDIRECT(ADDRESS(B70,2,1,1,"all_city_parameter_inputs"))),"",INDIRECT(ADDRESS(B70,2,1,1,"all_city_parameter_inputs"))))} -> mean | H70: {=IF(ISBLANK(INDIRECT(ADDRESS(B70,A70,1,1,"all_city_parameter_inputs"))), "--",INDIRECT(ADDRESS(B70,A70,1,1,"all_city_parameter_inputs")))} -> 0.99994786 | I70: =IF(OR(G70="alpha",G70="beta",G70="sd",G70="mean"),"--",VLOOKUP(C70,Default!$B$5:$H$113,7,FALSE)) -> -- | J70: =VLOOKUP(F70,Lookup!$C$5:$D$109,2, FALSE) -> Travel values | K70: =VLOOKUP(C70,Default!$B$4:$E$113,4, FALSE) -> scalar for PT distance, i.e. all public transport journey (incl bus driver if added) are scaled by this scalar | L70: {=IF(ISNA(VLOOKUP(D70,Grouped_Sources!$C:$C,1,FALSE)),"", INDIRECT(VLOOKUP(D70,Grouped_Sources!$C:$G,5,FALSE)))} -> on OneDrive Ali Abbas - ITHIM Global\Methods and Processes\Input Parameters\DistanceScalars
A71: 3 | B71: 69 | C71: =IF(G71 = "",F71,IF(OR(G71="alpha",G71="beta",G71="constant",G71="sd",G71="mean",G71="sample"),F71,F71&" "&G71)) -> distance_scalar_pt | D71: =F71&"_"&E71 -> distance_scalar_pt_accra | E71: {=INDIRECT(ADDRESS(1,A71,1,1,"all_city_parameter_inputs"))} -> accra | F71: {=IF(AND(ISBLANK(INDIRECT(ADDRESS(B71,2,1,1,"all_city_parameter_inputs"))), ISBLANK(INDIRECT(ADDRESS(B71,1,1,1,"all_city_parameter_inputs")))), "", IF(ISBLANK(INDIRECT(ADDRESS(B71,1,1,1,"all_city_parameter_inputs"))), All_city_list!F70,INDIRECT(ADDRESS(B71,1,1,1,"all_city_parameter_inputs"))))} -> distance_scalar_pt | G71: {=IF(AND(ISBLANK(INDIRECT(ADDRESS(B71,3,1,1,"all_city_parameter_inputs"))),ISBLANK(INDIRECT(ADDRESS(B71,2,1,1,"all_city_parameter_inputs")))),"",IF(ISBLANK(INDIRECT(ADDRESS(B71,2,1,1,"all_city_parameter_inputs"))),"",INDIRECT(ADDRESS(B71,2,1,1,"all_city_parameter_inputs"))))} -> sd | H71: {=IF(ISBLANK(INDIRECT(ADDRESS(B71,A71,1,1,"all_city_parameter_inputs"))), "--",INDIRECT(ADDRESS(B71,A71,1,1,"all_city_parameter_inputs")))} -> 1.0102643 | I71: =IF(OR(G71="alpha",G71="beta",G71="sd",G71="mean"),"--",VLOOKUP(C71,Default!$B$5:$H$113,7,FALSE)) -> -- | J71: =VLOOKUP(F71,Lookup!$C$5:$D$109,2, FALSE) -> Travel values | K71: =VLOOKUP(C71,Default!$B$4:$E$113,4, FALSE) -> scalar for PT distance, i.e. all public transport journey (incl bus driver if added) are scaled by this scalar | L71: {=IF(ISNA(VLOOKUP(D71,Grouped_Sources!$C:$C,1,FALSE)),"", INDIRECT(VLOOKUP(D71,Grouped_Sources!$C:$G,5,FALSE)))} -> on OneDrive Ali Abbas - ITHIM Global\Methods and Processes\Input Parameters\DistanceScalars
A72: 3 | B72: 70 | C72: =IF(G72 = "",F72,IF(OR(G72="alpha",G72="beta",G72="constant",G72="sd",G72="mean",G72="sample"),F72,F72&" "&G72)) -> distance_scalar_walking | D72: =F72&"_"&E72 -> distance_scalar_walking_accra | E72: {=INDIRECT(ADDRESS(1,A72,1,1,"all_city_parameter_inputs"))} -> accra | F72: {=IF(AND(ISBLANK(INDIRECT(ADDRESS(B72,2,1,1,"all_city_parameter_inputs"))), ISBLANK(INDIRECT(ADDRESS(B72,1,1,1,"all_city_parameter_inputs")))), "", IF(ISBLANK(INDIRECT(ADDRESS(B72,1,1,1,"all_city_parameter_inputs"))), All_city_list!F71,INDIRECT(ADDRESS(B72,1,1,1,"all_city_parameter_inputs"))))} -> distance_scalar_walking | G72: {=IF(AND(ISBLANK(INDIRECT(ADDRESS(B72,3,1,1,"all_city_parameter_inputs"))),ISBLANK(INDIRECT(ADDRESS(B72,2,1,1,"all_city_parameter_inputs")))),"",IF(ISBLANK(INDIRECT(ADDRESS(B72,2,1,1,"all_city_parameter_inputs"))),"",INDIRECT(ADDRESS(B72,2,1,1,"all_city_parameter_inputs"))))} -> constant | H72: {=IF(ISBLANK(INDIRECT(ADDRESS(B72,A72,1,1,"all_city_parameter_inputs"))), "--",INDIRECT(ADDRESS(B72,A72,1,1,"all_city_parameter_inputs")))} -> 1 | I72: =IF(OR(G72="alpha",G72="beta",G72="sd",G72="mean"),"--",VLOOKUP(C72,Default!$B$5:$H$113,7,FALSE)) -> 1 | J72: =VLOOKUP(F72,Lookup!$C$5:$D$109,2, FALSE) -> Travel values | K72: =VLOOKUP(C72,Default!$B$4:$E$113,4, FALSE) -> scalar for walking distance, i.e. all walking trips are scaled by this scalar | L72: on OneDrive Ali Abbas - ITHIM Global\Methods and Processes\Input Parameters\DistanceScalars
A73: 3 | B73: 71 | C73: =IF(G73 = "",F73,IF(OR(G73="alpha",G73="beta",G73="constant",G73="sd",G73="mean",G73="sample"),F73,F73&" "&G73)) -> distance_scalar_walking | D73: =F73&"_"&E73 -> distance_scalar_walking_accra | E73: {=INDIRECT(ADDRESS(1,A73,1,1,"all_city_parameter_inputs"))} -> accra | F73: {=IF(AND(ISBLANK(INDIRECT(ADDRESS(B73,2,1,1,"all_city_parameter_inputs"))), ISBLANK(INDIRECT(ADDRESS(B73,1,1,1,"all_city_parameter_inputs")))), "", IF(ISBLANK(INDIRECT(ADDRESS(B73,1,1,1,"all_city_parameter_inputs"))), All_city_list!F72,INDIRECT(ADDRESS(B73,1,1,1,"all_city_parameter_inputs"))))} -> distance_scalar_walking | G73: {=IF(AND(ISBLANK(INDIRECT(ADDRESS(B73,3,1,1,"all_city_parameter_inputs"))),ISBLANK(INDIRECT(ADDRESS(B73,2,1,1,"all_city_parameter_inputs")))),"",IF(ISBLANK(INDIRECT(ADDRESS(B73,2,1,1,"all_city_parameter_inputs"))),"",INDIRECT(ADDRESS(B73,2,1,1,"all_city_parameter_inputs"))))} -> mean | H73: {=IF(ISBLANK(INDIRECT(ADDRESS(B73,A73,1,1,"all_city_parameter_inputs"))), "--",INDIRECT(ADDRESS(B73,A73,1,1,"all_city_parameter_inputs")))} -> 0.99995458 | I73: =IF(OR(G73="alpha",G73="beta",G73="sd",G73="mean"),"--",VLOOKUP(C73,Default!$B$5:$H$113,7,FALSE)) -> -- | J73: =VLOOKUP(F73,Lookup!$C$5:$D$109,2, FALSE) -> Travel values | K73: =VLOOKUP(C73,Default!$B$4:$E$113,4, FALSE) -> scalar for walking distance, i.e. all walking trips are scaled by this scalar | L73: {=IF(ISNA(VLOOKUP(D73,Grouped_Sources!$C:$C,1,FALSE)),"", INDIRECT(VLOOKUP(D73,Grouped_Sources!$C:$G,5,FALSE)))} -> on OneDrive Ali Abbas - ITHIM Global\Methods and Processes\Input Parameters\DistanceScalars
A74: 3 | B74: 72 | C74: =IF(G74 = "",F74,IF(OR(G74="alpha",G74="beta",G74="constant",G74="sd",G74="mean",G74="sample"),F74,F74&" "&G74)) -> distance_scalar_walking | D74: =F74&"_"&E74 -> distance_scalar_walking_accra | E74: {=INDIRECT(ADDRESS(1,A74,1,1,"all_city_parameter_inputs"))} -> accra | F74: {=IF(AND(ISBLANK(INDIRECT(ADDRESS(B74,2,1,1,"all_city_parameter_inputs"))), ISBLANK(INDIRECT(ADDRESS(B74,1,1,1,"all_city_parameter_inputs")))), "", IF(ISBLANK(INDIRECT(ADDRESS(B74,1,1,1,"all_city_parameter_inputs"))), All_city_list!F73,INDIRECT(ADDRESS(B74,1,1,1,"all_city_parameter_inputs"))))} -> distance_scalar_walking | G74: {=IF(AND(ISBLANK(INDIRECT(ADDRESS(B74,3,1,1,"all_city_parameter_inputs"))),ISBLANK(INDIRECT(ADDRESS(B74,2,1,1,"all_city_parameter_inputs")))),"",IF(ISBLANK(INDIRECT(ADDRESS(B74,2,1,1,"all_city_parameter_inputs"))),"",INDIRECT(ADDRESS(B74,2,1,1,"all_city_parameter_inputs"))))} -> sd | H74: {=IF(ISBLANK(INDIRECT(ADDRESS(B74,A74,1,1,"all_city_parameter_inputs"))), "--",INDIRECT(ADDRESS(B74,A74,1,1,"all_city_parameter_inputs")))} -> 1.0095764 | I74: =IF(OR(G74="alpha",G74="beta",G74="sd",G74="mean"),"--",VLOOKUP(C74,Default!$B$5:$H$113,7,FALSE)) -> -- | J74: =VLOOKUP(F74,Lookup!$C$5:$D$109,2, FALSE) -> Travel values | K74: =VLOOKUP(C74,Default!$B$4:$E$113,4, FALSE) -> scalar for walking distance, i.e. all walking trips are scaled by this scalar | L74: {=IF(ISNA(VLOOKUP(D74,Grouped_Sources!$C:$C,1,FALSE)),"", INDIRECT(VLOOKUP(D74,Grouped_Sources!$C:$G,5,FALSE)))} -> on OneDrive Ali Abbas - ITHIM Global\Methods and Processes\Input Parameters\DistanceScalars
A75: 3 | B75: 73 | C75: =IF(G75 = "",F75,IF(OR(G75="alpha",G75="beta",G75="constant",G75="sd",G75="mean",G75="sample"),F75,F75&" "&G75)) -> distance_scalar_cycling | D75: =F75&"_"&E75 -> distance_scalar_cycling_accra | E75: {=INDIRECT(ADDRESS(1,A75,1,1,"all_city_parameter_inputs"))} -> accra | F75: {=IF(AND(ISBLANK(INDIRECT(ADDRESS(B75,2,1,1,"all_city_parameter_inputs"))), ISBLANK(INDIRECT(ADDRESS(B75,1,1,1,"all_city_parameter_inputs")))), "", IF(ISBLANK(INDIRECT(ADDRESS(B75,1,1,1,"all_city_parameter_inputs"))), All_city_list!F74,INDIRECT(ADDRESS(B75,1,1,1,"all_city_parameter_inputs"))))} -> distance_scalar_cycling | G75: {=IF(AND(ISBLANK(INDIRECT(ADDRESS(B75,3,1,1,"all_city_parameter_inputs"))),ISBLANK(INDIRECT(ADDRESS(B75,2,1,1,"all_city_parameter_inputs")))),"",IF(ISBLANK(INDIRECT(ADDRESS(B75,2,1,1,"all_city_parameter_inputs"))),"",INDIRECT(ADDRESS(B75,2,1,1,"all_city_parameter_inputs"))))} -> constant | H75: {=IF(ISBLANK(INDIRECT(ADDRESS(B75,A75,1,1,"all_city_parameter_inputs"))), "--",INDIRECT(ADDRESS(B75,A75,1,1,"all_city_parameter_inputs")))} -> 1 | I75: =IF(OR(G75="alpha",G75="beta",G75="sd",G75="mean"),"--",VLOOKUP(C75,Default!$B$5:$H$113,7,FALSE)) -> 1 | J75: =VLOOKUP(F75,Lookup!$C$5:$D$109,2, FALSE) -> Travel values | K75: =VLOOKUP(C75,Default!$B$4:$E$113,4, FALSE) -> scalar for cycling distance, i.e. all cycling trips are scaled by this scalar | L75: on OneDrive Ali Abbas - ITHIM Global\Methods and Processes\Input Parameters\DistanceScalars
A76: 3 | B76: 74 | C76: =IF(G76 = "",F76,IF(OR(G76="alpha",G76="beta",G76="constant",G76="sd",G76="mean",G76="sample"),F76,F76&" "&G76)) -> distance_scalar_cycling | D76: =F76&"_"&E76 -> distance_scalar_cycling_accra | E76: {=INDIRECT(ADDRESS(1,A76,1,1,"all_city_parameter_inputs"))} -> accra | F76: {=IF(AND(ISBLANK(INDIRECT(ADDRESS(B76,2,1,1,"all_city_parameter_inputs"))), ISBLANK(INDIRECT(ADDRESS(B76,1,1,1,"all_city_parameter_inputs")))), "", IF(ISBLANK(INDIRECT(ADDRESS(B76,1,1,1,"all_city_parameter_inputs"))), All_city_list!F75,INDIRECT(ADDRESS(B76,1,1,1,"all_city_parameter_inputs"))))} -> distance_scalar_cycling | G76: {=IF(AND(ISBLANK(INDIRECT(ADDRESS(B76,3,1,1,"all_city_parameter_inputs"))),ISBLANK(INDIRECT(ADDRESS(B76,2,1,1,"all_city_parameter_inputs")))),"",IF(ISBLANK(INDIRECT(ADDRESS(B76,2,1,1,"all_city_parameter_inputs"))),"",INDIRECT(ADDRESS(B76,2,1,1,"all_city_parameter_inputs"))))} -> mean | H76: {=IF(ISBLANK(INDIRECT(ADDRESS(B76,A76,1,1,"all_city_parameter_inputs"))), "--",INDIRECT(ADDRESS(B76,A76,1,1,"all_city_parameter_inputs")))} -> 0.9983027 | I76: =IF(OR(G76="alpha",G76="beta",G76="sd",G76="mean"),"--",VLOOKUP(C76,Default!$B$5:$H$113,7,FALSE)) -> -- | J76: =VLOOKUP(F76,Lookup!$C$5:$D$109,2, FALSE) -> Travel values | K76: =VLOOKUP(C76,Default!$B$4:$E$113,4, FALSE) -> scalar for cycling distance, i.e. all cycling trips are scaled by this scalar | L76: {=IF(ISNA(VLOOKUP(D76,Grouped_Sources!$C:$C,1,FALSE)),"", INDIRECT(VLOOKUP(D76,Grouped_Sources!$C:$G,5,FALSE)))} -> on OneDrive Ali Abbas - ITHIM Global\Methods and Processes\Input Parameters\DistanceScalars
A77: 3 | B77: 75 | C77: =IF(G77 = "",F77,IF(OR(G77="alpha",G77="beta",G77="constant",G77="sd",G77="mean",G77="sample"),F77,F77&" "&G77)) -> distance_scalar_cycling | D77: =F77&"_"&E77 -> distance_scalar_cycling_accra | E77: {=INDIRECT(ADDRESS(1,A77,1,1,"all_city_parameter_inputs"))} -> accra | F77: {=IF(AND(ISBLANK(INDIRECT(ADDRESS(B77,2,1,1,"all_city_parameter_inputs"))), ISBLANK(INDIRECT(ADDRESS(B77,1,1,1,"all_city_parameter_inputs")))), "", IF(ISBLANK(INDIRECT(ADDRESS(B77,1,1,1,"all_city_parameter_inputs"))), All_city_list!F76,INDIRECT(ADDRESS(B77,1,1,1,"all_city_parameter_inputs"))))} -> distance_scalar_cycling | G77: {=IF(AND(ISBLANK(INDIRECT(ADDRESS(B77,3,1,1,"all_city_parameter_inputs"))),ISBLANK(INDIRECT(ADDRESS(B77,2,1,1,"all_city_parameter_inputs")))),"",IF(ISBLANK(INDIRECT(ADDRESS(B77,2,1,1,"all_city_parameter_inputs"))),"",INDIRECT(ADDRESS(B77,2,1,1,"all_city_parameter_inputs"))))} -> sd | H77: {=IF(ISBLANK(INDIRECT(ADDRESS(B77,A77,1,1,"all_city_parameter_inputs"))), "--",INDIRECT(ADDRESS(B77,A77,1,1,"all_city_parameter_inputs")))} -> 1.0600202 | I77: =IF(OR(G77="alpha",G77="beta",G77="sd",G77="mean"),"--",VLOOKUP(C77,Default!$B$5:$H$113,7,FALSE)) -> -- | J77: =VLOOKUP(F77,Lookup!$C$5:$D$109,2, FALSE) -> Travel values | K77: =VLOOKUP(C77,Default!$B$4:$E$113,4, FALSE) -> scalar for cycling distance, i.e. all cycling trips are scaled by this scalar | L77: {=IF(ISNA(VLOOKUP(D77,Grouped_Sources!$C:$C,1,FALSE)),"", INDIRECT(VLOOKUP(D77,Grouped_Sources!$C:$G,5,FALSE)))} -> on OneDrive Ali Abbas - ITHIM Global\Methods and Processes\Input Parameters\DistanceScalars
A78: 3 | B78: 76 | C78: =IF(G78 = "",F78,IF(OR(G78="alpha",G78="beta",G78="constant",G78="sd",G78="mean",G78="sample"),F78,F78&" "&G78)) -> CO2_emission_inventories motorcycle | D78: =F78&"_"&E78 -> CO2_emission_inventories_accra | E78: {=INDIRECT(ADDRESS(1,A78,1,1,"all_city_parameter_inputs"))} -> accra | F78: {=IF(AND(ISBLANK(INDIRECT(ADDRESS(B78,2,1,1,"all_city_parameter_inputs"))), ISBLANK(INDIRECT(ADDRESS(B78,1,1,1,"all_city_parameter_inputs")))), "", IF(ISBLANK(INDIRECT(ADDRESS(B78,1,1,1,"all_city_parameter_inputs"))), All_city_list!F77,INDIRECT(ADDRESS(B78,1,1,1,"all_city_parameter_inputs"))))} -> CO2_emission_inventories | G78: {=IF(AND(ISBLANK(INDIRECT(ADDRESS(B78,3,1,1,"all_city_parameter_inputs"))),ISBLANK(INDIRECT(ADDRESS(B78,2,1,1,"all_city_parameter_inputs")))),"",IF(ISBLANK(INDIRECT(ADDRESS(B78,2,1,1,"all_city_parameter_inputs"))),"",INDIRECT(ADDRESS(B78,2,1,1,"all_city_parameter_inputs"))))} -> motorcycle | H78: {=IF(ISBLANK(INDIRECT(ADDRESS(B78,A78,1,1,"all_city_parameter_inputs"))), "--",INDIRECT(ADDRESS(B78,A78,1,1,"all_city_parameter_inputs")))} -> 2095 | I78: =IF(OR(G78="alpha",G78="beta",G78="sd",G78="mean"),"--",VLOOKUP(C78,Default!$B$5:$H$113,7,FALSE)) -> 30033.572 | J78: =VLOOKUP(F78,Lookup!$C$5:$D$109,2, FALSE) -> Pollution values | K78: =VLOOKUP(C78,Default!$B$4:$E$113,4, FALSE) -> - used to estimate the CO2 for scenarios (function "scenario_co2_calculations"). - used to create the VEHICLE_INVENTORY, with speeds, PM and CO2 emissions (function "set_vehicle_inventory"). | L78: {=IF(ISNA(VLOOKUP(D78,Grouped_Sources!$C:$C,1,FALSE)),"", INDIRECT(VLOOKUP(D78,Grouped_Sources!$C:$G,4,FALSE)))}
A79: 3 | B79: 77 | C79: =IF(G79 = "",F79,IF(OR(G79="alpha",G79="beta",G79="constant",G79="sd",G79="mean",G79="sample"),F79,F79&" "&G79)) -> CO2_emission_inventories car | D79: =F79&"_"&E79 -> CO2_emission_inventories_accra | E79: {=INDIRECT(ADDRESS(1,A79,1,1,"all_city_parameter_inputs"))} -> accra | F79: {=IF(AND(ISBLANK(INDIRECT(ADDRESS(B79,2,1,1,"all_city_parameter_inputs"))), ISBLANK(INDIRECT(ADDRESS(B79,1,1,1,"all_city_parameter_inputs")))), "", IF(ISBLANK(INDIRECT(ADDRESS(B79,1,1,1,"all_city_parameter_inputs"))), All_city_list!F78,INDIRECT(ADDRESS(B79,1,1,1,"all_city_parameter_inputs"))))} -> CO2_emission_inventories | G79: {=IF(AND(ISBLANK(INDIRECT(ADDRESS(B79,3,1,1,"all_city_parameter_inputs"))),ISBLANK(INDIRECT(ADDRESS(B79,2,1,1,"all_city_parameter_inputs")))),"",IF(ISBLANK(INDIRECT(ADDRESS(B79,2,1,1,"all_city_parameter_inputs"))),"",INDIRECT(ADDRESS(B79,2,1,1,"all_city_parameter_inputs"))))} -> car | H79: {=IF(ISBLANK(INDIRECT(ADDRESS(B79,A79,1,1,"all_city_parameter_inputs"))), "--",INDIRECT(ADDRESS(B79,A79,1,1,"all_city_parameter_inputs")))} -> 226219 | I79: =IF(OR(G79="alpha",G79="beta",G79="sd",G79="mean"),"--",VLOOKUP(C79,Default!$B$5:$H$113,7,FALSE)) -> 1033377.3 | J79: =VLOOKUP(F79,Lookup!$C$5:$D$109,2, FALSE) -> Pollution values | K79: =VLOOKUP(C79,Default!$B$4:$E$113,4, FALSE) -> 0 | L79: EDGAR but proper documentation still missing
A80: 3 | B80: 78 | C80: =IF(G80 = "",F80,IF(OR(G80="alpha",G80="beta",G80="constant",G80="sd",G80="mean",G80="sample"),F80,F80&" "&G80)) -> CO2_emission_inventories bus_driver | D80: =F80&"_"&E80 -> CO2_emission_inventories_accra | E80: {=INDIRECT(ADDRESS(1,A80,1,1,"all_city_parameter_inputs"))} -> accra | F80: {=IF(AND(ISBLANK(INDIRECT(ADDRESS(B80,2,1,1,"all_city_parameter_inputs"))), ISBLANK(INDIRECT(ADDRESS(B80,1,1,1,"all_city_parameter_inputs")))), "", IF(ISBLANK(INDIRECT(ADDRESS(B80,1,1,1,"all_city_parameter_inputs"))), All_city_list!F79,INDIRECT(ADDRESS(B80,1,1,1,"all_city_parameter_inputs"))))} -> CO2_emission_inventories | G80: {=IF(AND(ISBLANK(INDIRECT(ADDRESS(B80,3,1,1,"all_city_parameter_inputs"))),ISBLANK(INDIRECT(ADDRESS(B80,2,1,1,"all_city_parameter_inputs")))),"",IF(ISBLANK(INDIRECT(ADDRESS(B80,2,1,1,"all_city_parameter_inputs"))),"",INDIRECT(ADDRESS(B80,2,1,1,"all_city_parameter_inputs"))))} -> bus_driver | H80: {=IF(ISBLANK(INDIRECT(ADDRESS(B80,A80,1,1,"all_city_parameter_inputs"))), "--",INDIRECT(ADDRESS(B80,A80,1,1,"all_city_parameter_inputs")))} -> 15951 | I80: =IF(OR(G80="alpha",G80="beta",G80="sd",G80="mean"),"--",VLOOKUP(C80,Default!$B$5:$H$113,7,FALSE)) -> 100429.72 | J80: =VLOOKUP(F80,Lookup!$C$5:$D$109,2, FALSE) -> Pollution values | K80: =VLOOKUP(C80,Default!$B$4:$E$113,4, FALSE) -> 0
A81: 3 | B81: 79 | C81: =IF(G81 = "",F81,IF(OR(G81="alpha",G81="beta",G81="constant",G81="sd",G81="mean",G81="sample"),F81,F81&" "&G81)) -> CO2_emission_inventories big_truck | D81: =F81&"_"&E81 -> CO2_emission_inventories_accra | E81: {=INDIRECT(ADDRESS(1,A81,1,1,"all_city_parameter_inputs"))} -> accra | F81: {=IF(AND(ISBLANK(INDIRECT(ADDRESS(B81,2,1,1,"all_city_parameter_inputs"))), ISBLANK(INDIRECT(ADDRESS(B81,1,1,1,"all_city_parameter_inputs")))), "", IF(ISBLANK(INDIRECT(ADDRESS(B81,1,1,1,"all_city_parameter_inputs"))), All_city_list!F80,INDIRECT(ADDRESS(B81,1,1,1,"all_city_parameter_inputs"))))} -> CO2_emission_inventories | G81: {=IF(AND(ISBLANK(INDIRECT(ADDRESS(B81,3,1,1,"all_city_parameter_inputs"))),ISBLANK(INDIRECT(ADDRESS(B81,2,1,1,"all_city_parameter_inputs")))),"",IF(ISBLANK(INDIRECT(ADDRESS(B81,2,1,1,"all_city_parameter_inputs"))),"",INDIRECT(ADDRESS(B81,2,1,1,"all_city_parameter_inputs"))))} -> big_truck | H81: {=IF(ISBLANK(INDIRECT(ADDRESS(B81,A81,1,1,"all_city_parameter_inputs"))), "--",INDIRECT(ADDRESS(B81,A81,1,1,"all_city_parameter_inputs")))} -> 112887 | I81: =IF(OR(G81="alpha",G81="beta",G81="sd",G81="mean"),"--",VLOOKUP(C81,Default!$B$5:$H$113,7,FALSE)) -> 259655.32 | J81: =VLOOKUP(F81,Lookup!$C$5:$D$109,2, FALSE) -> Pollution values | K81: =VLOOKUP(C81,Default!$B$4:$E$113,4, FALSE) -> 0
A82: 3 | B82: 80 | C82: =IF(G82 = "",F82,IF(OR(G82="alpha",G82="beta",G82="constant",G82="sd",G82="mean",G82="sample"),F82,F82&" "&G82)) -> CO2_emission_inventories truck | D82: =F82&"_"&E82 -> CO2_emission_inventories_accra | E82: {=INDIRECT(ADDRESS(1,A82,1,1,"all_city_parameter_inputs"))} -> accra | F82: {=IF(AND(ISBLANK(INDIRECT(ADDRESS(B82,2,1,1,"all_city_parameter_inputs"))), ISBLANK(INDIRECT(ADDRESS(B82,1,1,1,"all_city_parameter_inputs")))), "", IF(ISBLANK(INDIRECT(ADDRESS(B82,1,1,1,"all_city_parameter_inputs"))), All_city_list!F81,INDIRECT(ADDRESS(B82,1,1,1,"all_city_parameter_inputs"))))} -> CO2_emission_inventories | G82: {=IF(AND(ISBLANK(INDIRECT(ADDRESS(B82,3,1,1,"all_city_parameter_inputs"))),ISBLANK(INDIRECT(ADDRESS(B82,2,1,1,"all_city_parameter_inputs")))),"",IF(ISBLANK(INDIRECT(ADDRESS(B82,2,1,1,"all_city_parameter_inputs"))),"",INDIRECT(ADDRESS(B82,2,1,1,"all_city_parameter_inputs"))))} -> truck | H82: {=IF(ISBLANK(INDIRECT(ADDRESS(B82,A82,1,1,"all_city_parameter_inputs"))), "--",INDIRECT(ADDRESS(B82,A82,1,1,"all_city_parameter_inputs")))} -> 42408 | I82: =IF(OR(G82="alpha",G82="beta",G82="sd",G82="mean"),"--",VLOOKUP(C82,Default!$B$5:$H$113,7,FALSE)) -> 163516.11 | J82: =VLOOKUP(F82,Lookup!$C$5:$D$109,2, FALSE) -> Pollution values | K82: =VLOOKUP(C82,Default!$B$4:$E$113,4, FALSE) -> 0
A83: 3 | B83: 81 | C83: =IF(G83 = "",F83,IF(OR(G83="alpha",G83="beta",G83="constant",G83="sd",G83="mean",G83="sample"),F83,F83&" "&G83)) -> CO2_emission_inventories van | D83: =F83&"_"&E83 -> CO2_emission_inventories_accra | E83: {=INDIRECT(ADDRESS(1,A83,1,1,"all_city_parameter_inputs"))} -> accra | F83: {=IF(AND(ISBLANK(INDIRECT(ADDRESS(B83,2,1,1,"all_city_parameter_inputs"))), ISBLANK(INDIRECT(ADDRESS(B83,1,1,1,"all_city_parameter_inputs")))), "", IF(ISBLANK(INDIRECT(ADDRESS(B83,1,1,1,"all_city_parameter_inputs"))), All_city_list!F82,INDIRECT(ADDRESS(B83,1,1,1,"all_city_parameter_inputs"))))} -> CO2_emission_inventories | G83: {=IF(AND(ISBLANK(INDIRECT(ADDRESS(B83,3,1,1,"all_city_parameter_inputs"))),ISBLANK(INDIRECT(ADDRESS(B83,2,1,1,"all_city_parameter_inputs")))),"",IF(ISBLANK(INDIRECT(ADDRESS(B83,2,1,1,"all_city_parameter_inputs"))),"",INDIRECT(ADDRESS(B83,2,1,1,"all_city_parameter_inputs"))))} -> van | H83: {=IF(ISBLANK(INDIRECT(ADDRESS(B83,A83,1,1,"all_city_parameter_inputs"))), "--",INDIRECT(ADDRESS(B83,A83,1,1,"all_city_parameter_inputs")))} -> -- | I83: =IF(OR(G83="alpha",G83="beta",G83="sd",G83="mean"),"--",VLOOKUP(C83,Default!$B$5:$H$113,7,FALSE)) -> 0 | J83: =VLOOKUP(F83,Lookup!$C$5:$D$109,2, FALSE) -> Pollution values | K83: =VLOOKUP(C83,Default!$B$4:$E$113,4, FALSE) -> 0
A84: 3 | B84: 82 | C84: =IF(G84 = "",F84,IF(OR(G84="alpha",G84="beta",G84="constant",G84="sd",G84="mean",G84="sample"),F84,F84&" "&G84)) -> CO2_emission_inventories other | D84: =F84&"_"&E84 -> CO2_emission_inventories_accra | E84: {=INDIRECT(ADDRESS(1,A84,1,1,"all_city_parameter_inputs"))} -> accra | F84: {=IF(AND(ISBLANK(INDIRECT(ADDRESS(B84,2,1,1,"all_city_parameter_inputs"))), ISBLANK(INDIRECT(ADDRESS(B84,1,1,1,"all_city_parameter_inputs")))), "", IF(ISBLANK(INDIRECT(ADDRESS(B84,1,1,1,"all_city_parameter_inputs"))), All_city_list!F83,INDIRECT(ADDRESS(B84,1,1,1,"all_city_parameter_inputs"))))} -> CO2_emission_inventories | G84: {=IF(AND(ISBLANK(INDIRECT(ADDRESS(B84,3,1,1,"all_city_parameter_inputs"))),ISBLANK(INDIRECT(ADDRESS(B84,2,1,1,"all_city_parameter_inputs")))),"",IF(ISBLANK(INDIRECT(ADDRESS(B84,2,1,1,"all_city_parameter_inputs"))),"",INDIRECT(ADDRESS(B84,2,1,1,"all_city_parameter_inputs"))))} -> other | H84: {=IF(ISBLANK(INDIRECT(ADDRESS(B84,A84,1,1,"all_city_parameter_inputs"))), "--",INDIRECT(ADDRESS(B84,A84,1,1,"all_city_parameter_inputs")))} -> 0 | I84: =IF(OR(G84="alpha",G84="beta",G84="sd",G84="mean"),"--",VLOOKUP(C84,Default!$B$5:$H$113,7,FALSE)) -> 1906.8934 | J84: =VLOOKUP(F84,Lookup!$C$5:$D$109,2, FALSE) -> Pollution values | K84: =VLOOKUP(C84,Default!$B$4:$E$113,4, FALSE) -> 0
A85: 3 | B85: 83 | C85: =IF(G85 = "",F85,IF(OR(G85="alpha",G85="beta",G85="constant",G85="sd",G85="mean",G85="sample"),F85,F85&" "&G85)) -> CO2_emission_inventories taxi | D85: =F85&"_"&E85 -> CO2_emission_inventories_accra | E85: {=INDIRECT(ADDRESS(1,A85,1,1,"all_city_parameter_inputs"))} -> accra | F85: {=IF(AND(ISBLANK(INDIRECT(ADDRESS(B85,2,1,1,"all_city_parameter_inputs"))), ISBLANK(INDIRECT(ADDRESS(B85,1,1,1,"all_city_parameter_inputs")))), "", IF(ISBLANK(INDIRECT(ADDRESS(B85,1,1,1,"all_city_parameter_inputs"))), All_city_list!F84,INDIRECT(ADDRESS(B85,1,1,1,"all_city_parameter_inputs"))))} -> CO2_emission_inventories | G85: {=IF(AND(ISBLANK(INDIRECT(ADDRESS(B85,3,1,1,"all_city_parameter_inputs"))),ISBLANK(INDIRECT(ADDRESS(B85,2,1,1,"all_city_parameter_inputs")))),"",IF(ISBLANK(INDIRECT(ADDRESS(B85,2,1,1,"all_city_parameter_inputs"))),"",INDIRECT(ADDRESS(B85,2,1,1,"all_city_parameter_inputs"))))} -> taxi | H85: {=IF(ISBLANK(INDIRECT(ADDRESS(B85,A85,1,1,"all_city_parameter_inputs"))), "--",INDIRECT(ADDRESS(B85,A85,1,1,"all_city_parameter_inputs")))} -> -- | I85: =IF(OR(G85="alpha",G85="beta",G85="sd",G85="mean"),"--",VLOOKUP(C85,Default!$B$5:$H$113,7,FALSE)) -> 0 | J85: =VLOOKUP(F85,Lookup!$C$5:$D$109,2, FALSE) -> Pollution values | K85: =VLOOKUP(C85,Default!$B$4:$E$113,4, FALSE) -> 0
A86: 3 | B86: 84 | C86: =IF(G86 = "",F86,IF(OR(G86="alpha",G86="beta",G86="constant",G86="sd",G86="mean",G86="sample"),F86,F86&" "&G86)) -> CO2_emission_inventories auto_rickshaw | D86: =F86&"_"&E86 -> CO2_emission_inventories_accra | E86: {=INDIRECT(ADDRESS(1,A86,1,1,"all_city_parameter_inputs"))} -> accra | F86: {=IF(AND(ISBLANK(INDIRECT(ADDRESS(B86,2,1,1,"all_city_parameter_inputs"))), ISBLANK(INDIRECT(ADDRESS(B86,1,1,1,"all_city_parameter_inputs")))), "", IF(ISBLANK(INDIRECT(ADDRESS(B86,1,1,1,"all_city_parameter_inputs"))), All_city_list!F85,INDIRECT(ADDRESS(B86,1,1,1,"all_city_parameter_inputs"))))} -> CO2_emission_inventories | G86: {=IF(AND(ISBLANK(INDIRECT(ADDRESS(B86,3,1,1,"all_city_parameter_inputs"))),ISBLANK(INDIRECT(ADDRESS(B86,2,1,1,"all_city_parameter_inputs")))),"",IF(ISBLANK(INDIRECT(ADDRESS(B86,2,1,1,"all_city_parameter_inputs"))),"",INDIRECT(ADDRESS(B86,2,1,1,"all_city_parameter_inputs"))))} -> auto_rickshaw | H86: {=IF(ISBLANK(INDIRECT(ADDRESS(B86,A86,1,1,"all_city_parameter_inputs"))), "--",INDIRECT(ADDRESS(B86,A86,1,1,"all_city_parameter_inputs")))} -> -- | I86: =IF(OR(G86="alpha",G86="beta",G86="sd",G86="mean"),"--",VLOOKUP(C86,Default!$B$5:$H$113,7,FALSE)) -> 0 | J86: =VLOOKUP(F86,Lookup!$C$5:$D$109,2, FALSE) -> Pollution values | K86: =VLOOKUP(C86,Default!$B$4:$E$113,4, FALSE) -> 0
A87: 3 | B87: 85 | C87: =IF(G87 = "",F87,IF(OR(G87="alpha",G87="beta",G87="constant",G87="sd",G87="mean",G87="sample"),F87,F87&" "&G87)) -> CO2_emission_confidence | D87: =F87&"_"&E87 -> CO2_emission_confidence_accra | E87: {=INDIRECT(ADDRESS(1,A87,1,1,"all_city_parameter_inputs"))} -> accra | F87: {=IF(AND(ISBLANK(INDIRECT(ADDRESS(B87,2,1,1,"all_city_parameter_inputs"))), ISBLANK(INDIRECT(ADDRESS(B87,1,1,1,"all_city_parameter_inputs")))), "", IF(ISBLANK(INDIRECT(ADDRESS(B87,1,1,1,"all_city_parameter_inputs"))), All_city_list!F86,INDIRECT(ADDRESS(B87,1,1,1,"all_city_parameter_inputs"))))} -> CO2_emission_confidence | G87: {=IF(AND(ISBLANK(INDIRECT(ADDRESS(B87,3,1,1,"all_city_parameter_inputs"))),ISBLANK(INDIRECT(ADDRESS(B87,2,1,1,"all_city_parameter_inputs")))),"",IF(ISBLANK(INDIRECT(ADDRESS(B87,2,1,1,"all_city_parameter_inputs"))),"",INDIRECT(ADDRESS(B87,2,1,1,"all_city_parameter_inputs"))))} -> sample | H87: {=IF(ISBLANK(INDIRECT(ADDRESS(B87,A87,1,1,"all_city_parameter_inputs"))), "--",INDIRECT(ADDRESS(B87,A87,1,1,"all_city_parameter_inputs")))} -> 0.8 | I87: =IF(OR(G87="alpha",G87="beta",G87="sd",G87="mean"),"--",VLOOKUP(C87,Default!$B$5:$H$113,7,FALSE)) -> 1 | J87: =VLOOKUP(F87,Lookup!$C$5:$D$109,2, FALSE) -> Pollution values | K87: =VLOOKUP(C87,Default!$B$4:$E$113,4, FALSE) -> how confident we are about the CO2 emissions inventory (equivalent to PM_EMISSION_INVENTORY_CONFIDENCE) | L87: Currently copy of PM emission confidence
A88: 3 | B88: 86 | C88: =IF(G88 = "",F88,IF(OR(G88="alpha",G88="beta",G88="constant",G88="sd",G88="mean",G88="sample"),F88,F88&" "&G88)) -> car_occupancy_ratio | D88: =F88&"_"&E88 -> car_occupancy_ratio_accra | E88: {=INDIRECT(ADDRESS(1,A88,1,1,"all_city_parameter_inputs"))} -> accra | F88: {=IF(AND(ISBLANK(INDIRECT(ADDRESS(B88,2,1,1,"all_city_parameter_inputs"))), ISBLANK(INDIRECT(ADDRESS(B88,1,1,1,"all_city_parameter_inputs")))), "", IF(ISBLANK(INDIRECT(ADDRESS(B88,1,1,1,"all_city_parameter_inputs"))), All_city_list!F87,INDIRECT(ADDRESS(B88,1,1,1,"all_city_parameter_inputs"))))} -> car_occupancy_ratio | G88: {=IF(AND(ISBLANK(INDIRECT(ADDRESS(B88,3,1,1,"all_city_parameter_inputs"))),ISBLANK(INDIRECT(ADDRESS(B88,2,1,1,"all_city_parameter_inputs")))),"",IF(ISBLANK(INDIRECT(ADDRESS(B88,2,1,1,"all_city_parameter_inputs"))),"",INDIRECT(ADDRESS(B88,2,1,1,"all_city_parameter_inputs"))))} -> constant | H88: {=IF(ISBLANK(INDIRECT(ADDRESS(B88,A88,1,1,"all_city_parameter_inputs"))), "--",INDIRECT(ADDRESS(B88,A88,1,1,"all_city_parameter_inputs")))} -> 0.55248619 | I88: =IF(OR(G88="alpha",G88="beta",G88="sd",G88="mean"),"--",VLOOKUP(C88,Default!$B$5:$H$113,7,FALSE)) -> 0.625 | J88: =VLOOKUP(F88,Lookup!$C$5:$D$109,2, FALSE) -> Travel values | K88: =VLOOKUP(C88,Default!$B$4:$E$113,4, FALSE) -> ratio of cars to passengers (incl driver) | L88: CarOccupancyRatio_vxx.docx on on OneDrive Ali Abbas - ITHIM Global\Methods and Processes\Input Parameters\CarOccupancyRate
A89: 3 | B89: 87 | C89: =IF(G89 = "",F89,IF(OR(G89="alpha",G89="beta",G89="constant",G89="sd",G89="mean",G89="sample"),F89,F89&" "&G89)) -> car_occupancy_ratio | D89: =F89&"_"&E89 -> car_occupancy_ratio_accra | E89: {=INDIRECT(ADDRESS(1,A89,1,1,"all_city_parameter_inputs"))} -> accra | F89: {=IF(AND(ISBLANK(INDIRECT(ADDRESS(B89,2,1,1,"all_city_parameter_inputs"))), ISBLANK(INDIRECT(ADDRESS(B89,1,1,1,"all_city_parameter_inputs")))), "", IF(ISBLANK(INDIRECT(ADDRESS(B89,1,1,1,"all_city_parameter_inputs"))), All_city_list!F88,INDIRECT(ADDRESS(B89,1,1,1,"all_city_parameter_inputs"))))} -> car_occupancy_ratio | G89: {=IF(AND(ISBLANK(INDIRECT(ADDRESS(B89,3,1,1,"all_city_parameter_inputs"))),ISBLANK(INDIRECT(ADDRESS(B89,2,1,1,"all_city_parameter_inputs")))),"",IF(ISBLANK(INDIRECT(ADDRESS(B89,2,1,1,"all_city_parameter_inputs"))),"",INDIRECT(ADDRESS(B89,2,1,1,"all_city_parameter_inputs"))))} -> alpha | H89: {=IF(ISBLANK(INDIRECT(ADDRESS(B89,A89,1,1,"all_city_parameter_inputs"))), "--",INDIRECT(ADDRESS(B89,A89,1,1,"all_city_parameter_inputs")))} -> 10.710069 | I89: =IF(OR(G89="alpha",G89="beta",G89="sd",G89="mean"),"--",VLOOKUP(C89,Default!$B$5:$H$113,7,FALSE)) -> -- | J89: =VLOOKUP(F89,Lookup!$C$5:$D$109,2, FALSE) -> Travel values | K89: =VLOOKUP(C89,Default!$B$4:$E$113,4, FALSE) -> ratio of cars to passengers (incl driver) | L89: {=IF(ISNA(VLOOKUP(D89,Grouped_Sources!$C:$C,1,FALSE)),"", INDIRECT(VLOOKUP(D89,Grouped_Sources!$C:$G,5,FALSE)))} -> CarOccupancyRatio_vxx.docx on on OneDrive Ali Abbas - ITHIM Global\Methods and Processes\Input Parameters\CarOccupancyRate
A90: 3 | B90: 88 | C90: =IF(G90 = "",F90,IF(OR(G90="alpha",G90="beta",G90="constant",G90="sd",G90="mean",G90="sample"),F90,F90&" "&G90)) -> car_occupancy_ratio | D90: =F90&"_"&E90 -> car_occupancy_ratio_accra | E90: {=INDIRECT(ADDRESS(1,A90,1,1,"all_city_parameter_inputs"))} -> accra | F90: {=IF(AND(ISBLANK(INDIRECT(ADDRESS(B90,2,1,1,"all_city_parameter_inputs"))), ISBLANK(INDIRECT(ADDRESS(B90,1,1,1,"all_city_parameter_inputs")))), "", IF(ISBLANK(INDIRECT(ADDRESS(B90,1,1,1,"all_city_parameter_inputs"))), All_city_list!F89,INDIRECT(ADDRESS(B90,1,1,1,"all_city_parameter_inputs"))))} -> car_occupancy_ratio | G90: {=IF(AND(ISBLANK(INDIRECT(ADDRESS(B90,3,1,1,"all_city_parameter_inputs"))),ISBLANK(INDIRECT(ADDRESS(B90,2,1,1,"all_city_parameter_inputs")))),"",IF(ISBLANK(INDIRECT(ADDRESS(B90,2,1,1,"all_city_parameter_inputs"))),"",INDIRECT(ADDRESS(B90,2,1,1,"all_city_parameter_inputs"))))} -> beta | H90: {=IF(ISBLANK(INDIRECT(ADDRESS(B90,A90,1,1,"all_city_parameter_inputs"))), "--",INDIRECT(ADDRESS(B90,A90,1,1,"all_city_parameter_inputs")))} -> 8.6751559 | I90: =IF(OR(G90="alpha",G90="beta",G90="sd",G90="mean"),"--",VLOOKUP(C90,Default!$B$5:$H$113,7,FALSE)) -> -- | J90: =VLOOKUP(F90,Lookup!$C$5:$D$109,2, FALSE) -> Travel values | K90: =VLOOKUP(C90,Default!$B$4:$E$113,4, FALSE) -> ratio of cars to passengers (incl driver) | L90: {=IF(ISNA(VLOOKUP(D90,Grouped_Sources!$C:$C,1,FALSE)),"", INDIRECT(VLOOKUP(D90,Grouped_Sources!$C:$G,5,FALSE)))} -> CarOccupancyRatio_vxx.docx on on OneDrive Ali Abbas - ITHIM Global\Methods and Processes\Input Parameters\CarOccupancyRate
A91: 3 | B91: 89 | C91: =IF(G91 = "",F91,IF(OR(G91="alpha",G91="beta",G91="constant",G91="sd",G91="mean",G91="sample"),F91,F91&" "&G91)) -> country | D91: =F91&"_"&E91 -> country_accra | E91: {=INDIRECT(ADDRESS(1,A91,1,1,"all_city_parameter_inputs"))} -> accra | F91: {=IF(AND(ISBLANK(INDIRECT(ADDRESS(B91,2,1,1,"all_city_parameter_inputs"))), ISBLANK(INDIRECT(ADDRESS(B91,1,1,1,"all_city_parameter_inputs")))), "", IF(ISBLANK(INDIRECT(ADDRESS(B91,1,1,1,"all_city_parameter_inputs"))), All_city_list!F90,INDIRECT(ADDRESS(B91,1,1,1,"all_city_parameter_inputs"))))} -> country | G91: {=IF(AND(ISBLANK(INDIRECT(ADDRESS(B91,3,1,1,"all_city_parameter_inputs"))),ISBLANK(INDIRECT(ADDRESS(B91,2,1,1,"all_city_parameter_inputs")))),"",IF(ISBLANK(INDIRECT(ADDRESS(B91,2,1,1,"all_city_parameter_inputs"))),"",INDIRECT(ADDRESS(B91,2,1,1,"all_city_parameter_inputs"))))} | H91: {=IF(ISBLANK(INDIRECT(ADDRESS(B91,A91,1,1,"all_city_parameter_inputs"))), "--",INDIRECT(ADDRESS(B91,A91,1,1,"all_city_parameter_inputs")))} -> Ghana | I91: =IF(OR(G91="alpha",G91="beta",G91="sd",G91="mean"),"--",VLOOKUP(C91,Default!$B$5:$H$113,7,FALSE)) -> Bogota | J91: =VLOOKUP(F91,Lookup!$C$5:$D$109,2, FALSE) -> Miscellaneous | K91: =VLOOKUP(C91,Default!$B$4:$E$113,4, FALSE) -> country where city lies in | L91: {=IF(ISNA(VLOOKUP(D91,Grouped_Sources!$C:$C,1,FALSE)),"", INDIRECT(VLOOKUP(D91,Grouped_Sources!$C:$G,5,FALSE)))}
A92: 3 | B92: 90 | C92: =IF(G92 = "",F92,IF(OR(G92="alpha",G92="beta",G92="constant",G92="sd",G92="mean",G92="sample"),F92,F92&" "&G92)) -> continent | D92: =F92&"_"&E92 -> continent_accra | E92: {=INDIRECT(ADDRESS(1,A92,1,1,"all_city_parameter_inputs"))} -> accra | F92: {=IF(AND(ISBLANK(INDIRECT(ADDRESS(B92,2,1,1,"all_city_parameter_inputs"))), ISBLANK(INDIRECT(ADDRESS(B92,1,1,1,"all_city_parameter_inputs")))), "", IF(ISBLANK(INDIRECT(ADDRESS(B92,1,1,1,"all_city_parameter_inputs"))), All_city_list!F91,INDIRECT(ADDRESS(B92,1,1,1,"all_city_parameter_inputs"))))} -> continent | G92: {=IF(AND(ISBLANK(INDIRECT(ADDRESS(B92,3,1,1,"all_city_parameter_inputs"))),ISBLANK(INDIRECT(ADDRESS(B92,2,1,1,"all_city_parameter_inputs")))),"",IF(ISBLANK(INDIRECT(ADDRESS(B92,2,1,1,"all_city_parameter_inputs"))),"",INDIRECT(ADDRESS(B92,2,1,1,"all_city_parameter_inputs"))))} | H92: {=IF(ISBLANK(INDIRECT(ADDRESS(B92,A92,1,1,"all_city_parameter_inputs"))), "--",INDIRECT(ADDRESS(B92,A92,1,1,"all_city_parameter_inputs")))} -> Africa | I92: =IF(OR(G92="alpha",G92="beta",G92="sd",G92="mean"),"--",VLOOKUP(C92,Default!$B$5:$H$113,7,FALSE)) -> Latin_America | J92: =VLOOKUP(F92,Lookup!$C$5:$D$109,2, FALSE) -> Miscellaneous | K92: =VLOOKUP(C92,Default!$B$4:$E$113,4, FALSE) -> continent | L92: {=IF(ISNA(VLOOKUP(D92,Grouped_Sources!$C:$C,1,FALSE)),"", INDIRECT(VLOOKUP(D92,Grouped_Sources!$C:$G,5,FALSE)))}
A93: 3 | B93: 91 | C93: =IF(G93 = "",F93,IF(OR(G93="alpha",G93="beta",G93="constant",G93="sd",G93="mean",G93="sample"),F93,F93&" "&G93)) -> bus_driver_prop_male | D93: =F93&"_"&E93 -> bus_driver_prop_male_accra | E93: {=INDIRECT(ADDRESS(1,A93,1,1,"all_city_parameter_inputs"))} -> accra | F93: {=IF(AND(ISBLANK(INDIRECT(ADDRESS(B93,2,1,1,"all_city_parameter_inputs"))), ISBLANK(INDIRECT(ADDRESS(B93,1,1,1,"all_city_parameter_inputs")))), "", IF(ISBLANK(INDIRECT(ADDRESS(B93,1,1,1,"all_city_parameter_inputs"))), All_city_list!F92,INDIRECT(ADDRESS(B93,1,1,1,"all_city_parameter_inputs"))))} -> bus_driver_prop_male | G93: {=IF(AND(ISBLANK(INDIRECT(ADDRESS(B93,3,1,1,"all_city_parameter_inputs"))),ISBLANK(INDIRECT(ADDRESS(B93,2,1,1,"all_city_parameter_inputs")))),"",IF(ISBLANK(INDIRECT(ADDRESS(B93,2,1,1,"all_city_parameter_inputs"))),"",INDIRECT(ADDRESS(B93,2,1,1,"all_city_parameter_inputs"))))} | H93: {=IF(ISBLANK(INDIRECT(ADDRESS(B93,A93,1,1,"all_city_parameter_inputs"))), "--",INDIRECT(ADDRESS(B93,A93,1,1,"all_city_parameter_inputs")))} -> 0.99 | I93: =IF(OR(G93="alpha",G93="beta",G93="sd",G93="mean"),"--",VLOOKUP(C93,Default!$B$5:$H$113,7,FALSE)) -> 0.98 | J93: =VLOOKUP(F93,Lookup!$C$5:$D$109,2, FALSE) -> Travel values | K93: =VLOOKUP(C93,Default!$B$4:$E$113,4, FALSE) -> proportion of bus drivers that are male | L93: on OneDrive Ali Abbas - ITHIM Global\Methods and Processes\Input Parameters\GhostTrip_demographics
A94: 3 | B94: 92 | C94: =IF(G94 = "",F94,IF(OR(G94="alpha",G94="beta",G94="constant",G94="sd",G94="mean",G94="sample"),F94,F94&" "&G94)) -> bus_driver_male_agerange | D94: =F94&"_"&E94 -> bus_driver_male_agerange_accra | E94: {=INDIRECT(ADDRESS(1,A94,1,1,"all_city_parameter_inputs"))} -> accra | F94: {=IF(AND(ISBLANK(INDIRECT(ADDRESS(B94,2,1,1,"all_city_parameter_inputs"))), ISBLANK(INDIRECT(ADDRESS(B94,1,1,1,"all_city_parameter_inputs")))), "", IF(ISBLANK(INDIRECT(ADDRESS(B94,1,1,1,"all_city_parameter_inputs"))), All_city_list!F93,INDIRECT(ADDRESS(B94,1,1,1,"all_city_parameter_inputs"))))} -> bus_driver_male_agerange | G94: {=IF(AND(ISBLANK(INDIRECT(ADDRESS(B94,3,1,1,"all_city_parameter_inputs"))),ISBLANK(INDIRECT(ADDRESS(B94,2,1,1,"all_city_parameter_inputs")))),"",IF(ISBLANK(INDIRECT(ADDRESS(B94,2,1,1,"all_city_parameter_inputs"))),"",INDIRECT(ADDRESS(B94,2,1,1,"all_city_parameter_inputs"))))} | H94: {=IF(ISBLANK(INDIRECT(ADDRESS(B94,A94,1,1,"all_city_parameter_inputs"))), "--",INDIRECT(ADDRESS(B94,A94,1,1,"all_city_parameter_inputs")))} -> 18, 65 | I94: =IF(OR(G94="alpha",G94="beta",G94="sd",G94="mean"),"--",VLOOKUP(C94,Default!$B$5:$H$113,7,FALSE)) -> 19, 65 | J94: =VLOOKUP(F94,Lookup!$C$5:$D$109,2, FALSE) -> Travel values | K94: =VLOOKUP(C94,Default!$B$4:$E$113,4, FALSE) -> age range of male bus drivers | L94: on OneDrive Ali Abbas - ITHIM Global\Methods and Processes\Input Parameters\GhostTrip_demographics
A95: 3 | B95: 93 | C95: =IF(G95 = "",F95,IF(OR(G95="alpha",G95="beta",G95="constant",G95="sd",G95="mean",G95="sample"),F95,F95&" "&G95)) -> bus_driver_female_agerange | D95: =F95&"_"&E95 -> bus_driver_female_agerange_accra | E95: {=INDIRECT(ADDRESS(1,A95,1,1,"all_city_parameter_inputs"))} -> accra | F95: {=IF(AND(ISBLANK(INDIRECT(ADDRESS(B95,2,1,1,"all_city_parameter_inputs"))), ISBLANK(INDIRECT(ADDRESS(B95,1,1,1,"all_city_parameter_inputs")))), "", IF(ISBLANK(INDIRECT(ADDRESS(B95,1,1,1,"all_city_parameter_inputs"))), All_city_list!F94,INDIRECT(ADDRESS(B95,1,1,1,"all_city_parameter_inputs"))))} -> bus_driver_female_agerange | G95: {=IF(AND(ISBLANK(INDIRECT(ADDRESS(B95,3,1,1,"all_city_parameter_inputs"))),ISBLANK(INDIRECT(ADDRESS(B95,2,1,1,"all_city_parameter_inputs")))),"",IF(ISBLANK(INDIRECT(ADDRESS(B95,2,1,1,"all_city_parameter_inputs"))),"",INDIRECT(ADDRESS(B95,2,1,1,"all_city_parameter_inputs"))))} | H95: {=IF(ISBLANK(INDIRECT(ADDRESS(B95,A95,1,1,"all_city_parameter_inputs"))), "--",INDIRECT(ADDRESS(B95,A95,1,1,"all_city_parameter_inputs")))} -> 18, 65 | I95: =IF(OR(G95="alpha",G95="beta",G95="sd",G95="mean"),"--",VLOOKUP(C95,Default!$B$5:$H$113,7,FALSE)) -> 19, 65 | J95: =VLOOKUP(F95,Lookup!$C$5:$D$109,2, FALSE) -> Travel values | K95: =VLOOKUP(C95,Default!$B$4:$E$113,4, FALSE) -> age range of female bus drivers | L95: on OneDrive Ali Abbas - ITHIM Global\Methods and Processes\Input Parameters\GhostTrip_demographics
A96: 3 | B96: 94 | C96: =IF(G96 = "",F96,IF(OR(G96="alpha",G96="beta",G96="constant",G96="sd",G96="mean",G96="sample"),F96,F96&" "&G96)) -> truck_driver_prop_male | D96: =F96&"_"&E96 -> truck_driver_prop_male_accra | E96: {=INDIRECT(ADDRESS(1,A96,1,1,"all_city_parameter_inputs"))} -> accra | F96: {=IF(AND(ISBLANK(INDIRECT(ADDRESS(B96,2,1,1,"all_city_parameter_inputs"))), ISBLANK(INDIRECT(ADDRESS(B96,1,1,1,"all_city_parameter_inputs")))), "", IF(ISBLANK(INDIRECT(ADDRESS(B96,1,1,1,"all_city_parameter_inputs"))), All_city_list!F95,INDIRECT(ADDRESS(B96,1,1,1,"all_city_parameter_inputs"))))} -> truck_driver_prop_male | G96: {=IF(AND(ISBLANK(INDIRECT(ADDRESS(B96,3,1,1,"all_city_parameter_inputs"))),ISBLANK(INDIRECT(ADDRESS(B96,2,1,1,"all_city_parameter_inputs")))),"",IF(ISBLANK(INDIRECT(ADDRESS(B96,2,1,1,"all_city_parameter_inputs"))),"",INDIRECT(ADDRESS(B96,2,1,1,"all_city_parameter_inputs"))))} | H96: {=IF(ISBLANK(INDIRECT(ADDRESS(B96,A96,1,1,"all_city_parameter_inputs"))), "--",INDIRECT(ADDRESS(B96,A96,1,1,"all_city_parameter_inputs")))} -> 0.99 | I96: =IF(OR(G96="alpha",G96="beta",G96="sd",G96="mean"),"--",VLOOKUP(C96,Default!$B$5:$H$113,7,FALSE)) -> 0.98 | J96: =VLOOKUP(F96,Lookup!$C$5:$D$109,2, FALSE) -> Travel values | K96: =VLOOKUP(C96,Default!$B$4:$E$113,4, FALSE) -> proportion of male truck drivers | L96: on OneDrive Ali Abbas - ITHIM Global\Methods and Processes\Input Parameters\GhostTrip_demographics
A97: 3 | B97: 95 | C97: =IF(G97 = "",F97,IF(OR(G97="alpha",G97="beta",G97="constant",G97="sd",G97="mean",G97="sample"),F97,F97&" "&G97)) -> truck_driver_male_agerange | D97: =F97&"_"&E97 -> truck_driver_male_agerange_accra | E97: {=INDIRECT(ADDRESS(1,A97,1,1,"all_city_parameter_inputs"))} -> accra | F97: {=IF(AND(ISBLANK(INDIRECT(ADDRESS(B97,2,1,1,"all_city_parameter_inputs"))), ISBLANK(INDIRECT(ADDRESS(B97,1,1,1,"all_city_parameter_inputs")))), "", IF(ISBLANK(INDIRECT(ADDRESS(B97,1,1,1,"all_city_parameter_inputs"))), All_city_list!F96,INDIRECT(ADDRESS(B97,1,1,1,"all_city_parameter_inputs"))))} -> truck_driver_male_agerange | G97: {=IF(AND(ISBLANK(INDIRECT(ADDRESS(B97,3,1,1,"all_city_parameter_inputs"))),ISBLANK(INDIRECT(ADDRESS(B97,2,1,1,"all_city_parameter_inputs")))),"",IF(ISBLANK(INDIRECT(ADDRESS(B97,2,1,1,"all_city_parameter_inputs"))),"",INDIRECT(ADDRESS(B97,2,1,1,"all_city_parameter_inputs"))))} | H97: {=IF(ISBLANK(INDIRECT(ADDRESS(B97,A97,1,1,"all_city_parameter_inputs"))), "--",INDIRECT(ADDRESS(B97,A97,1,1,"all_city_parameter_inputs")))} -> 18, 65 | I97: =IF(OR(G97="alpha",G97="beta",G97="sd",G97="mean"),"--",VLOOKUP(C97,Default!$B$5:$H$113,7,FALSE)) -> 18, 65 | J97: =VLOOKUP(F97,Lookup!$C$5:$D$109,2, FALSE) -> Travel values | K97: =VLOOKUP(C97,Default!$B$4:$E$113,4, FALSE) -> age range of male truck drivers | L97: on OneDrive Ali Abbas - ITHIM Global\Methods and Processes\Input Parameters\GhostTrip_demographics
A98: 3 | B98: 96 | C98: =IF(G98 = "",F98,IF(OR(G98="alpha",G98="beta",G98="constant",G98="sd",G98="mean",G98="sample"),F98,F98&" "&G98)) -> truck_driver_female_agerange | D98: =F98&"_"&E98 -> truck_driver_female_agerange_accra | E98: {=INDIRECT(ADDRESS(1,A98,1,1,"all_city_parameter_inputs"))} -> accra | F98: {=IF(AND(ISBLANK(INDIRECT(ADDRESS(B98,2,1,1,"all_city_parameter_inputs"))), ISBLANK(INDIRECT(ADDRESS(B98,1,1,1,"all_city_parameter_inputs")))), "", IF(ISBLANK(INDIRECT(ADDRESS(B98,1,1,1,"all_city_parameter_inputs"))), All_city_list!F97,INDIRECT(ADDRESS(B98,1,1,1,"all_city_parameter_inputs"))))} -> truck_driver_female_agerange | G98: {=IF(AND(ISBLANK(INDIRECT(ADDRESS(B98,3,1,1,"all_city_parameter_inputs"))),ISBLANK(INDIRECT(ADDRESS(B98,2,1,1,"all_city_parameter_inputs")))),"",IF(ISBLANK(INDIRECT(ADDRESS(B98,2,1,1,"all_city_parameter_inputs"))),"",INDIRECT(ADDRESS(B98,2,1,1,"all_city_parameter_inputs"))))} | H98: {=IF(ISBLANK(INDIRECT(ADDRESS(B98,A98,1,1,"all_city_parameter_inputs"))), "--",INDIRECT(ADDRESS(B98,A98,1,1,"all_city_parameter_inputs")))} -> 18, 65 | I98: =IF(OR(G98="alpha",G98="beta",G98="sd",G98="mean"),"--",VLOOKUP(C98,Default!$B$5:$H$113,7,FALSE)) -> 18, 65 | J98: =VLOOKUP(F98,Lookup!$C$5:$D$109,2, FALSE) -> Travel values | K98: =VLOOKUP(C98,Default!$B$4:$E$113,4, FALSE) -> age range of female truck drivers | L98: on OneDrive Ali Abbas - ITHIM Global\Methods and Processes\Input Parameters\GhostTrip_demographics
A99: 3 | B99: 97 | C99: =IF(G99 = "",F99,IF(OR(G99="alpha",G99="beta",G99="constant",G99="sd",G99="mean",G99="sample"),F99,F99&" "&G99)) -> commerical_mbike_prop_male | D99: =F99&"_"&E99 -> commerical_mbike_prop_male_accra | E99: {=INDIRECT(ADDRESS(1,A99,1,1,"all_city_parameter_inputs"))} -> accra | F99: {=IF(AND(ISBLANK(INDIRECT(ADDRESS(B99,2,1,1,"all_city_parameter_inputs"))), ISBLANK(INDIRECT(ADDRESS(B99,1,1,1,"all_city_parameter_inputs")))), "", IF(ISBLANK(INDIRECT(ADDRESS(B99,1,1,1,"all_city_parameter_inputs"))), All_city_list!F98,INDIRECT(ADDRESS(B99,1,1,1,"all_city_parameter_inputs"))))} -> commerical_mbike_prop_male | G99: {=IF(AND(ISBLANK(INDIRECT(ADDRESS(B99,3,1,1,"all_city_parameter_inputs"))),ISBLANK(INDIRECT(ADDRESS(B99,2,1,1,"all_city_parameter_inputs")))),"",IF(ISBLANK(INDIRECT(ADDRESS(B99,2,1,1,"all_city_parameter_inputs"))),"",INDIRECT(ADDRESS(B99,2,1,1,"all_city_parameter_inputs"))))} | H99: {=IF(ISBLANK(INDIRECT(ADDRESS(B99,A99,1,1,"all_city_parameter_inputs"))), "--",INDIRECT(ADDRESS(B99,A99,1,1,"all_city_parameter_inputs")))} -> 0.99 | I99: =IF(OR(G99="alpha",G99="beta",G99="sd",G99="mean"),"--",VLOOKUP(C99,Default!$B$5:$H$113,7,FALSE)) -> 0.99 | J99: =VLOOKUP(F99,Lookup!$C$5:$D$109,2, FALSE) -> Travel values | K99: =VLOOKUP(C99,Default!$B$4:$E$113,4, FALSE) -> proportion of male commercial motorcycle drivers | L99: on OneDrive Ali Abbas - ITHIM Global\Methods and Processes\Input Parameters\GhostTrip_demographics
A100: 3 | B100: 98 | C100: =IF(G100 = "",F100,IF(OR(G100="alpha",G100="beta",G100="constant",G100="sd",G100="mean",G100="sample"),F100,F100&" "&G100)) -> commerical_mbike_male_agerange | D100: =F100&"_"&E100 -> commerical_mbike_male_agerange_accra | E100: {=INDIRECT(ADDRESS(1,A100,1,1,"all_city_parameter_inputs"))} -> accra | F100: {=IF(AND(ISBLANK(INDIRECT(ADDRESS(B100,2,1,1,"all_city_parameter_inputs"))), ISBLANK(INDIRECT(ADDRESS(B100,1,1,1,"all_city_parameter_inputs")))), "", IF(ISBLANK(INDIRECT(ADDRESS(B100,1,1,1,"all_city_parameter_inputs"))), All_city_list!F99,INDIRECT(ADDRESS(B100,1,1,1,"all_city_parameter_inputs"))))} -> commerical_mbike_male_agerange | G100: {=IF(AND(ISBLANK(INDIRECT(ADDRESS(B100,3,1,1,"all_city_parameter_inputs"))),ISBLANK(INDIRECT(ADDRESS(B100,2,1,1,"all_city_parameter_inputs")))),"",IF(ISBLANK(INDIRECT(ADDRESS(B100,2,1,1,"all_city_parameter_inputs"))),"",INDIRECT(ADDRESS(B100,2,1,1,"all_city_parameter_inputs"))))} | H100: {=IF(ISBLANK(INDIRECT(ADDRESS(B100,A100,1,1,"all_city_parameter_inputs"))), "--",INDIRECT(ADDRESS(B100,A100,1,1,"all_city_parameter_inputs")))} -> 18, 65 | I100: =IF(OR(G100="alpha",G100="beta",G100="sd",G100="mean"),"--",VLOOKUP(C100,Default!$B$5:$H$113,7,FALSE)) -> 18, 65 | J100: =VLOOKUP(F100,Lookup!$C$5:$D$109,2, FALSE) -> Travel values | K100: =VLOOKUP(C100,Default!$B$4:$E$113,4, FALSE) -> age range of male commercial motorcycle drivers | L100: on OneDrive Ali Abbas - ITHIM Global\Methods and Processes\Input Parameters\GhostTrip_demographics
...

Sheet all_global_parameter_inputs
A1: parameter | B1: detail | C1: global
A2: cycling_met | B2: constant | C2: 6.8
B3: mean
B4: sd
A5: walking_met | B5: constant | C5: 3.5
B6: mean
B7: sd
A8: passenger_met | B8: constant | C8: 1.3
B9: mean
B10: sd
A11: car_driver_met | B11: constant | C11: 2.5
B12: mean
B13: sd
A14: motorcyclist_met | B14: constant | C14: 2.8
B15: mean
B16: sd
A17: sedentary_activity_met | B17: constant | C17: 1.3
B18: mean
B19: sd
A20: light_activity_met | B20: constant | C20: 1.3
B21: mean
B22: sd
A23: moderate_pa_met | B23: constant | C23: 4
B24: mean
B25: sd
A26: vigorous_pa_met | B26: constant | C26: 8
B27: mean
B28: sd
A29: sin_exponent_sum | B29: constant | C29: 1.7
B30: mean | C30: 1.674132
B31: sd | C31: 1.1913884
A32: casualty_exponent_fraction | B32: constant | C32: 0.5
B33: alpha | C33: 12
B34: beta | C34: 12
A35: sin_exponent_sum_nov | B35: constant | C35: 0.9
B36: mean | C36: 0.88775453
B37: sd | C37: 1.1800141
A38: sin_exponent_sum_cycle | B38: constant | C38: 1.55
B39: mean | C39: 1.5217588
B40: sd | C40: 1.2113938
A41: casualty_exponent_fraction_cycle | B41: constant | C41: 0.4516129
B42: alpha | C42: 10.732973
B43: beta | C43: 13.032896
A44: sin_exponent_sum_ped | B44: constant | C44: 1.575
B45: mean | C45: 1.5471832
B46: sd | C46: 1.2077772
A47: casualty_exponent_fraction_ped | B47: constant | C47: 0.46031746
B48: alpha | C48: 10.975133
B49: beta | C49: 12.867397
A50: sin_exponent_sum_veh | B50: constant | C50: 1.525
B51: mean | C51: 1.4963215
B52: sd | C52: 1.2151372
A53: casualty_exponent_fraction_veh | B53: constant | C53: 0.5
B54: alpha | C54: 12
B55: beta | C55: 12
A56: call_individual_sin | C56: T
A57: add_truck_drivers | C57: T
A58: add_bus_drivers | C58: T
A59: add_car_drivers | C59: T
A60: pa_dr_quantile_city1 | C60: T
A61: ap_dr_quantile_city1 | C61: T
A62: min_age | C62: 15
A63: max_age | C63: 69
A64: dist_cat | C64: 0-2 km, 2-6 km, 6+ km
A65: outcome_age_min | C65: 15, 50
A66: outcome_age_max | C66: 49, 69
A67: outcome_age_groups | C67: 15-49, 50-69
A68: minimum_pt_time | C68: 3
A69: moderate_pa_contribution | C69: 0.5

Sheet All_global_list
B4: Default lookup | C4: Parameter | D4: Detail | E4: Value | F4: Default value | G4: Classification | H4: Description | I4: Location of data (e.g. in v-drive, web link) | J4: Source of data | K4: Comments
B5: cycling_met | C5: =IF(all_global_parameter_inputs!A2="",All_global_list!C4,all_global_parameter_inputs!A2) -> cycling_met | D5: =IF(all_global_parameter_inputs!B2="","",all_global_parameter_inputs!B2) -> constant | E5: =all_global_parameter_inputs!C2 -> 6.8 | F5: =IF(OR(D5="alpha",D5="beta",D5="sd",D5="mean"),"--",VLOOKUP(B5,Default!$B:$H,7,FALSE)) -> 6.8 | G5: =VLOOKUP(B5,Lookup!$C:$D,2, FALSE) -> PA values | H5: =VLOOKUP(B5,Default!$B:$E,4, FALSE) -> MET value associated with cycling | I5: Compendium of physical activity 01011 https://sites.google.com/site/compendiumofphysicalactivities/Activity-Categories/transportation?authuser=1
B6: cycling_met | C6: =IF(all_global_parameter_inputs!A3="",All_global_list!C5,all_global_parameter_inputs!A3) -> cycling_met | D6: =IF(all_global_parameter_inputs!B3="","",all_global_parameter_inputs!B3) -> mean | E6: =all_global_parameter_inputs!C3 -> 0 | F6: =IF(OR(D6="alpha",D6="beta",D6="sd",D6="mean"),"--",VLOOKUP(B6,Default!$B:$H,7,FALSE)) -> -- | G6: =VLOOKUP(B6,Lookup!$C:$D,2, FALSE) -> PA values | H6: =VLOOKUP(B6,Default!$B:$E,4, FALSE) -> MET value associated with cycling
B7: cycling_met | C7: =IF(all_global_parameter_inputs!A4="",All_global_list!C6,all_global_parameter_inputs!A4) -> cycling_met | D7: =IF(all_global_parameter_inputs!B4="","",all_global_parameter_inputs!B4) -> sd | E7: =all_global_parameter_inputs!C4 -> 0 | F7: =IF(OR(D7="alpha",D7="beta",D7="sd",D7="mean"),"--",VLOOKUP(B7,Default!$B:$H,7,FALSE)) -> -- | G7: =VLOOKUP(B7,Lookup!$C:$D,2, FALSE) -> PA values | H7: =VLOOKUP(B7,Default!$B:$E,4, FALSE) -> MET value associated with cycling
B8: walking_met | C8: =IF(all_global_parameter_inputs!A5="",All_global_list!C7,all_global_parameter_inputs!A5) -> walking_met | D8: =IF(all_global_parameter_inputs!B5="","",all_global_parameter_inputs!B5) -> constant | E8: =all_global_parameter_inputs!C5 -> 3.5 | F8: =IF(OR(D8="alpha",D8="beta",D8="sd",D8="mean"),"--",VLOOKUP(B8,Default!$B:$H,7,FALSE)) -> 3.5 | G8: =VLOOKUP(B8,Lookup!$C:$D,2, FALSE) -> PA values | H8: =VLOOKUP(B8,Default!$B:$E,4, FALSE) -> MET value associated with walking | I8: Compendium of physical activity 16060 https://sites.google.com/site/compendiumofphysicalactivities/Activity-Categories/transportation?authuser=0
B9: walking_met | C9: =IF(all_global_parameter_inputs!A6="",All_global_list!C8,all_global_parameter_inputs!A6) -> walking_met | D9: =IF(all_global_parameter_inputs!B6="","",all_global_parameter_inputs!B6) -> mean | E9: =all_global_parameter_inputs!C6 -> 0 | F9: =IF(OR(D9="alpha",D9="beta",D9="sd",D9="mean"),"--",VLOOKUP(B9,Default!$B:$H,7,FALSE)) -> -- | G9: =VLOOKUP(B9,Lookup!$C:$D,2, FALSE) -> PA values | H9: =VLOOKUP(B9,Default!$B:$E,4, FALSE) -> MET value associated with walking
B10: walking_met | C10: =IF(all_global_parameter_inputs!A7="",All_global_list!C9,all_global_parameter_inputs!A7) -> walking_met | D10: =IF(all_global_parameter_inputs!B7="","",all_global_parameter_inputs!B7) -> sd | E10: =all_global_parameter_inputs!C7 -> 0 | F10: =IF(OR(D10="alpha",D10="beta",D10="sd",D10="mean"),"--",VLOOKUP(B10,Default!$B:$H,7,FALSE)) -> -- | G10: =VLOOKUP(B10,Lookup!$C:$D,2, FALSE) -> PA values | H10: =VLOOKUP(B10,Default!$B:$E,4, FALSE) -> MET value associated with walking
B11: passenger_met | C11: =IF(all_global_parameter_inputs!A8="",All_global_list!C10,all_global_parameter_inputs!A8) -> passenger_met | D11: =IF(all_global_parameter_inputs!B8="","",all_global_parameter_inputs!B8) -> constant | E11: =all_global_parameter_inputs!C8 -> 1.3 | F11: =IF(OR(D11="alpha",D11="beta",D11="sd",D11="mean"),"--",VLOOKUP(B11,Default!$B:$H,7,FALSE)) -> 1.3 | G11: =VLOOKUP(B11,Lookup!$C:$D,2, FALSE) -> PA values | H11: =VLOOKUP(B11,Default!$B:$E,4, FALSE) -> MET value associated with being a passenger on public transport | I11: Compendium of physical activity 16015-15016 https://sites.google.com/site/compendiumofphysicalactivities/Activity-Categories/transportation?authuser=1
B12: passenger_met | C12: =IF(all_global_parameter_inputs!A9="",All_global_list!C11,all_global_parameter_inputs!A9) -> passenger_met | D12: =IF(all_global_parameter_inputs!B9="","",all_global_parameter_inputs!B9) -> mean | E12: =all_global_parameter_inputs!C9 -> 0 | F12: =IF(OR(D12="alpha",D12="beta",D12="sd",D12="mean"),"--",VLOOKUP(B12,Default!$B:$H,7,FALSE)) -> -- | G12: =VLOOKUP(B12,Lookup!$C:$D,2, FALSE) -> PA values | H12: =VLOOKUP(B12,Default!$B:$E,4, FALSE) -> MET value associated with being a passenger on public transport
B13: passenger_met | C13: =IF(all_global_parameter_inputs!A10="",All_global_list!C12,all_global_parameter_inputs!A10) -> passenger_met | D13: =IF(all_global_parameter_inputs!B10="","",all_global_parameter_inputs!B10) -> sd | E13: =all_global_parameter_inputs!C10 -> 0 | F13: =IF(OR(D13="alpha",D13="beta",D13="sd",D13="mean"),"--",VLOOKUP(B13,Default!$B:$H,7,FALSE)) -> -- | G13: =VLOOKUP(B13,Lookup!$C:$D,2, FALSE) -> PA values | H13: =VLOOKUP(B13,Default!$B:$E,4, FALSE) -> MET value associated with being a passenger on public transport
B14: car_driver_met | C14: =IF(all_global_parameter_inputs!A11="",All_global_list!C13,all_global_parameter_inputs!A11) -> car_driver_met | D14: =IF(all_global_parameter_inputs!B11="","",all_global_parameter_inputs!B11) -> constant | E14: =all_global_parameter_inputs!C11 -> 2.5 | F14: =IF(OR(D14="alpha",D14="beta",D14="sd",D14="mean"),"--",VLOOKUP(B14,Default!$B:$H,7,FALSE)) -> 2.5 | G14: =VLOOKUP(B14,Lookup!$C:$D,2, FALSE) -> PA values | H14: =VLOOKUP(B14,Default!$B:$E,4, FALSE) -> MET value associated with being a car driver | I14: Compendium of physical activity 16010 https://sites.google.com/site/compendiumofphysicalactivities/Activity-Categories/transportation?authuser=2
B15: car_driver_met | C15: =IF(all_global_parameter_inputs!A12="",All_global_list!C14,all_global_parameter_inputs!A12) -> car_driver_met | D15: =IF(all_global_parameter_inputs!B12="","",all_global_parameter_inputs!B12) -> mean | E15: =all_global_parameter_inputs!C12 -> 0 | F15: =IF(OR(D15="alpha",D15="beta",D15="sd",D15="mean"),"--",VLOOKUP(B15,Default!$B:$H,7,FALSE)) -> -- | G15: =VLOOKUP(B15,Lookup!$C:$D,2, FALSE) -> PA values | H15: =VLOOKUP(B15,Default!$B:$E,4, FALSE) -> MET value associated with being a car driver
B16: car_driver_met | C16: =IF(all_global_parameter_inputs!A13="",All_global_list!C15,all_global_parameter_inputs!A13) -> car_driver_met | D16: =IF(all_global_parameter_inputs!B13="","",all_global_parameter_inputs!B13) -> sd | E16: =all_global_parameter_inputs!C13 -> 0 | F16: =IF(OR(D16="alpha",D16="beta",D16="sd",D16="mean"),"--",VLOOKUP(B16,Default!$B:$H,7,FALSE)) -> -- | G16: =VLOOKUP(B16,Lookup!$C:$D,2, FALSE) -> PA values | H16: =VLOOKUP(B16,Default!$B:$E,4, FALSE) -> MET value associated with being a car driver
B17: motorcyclist_met | C17: =IF(all_global_parameter_inputs!A14="",All_global_list!C16,all_global_parameter_inputs!A14) -> motorcyclist_met | D17: =IF(all_global_parameter_inputs!B14="","",all_global_parameter_inputs!B14) -> constant | E17: =all_global_parameter_inputs!C14 -> 2.8 | F17: =IF(OR(D17="alpha",D17="beta",D17="sd",D17="mean"),"--",VLOOKUP(B17,Default!$B:$H,7,FALSE)) -> 2.8 | G17: =VLOOKUP(B17,Lookup!$C:$D,2, FALSE) -> PA values | H17: =VLOOKUP(B17,Default!$B:$E,4, FALSE) -> MET value associated with being a motorcyclist | I17: Compendium of physical activity 16030 https://sites.google.com/site/compendiumofphysicalactivities/Activity-Categories/transportation?authuser=3
B18: motorcyclist_met | C18: =IF(all_global_parameter_inputs!A15="",All_global_list!C17,all_global_parameter_inputs!A15) -> motorcyclist_met | D18: =IF(all_global_parameter_inputs!B15="","",all_global_parameter_inputs!B15) -> mean | E18: =all_global_parameter_inputs!C15 -> 0 | F18: =IF(OR(D18="alpha",D18="beta",D18="sd",D18="mean"),"--",VLOOKUP(B18,Default!$B:$H,7,FALSE)) -> -- | G18: =VLOOKUP(B18,Lookup!$C:$D,2, FALSE) -> PA values | H18: =VLOOKUP(B18,Default!$B:$E,4, FALSE) -> MET value associated with being a motorcyclist
B19: motorcyclist_met | C19: =IF(all_global_parameter_inputs!A16="",All_global_list!C18,all_global_parameter_inputs!A16) -> motorcyclist_met | D19: =IF(all_global_parameter_inputs!B16="","",all_global_parameter_inputs!B16) -> sd | E19: =all_global_parameter_inputs!C16 -> 0 | F19: =IF(OR(D19="alpha",D19="beta",D19="sd",D19="mean"),"--",VLOOKUP(B19,Default!$B:$H,7,FALSE)) -> -- | G19: =VLOOKUP(B19,Lookup!$C:$D,2, FALSE) -> PA values | H19: =VLOOKUP(B19,Default!$B:$E,4, FALSE) -> MET value associated with being a motorcyclist
